-- phpMyAdmin SQL Dump
-- version 5.2.1
-- https://www.phpmyadmin.net/
--
-- Hôte : 127.0.0.1:3306
-- Généré le : jeu. 04 déc. 2025 à 11:09
-- Version du serveur : 9.1.0
-- Version de PHP : 7.4.33

SET SQL_MODE = "NO_AUTO_VALUE_ON_ZERO";
START TRANSACTION;
SET time_zone = "+00:00";


/*!40101 SET @OLD_CHARACTER_SET_CLIENT=@@CHARACTER_SET_CLIENT */;
/*!40101 SET @OLD_CHARACTER_SET_RESULTS=@@CHARACTER_SET_RESULTS */;
/*!40101 SET @OLD_COLLATION_CONNECTION=@@COLLATION_CONNECTION */;
/*!40101 SET NAMES utf8mb4 */;

--
-- Base de données : `omeka`
--

-- --------------------------------------------------------

--
-- Structure de la table `api_key`
--

DROP TABLE IF EXISTS `api_key`;
CREATE TABLE IF NOT EXISTS `api_key` (
  `id` varchar(32) CHARACTER SET utf8mb4 COLLATE utf8mb4_unicode_ci NOT NULL,
  `owner_id` int NOT NULL,
  `label` varchar(255) CHARACTER SET utf8mb4 COLLATE utf8mb4_unicode_ci NOT NULL,
  `credential_hash` varchar(60) CHARACTER SET utf8mb4 COLLATE utf8mb4_unicode_ci NOT NULL,
  `last_ip` varbinary(16) DEFAULT NULL COMMENT '(DC2Type:ip_address)',
  `last_accessed` datetime DEFAULT NULL,
  `created` datetime NOT NULL,
  PRIMARY KEY (`id`),
  KEY `IDX_C912ED9D7E3C61F9` (`owner_id`)
) ENGINE=InnoDB DEFAULT CHARSET=utf8mb4 COLLATE=utf8mb4_unicode_ci;

--
-- Déchargement des données de la table `api_key`
--

INSERT INTO `api_key` (`id`, `owner_id`, `label`, `credential_hash`, `last_ip`, `last_accessed`, `created`) VALUES
('v93tumeJwroU6cKf7hkIDjgVr5FFZHBn', 1, 'apiOmk_test', '$2y$10$RwnDo96bkLoYeEpmZO.SmOwzpwMPfpVgRECJyWkd9klDmKZTeI6/6', 0x00000000000000000000000000000001, '2025-12-04 10:51:53', '2025-10-21 09:22:12');

-- --------------------------------------------------------

--
-- Structure de la table `asset`
--

DROP TABLE IF EXISTS `asset`;
CREATE TABLE IF NOT EXISTS `asset` (
  `id` int NOT NULL AUTO_INCREMENT,
  `owner_id` int DEFAULT NULL,
  `name` varchar(255) CHARACTER SET utf8mb4 COLLATE utf8mb4_unicode_ci NOT NULL,
  `media_type` varchar(255) CHARACTER SET utf8mb4 COLLATE utf8mb4_unicode_ci NOT NULL,
  `storage_id` varchar(190) CHARACTER SET utf8mb4 COLLATE utf8mb4_unicode_ci NOT NULL,
  `extension` varchar(255) CHARACTER SET utf8mb4 COLLATE utf8mb4_unicode_ci DEFAULT NULL,
  `alt_text` longtext CHARACTER SET utf8mb4 COLLATE utf8mb4_unicode_ci,
  PRIMARY KEY (`id`),
  UNIQUE KEY `UNIQ_2AF5A5C5CC5DB90` (`storage_id`),
  KEY `IDX_2AF5A5C7E3C61F9` (`owner_id`)
) ENGINE=InnoDB DEFAULT CHARSET=utf8mb4 COLLATE=utf8mb4_unicode_ci;

-- --------------------------------------------------------

--
-- Structure de la table `csvimport_entity`
--

DROP TABLE IF EXISTS `csvimport_entity`;
CREATE TABLE IF NOT EXISTS `csvimport_entity` (
  `id` int NOT NULL AUTO_INCREMENT,
  `job_id` int NOT NULL,
  `entity_id` int NOT NULL,
  `resource_type` varchar(255) COLLATE utf8mb4_unicode_ci NOT NULL,
  PRIMARY KEY (`id`),
  KEY `IDX_84D382F4BE04EA9` (`job_id`)
) ENGINE=InnoDB AUTO_INCREMENT=29 DEFAULT CHARSET=utf8mb4 COLLATE=utf8mb4_unicode_ci;

--
-- Déchargement des données de la table `csvimport_entity`
--

INSERT INTO `csvimport_entity` (`id`, `job_id`, `entity_id`, `resource_type`) VALUES
(1, 22, 19, 'items'),
(2, 22, 20, 'items'),
(3, 22, 21, 'items'),
(4, 22, 22, 'items'),
(5, 22, 23, 'items'),
(6, 23, 24, 'items'),
(7, 23, 25, 'items'),
(8, 23, 26, 'items'),
(9, 23, 27, 'items'),
(10, 23, 28, 'items'),
(11, 24, 29, 'items'),
(12, 24, 30, 'items'),
(13, 24, 31, 'items'),
(14, 24, 32, 'items'),
(15, 24, 33, 'items'),
(16, 25, 34, 'items'),
(17, 25, 35, 'items'),
(18, 25, 36, 'items'),
(19, 25, 37, 'items'),
(20, 25, 38, 'items'),
(21, 26, 39, 'items'),
(22, 26, 40, 'items'),
(23, 26, 41, 'items'),
(24, 26, 42, 'items'),
(25, 26, 43, 'items'),
(26, 27, 44, 'items'),
(27, 27, 45, 'items'),
(28, 27, 46, 'items');

-- --------------------------------------------------------

--
-- Structure de la table `csvimport_import`
--

DROP TABLE IF EXISTS `csvimport_import`;
CREATE TABLE IF NOT EXISTS `csvimport_import` (
  `id` int NOT NULL AUTO_INCREMENT,
  `job_id` int NOT NULL,
  `undo_job_id` int DEFAULT NULL,
  `comment` varchar(255) COLLATE utf8mb4_unicode_ci DEFAULT NULL,
  `resource_type` varchar(255) COLLATE utf8mb4_unicode_ci NOT NULL,
  `has_err` tinyint(1) NOT NULL,
  `stats` longtext COLLATE utf8mb4_unicode_ci NOT NULL COMMENT '(DC2Type:json_array)',
  PRIMARY KEY (`id`),
  UNIQUE KEY `UNIQ_17B50881BE04EA9` (`job_id`),
  UNIQUE KEY `UNIQ_17B508814C276F75` (`undo_job_id`)
) ENGINE=InnoDB AUTO_INCREMENT=7 DEFAULT CHARSET=utf8mb4 COLLATE=utf8mb4_unicode_ci;

--
-- Déchargement des données de la table `csvimport_import`
--

INSERT INTO `csvimport_import` (`id`, `job_id`, `undo_job_id`, `comment`, `resource_type`, `has_err`, `stats`) VALUES
(1, 22, NULL, '', 'items', 0, '{\"added\":{\"items\":5}}'),
(2, 23, NULL, '', 'items', 0, '{\"added\":{\"items\":5}}'),
(3, 24, NULL, '', 'items', 0, '{\"added\":{\"items\":5}}'),
(4, 25, NULL, '', 'items', 0, '{\"added\":{\"items\":5}}'),
(5, 26, NULL, '', 'items', 0, '{\"added\":{\"items\":5}}'),
(6, 27, NULL, '', 'items', 0, '{\"added\":{\"items\":3}}');

-- --------------------------------------------------------

--
-- Structure de la table `fulltext_search`
--

DROP TABLE IF EXISTS `fulltext_search`;
CREATE TABLE IF NOT EXISTS `fulltext_search` (
  `id` int NOT NULL,
  `resource` varchar(190) CHARACTER SET utf8mb4 COLLATE utf8mb4_unicode_ci NOT NULL,
  `owner_id` int DEFAULT NULL,
  `is_public` tinyint(1) NOT NULL,
  `title` longtext CHARACTER SET utf8mb4 COLLATE utf8mb4_unicode_ci,
  `text` longtext CHARACTER SET utf8mb4 COLLATE utf8mb4_unicode_ci,
  PRIMARY KEY (`id`,`resource`),
  KEY `IDX_AA31FE4A7E3C61F9` (`owner_id`)
) ENGINE=InnoDB DEFAULT CHARSET=utf8mb4 COLLATE=utf8mb4_unicode_ci;

--
-- Déchargement des données de la table `fulltext_search`
--

INSERT INTO `fulltext_search` (`id`, `resource`, `owner_id`, `is_public`, `title`, `text`) VALUES
(24, 'items', 1, 1, 'John Lennon', 'John Lennon'),
(25, 'items', 1, 1, 'Queen', 'Queen'),
(26, 'items', 1, 1, 'Daft Punk', 'Daft Punk'),
(27, 'items', 1, 1, 'Adele', 'Adele'),
(28, 'items', 1, 1, 'Coldplay', 'Coldplay'),
(29, 'items', 1, 1, NULL, 'Imagine\n2025-10-16 10:00:00\nImagine'),
(30, 'items', 1, 1, NULL, 'Queen\n2025-10-16 10:05:00\nBohemian Rhapsody'),
(31, 'items', 1, 1, NULL, 'Daft Punk\n2025-10-16 10:10:00\nOne More Time'),
(32, 'items', 1, 1, NULL, 'Adele\n2025-10-16 10:15:00\nHello'),
(33, 'items', 1, 1, NULL, 'Coldplay\n2025-10-16 10:20:00\nYellow'),
(34, 'items', 1, 1, NULL, 'Imagine\nacceptée'),
(35, 'items', 1, 1, NULL, 'Bohemian Rhapsody\nignorée'),
(36, 'items', 1, 1, NULL, 'One More Time\nacceptée'),
(37, 'items', 1, 1, NULL, 'Hello\nacceptée'),
(38, 'items', 1, 1, NULL, 'Yellow\nignorée'),
(39, 'items', 1, 1, NULL, 'Imagine\n1971\nimagine.mp3\nJohn Lennon'),
(40, 'items', 1, 1, NULL, 'Bohemian Rhapsody\n1975\nbohemian.mp3\nQueen'),
(41, 'items', 1, 1, NULL, 'One More Time\n2000\nonemoretime.mp3\nDaft Punk'),
(42, 'items', 1, 1, NULL, 'Hello\n2015\nhello.mp3\nAdele'),
(43, 'items', 1, 1, NULL, 'Yellow\n2000\nyellow.mp3\nColdplay'),
(44, 'items', 1, 1, NULL, 'Alice\nalice@example.com\nétudiant'),
(45, 'items', 1, 1, NULL, 'Bob\nbob@example.com\nadmin'),
(46, 'items', 1, 1, NULL, 'Charlie\ncharlie@example.com\nétudiant');

-- --------------------------------------------------------

--
-- Structure de la table `item`
--

DROP TABLE IF EXISTS `item`;
CREATE TABLE IF NOT EXISTS `item` (
  `id` int NOT NULL,
  `primary_media_id` int DEFAULT NULL,
  PRIMARY KEY (`id`),
  KEY `IDX_1F1B251ECBE0B084` (`primary_media_id`)
) ENGINE=InnoDB DEFAULT CHARSET=utf8mb4 COLLATE=utf8mb4_unicode_ci;

--
-- Déchargement des données de la table `item`
--

INSERT INTO `item` (`id`, `primary_media_id`) VALUES
(24, NULL),
(25, NULL),
(26, NULL),
(27, NULL),
(28, NULL),
(29, NULL),
(30, NULL),
(31, NULL),
(32, NULL),
(33, NULL),
(34, NULL),
(35, NULL),
(36, NULL),
(37, NULL),
(38, NULL),
(39, NULL),
(40, NULL),
(41, NULL),
(42, NULL),
(43, NULL),
(44, NULL),
(45, NULL),
(46, NULL);

-- --------------------------------------------------------

--
-- Structure de la table `item_item_set`
--

DROP TABLE IF EXISTS `item_item_set`;
CREATE TABLE IF NOT EXISTS `item_item_set` (
  `item_id` int NOT NULL,
  `item_set_id` int NOT NULL,
  PRIMARY KEY (`item_id`,`item_set_id`),
  KEY `IDX_6D0C9625126F525E` (`item_id`),
  KEY `IDX_6D0C9625960278D7` (`item_set_id`)
) ENGINE=InnoDB DEFAULT CHARSET=utf8mb4 COLLATE=utf8mb4_unicode_ci;

-- --------------------------------------------------------

--
-- Structure de la table `item_set`
--

DROP TABLE IF EXISTS `item_set`;
CREATE TABLE IF NOT EXISTS `item_set` (
  `id` int NOT NULL,
  `is_open` tinyint(1) NOT NULL,
  PRIMARY KEY (`id`)
) ENGINE=InnoDB DEFAULT CHARSET=utf8mb4 COLLATE=utf8mb4_unicode_ci;

-- --------------------------------------------------------

--
-- Structure de la table `item_site`
--

DROP TABLE IF EXISTS `item_site`;
CREATE TABLE IF NOT EXISTS `item_site` (
  `item_id` int NOT NULL,
  `site_id` int NOT NULL,
  PRIMARY KEY (`item_id`,`site_id`),
  KEY `IDX_A1734D1F126F525E` (`item_id`),
  KEY `IDX_A1734D1FF6BD1646` (`site_id`)
) ENGINE=InnoDB DEFAULT CHARSET=utf8mb4 COLLATE=utf8mb4_unicode_ci;

-- --------------------------------------------------------

--
-- Structure de la table `job`
--

DROP TABLE IF EXISTS `job`;
CREATE TABLE IF NOT EXISTS `job` (
  `id` int NOT NULL AUTO_INCREMENT,
  `owner_id` int DEFAULT NULL,
  `pid` varchar(255) CHARACTER SET utf8mb4 COLLATE utf8mb4_unicode_ci DEFAULT NULL,
  `status` varchar(255) CHARACTER SET utf8mb4 COLLATE utf8mb4_unicode_ci DEFAULT NULL,
  `class` varchar(255) CHARACTER SET utf8mb4 COLLATE utf8mb4_unicode_ci NOT NULL,
  `args` longtext CHARACTER SET utf8mb4 COLLATE utf8mb4_unicode_ci COMMENT '(DC2Type:json_array)',
  `log` longtext CHARACTER SET utf8mb4 COLLATE utf8mb4_unicode_ci,
  `started` datetime NOT NULL,
  `ended` datetime DEFAULT NULL,
  PRIMARY KEY (`id`),
  KEY `IDX_FBD8E0F87E3C61F9` (`owner_id`)
) ENGINE=InnoDB AUTO_INCREMENT=28 DEFAULT CHARSET=utf8mb4 COLLATE=utf8mb4_unicode_ci;

--
-- Déchargement des données de la table `job`
--

INSERT INTO `job` (`id`, `owner_id`, `pid`, `status`, `class`, `args`, `log`, `started`, `ended`) VALUES
(1, 1, NULL, 'error', 'CSVImport\\Job\\Import', '{\"filename\":\"Artiste.csv\",\"filesize\":\"60\",\"filepath\":\"C:\\\\Windows\\\\Temp\\\\ome7BA5.tmp\",\"media_type\":\"text\\/csv\",\"resource_type\":\"items\",\"comment\":\"\",\"automap_check_names_alone\":true,\"column\":[\"nomArtiste\"],\"column-property\":[{\"pandore:nomArtiste\":189}],\"generic-data\":\"default\",\"media-source\":\"default\",\"resource-identifier-property\":\"\",\"o:resource_template\":\"\",\"o:resource_class\":\"\",\"o:owner\":{\"o:id\":1},\"o:is_public\":1,\"multivalue_separator\":\",\",\"global_language\":\"\",\"action\":\"create\",\"identifier_column\":0,\"identifier_property\":\"\",\"action_unidentified\":\"skip\",\"rows_by_batch\":20,\"column-multivalue\":[],\"delimiter\":\";\",\"enclosure\":\"\\\"\",\"escape\":\"\\\\\"}', '2025-10-16T16:03:18+00:00 ERR (3): \'command\' n\'est pas reconnu en tant que commande interne\r\nou externe, un programme ex', '2025-10-16 16:03:18', '2025-10-16 16:03:18'),
(2, 1, NULL, 'error', 'CSVImport\\Job\\Import', '{\"filename\":\"Artiste.csv\",\"filesize\":\"60\",\"filepath\":\"C:\\\\Windows\\\\Temp\\\\ome451.tmp\",\"media_type\":\"text\\/csv\",\"resource_type\":\"items\",\"comment\":\"\",\"automap_check_names_alone\":true,\"column\":[\"nomArtiste\"],\"column-property\":[{\"pandore:nomArtiste\":189}],\"generic-data\":\"default\",\"media-source\":\"default\",\"resource-identifier-property\":\"\",\"o:resource_template\":{\"o:id\":3},\"o:resource_class\":\"\",\"o:owner\":{\"o:id\":1},\"o:is_public\":1,\"multivalue_separator\":\",\",\"global_language\":\"\",\"action\":\"create\",\"identifier_column\":0,\"identifier_property\":\"\",\"action_unidentified\":\"skip\",\"rows_by_batch\":20,\"column-multivalue\":[],\"delimiter\":\";\",\"enclosure\":\"\\\"\",\"escape\":\"\\\\\"}', '2025-10-16T16:08:44+00:00 ERR (3): \'command\' n\'est pas reconnu en tant que commande interne\r\nou externe, un programme ex', '2025-10-16 16:08:44', '2025-10-16 16:08:44'),
(3, 1, NULL, 'error', 'CSVImport\\Job\\Import', '{\"filename\":\"Artiste.csv\",\"filesize\":\"60\",\"filepath\":\"C:\\\\Windows\\\\Temp\\\\ome7218.tmp\",\"media_type\":\"text\\/csv\",\"resource_type\":\"items\",\"comment\":\"\",\"automap_check_names_alone\":true,\"column\":[\"nomArtiste\"],\"column-property\":[{\"pandore:nomArtiste\":189}],\"generic-data\":\"default\",\"media-source\":\"default\",\"resource-identifier-property\":\"\",\"o:resource_template\":{\"o:id\":3},\"o:resource_class\":{\"o:id\":108},\"o:owner\":{\"o:id\":1},\"o:is_public\":1,\"multivalue_separator\":\";\",\"global_language\":\"\",\"action\":\"create\",\"identifier_column\":0,\"identifier_property\":\"\",\"action_unidentified\":\"skip\",\"rows_by_batch\":20,\"column-multivalue\":[],\"delimiter\":\";\",\"enclosure\":\"\\\"\",\"escape\":\"\\\\\"}', '2025-10-16T16:11:43+00:00 ERR (3): \'command\' n\'est pas reconnu en tant que commande interne\r\nou externe, un programme ex', '2025-10-16 16:11:43', '2025-10-16 16:11:43'),
(4, 1, NULL, 'error', 'CSVImport\\Job\\Import', '{\"filename\":\"Artiste.csv\",\"filesize\":\"58\",\"filepath\":\"C:\\\\Windows\\\\Temp\\\\omeFC2E.tmp\",\"media_type\":\"text\\/csv\",\"resource_type\":\"items\",\"comment\":\"\",\"automap_check_names_alone\":true,\"column\":[\"nomArtiste\"],\"column-property\":[{\"pandore:nomArtiste\":189}],\"generic-data\":\"default\",\"media-source\":\"default\",\"resource-identifier-property\":\"\",\"o:resource_template\":{\"o:id\":3},\"o:resource_class\":\"\",\"o:owner\":{\"o:id\":1},\"o:is_public\":1,\"multivalue_separator\":\";\",\"global_language\":\"\",\"action\":\"create\",\"identifier_column\":0,\"identifier_property\":\"\",\"action_unidentified\":\"skip\",\"rows_by_batch\":20,\"column-multivalue\":[],\"delimiter\":\";\",\"enclosure\":\"\\\"\",\"escape\":\"\\\\\"}', '2025-10-16T18:20:59+00:00 ERR (3): \'command\' n\'est pas reconnu en tant que commande interne\r\nou externe, un programme ex', '2025-10-16 18:20:59', '2025-10-16 18:20:59'),
(5, 1, NULL, 'error', 'CSVImport\\Job\\Import', '{\"filename\":\"Artiste.csv\",\"filesize\":\"58\",\"filepath\":\"C:\\\\Windows\\\\Temp\\\\omeC183.tmp\",\"media_type\":\"text\\/csv\",\"resource_type\":\"items\",\"comment\":\"\",\"automap_check_names_alone\":true,\"column-property\":[{\"pandore:nomArtiste\":189}],\"column-item_set\":[\"pandore:nomArtiste\"],\"generic-data\":\"default\",\"media-source\":\"default\",\"resource-identifier-property\":\"\",\"o:resource_template\":\"\",\"o:resource_class\":\"\",\"o:owner\":{\"o:id\":1},\"o:is_public\":1,\"multivalue_separator\":\";\",\"global_language\":\"\",\"action\":\"create\",\"identifier_column\":0,\"identifier_property\":\"\",\"action_unidentified\":\"skip\",\"rows_by_batch\":20,\"column-multivalue\":[],\"delimiter\":\";\",\"enclosure\":\"\\\"\",\"escape\":\"\\\\\"}', '2025-10-16T18:23:14+00:00 ERR (3): \'command\' n\'est pas reconnu en tant que commande interne\r\nou externe, un programme ex', '2025-10-16 18:23:14', '2025-10-16 18:23:14'),
(6, 1, NULL, 'error', 'CSVImport\\Job\\Import', '{\"filename\":\"Artiste.csv\",\"filesize\":\"58\",\"filepath\":\"C:\\\\Windows\\\\Temp\\\\omeEED5.tmp\",\"media_type\":\"text\\/csv\",\"resource_type\":\"items\",\"comment\":\"\",\"automap_check_names_alone\":true,\"column\":[\"nomArtiste\"],\"column-property\":[{\"pandore:nomArtiste\":189}],\"generic-data\":\"default\",\"media-source\":\"default\",\"resource-identifier-property\":\"\",\"o:resource_template\":{\"o:id\":3},\"o:resource_class\":\"\",\"o:owner\":{\"o:id\":1},\"o:is_public\":1,\"multivalue_separator\":\";\",\"global_language\":\"\",\"action\":\"create\",\"identifier_column\":0,\"identifier_property\":\"\",\"action_unidentified\":\"skip\",\"rows_by_batch\":20,\"column-multivalue\":[],\"delimiter\":\";\",\"enclosure\":\"\\\"\",\"escape\":\"\\\\\"}', '2025-10-16T18:28:56+00:00 ERR (3): \'command\' n\'est pas reconnu en tant que commande interne\r\nou externe, un programme ex', '2025-10-16 18:28:56', '2025-10-16 18:28:56'),
(7, 1, NULL, 'error', 'CSVImport\\Job\\Import', '{\"filename\":\"Artiste.csv\",\"filesize\":\"58\",\"filepath\":\"C:\\\\Windows\\\\Temp\\\\ome5886.tmp\",\"media_type\":\"text\\/csv\",\"resource_type\":\"items\",\"comment\":\"\",\"automap_check_names_alone\":true,\"column\":[\"nomArtiste\"],\"column-property\":[{\"pandore:nomArtiste\":189}],\"generic-data\":\"default\",\"media-source\":\"default\",\"resource-identifier-property\":\"\",\"o:resource_template\":{\"o:id\":3},\"o:resource_class\":\"\",\"o:owner\":{\"o:id\":1},\"o:is_public\":1,\"multivalue_separator\":\";\",\"global_language\":\"\",\"action\":\"create\",\"identifier_column\":0,\"identifier_property\":\"\",\"action_unidentified\":\"skip\",\"rows_by_batch\":20,\"column-multivalue\":[],\"delimiter\":\";\",\"enclosure\":\"\\\"\",\"escape\":\"\\\\\"}', '2025-10-16T18:34:38+00:00 ERR (3): \'command\' n\'est pas reconnu en tant que commande interne\r\nou externe, un programme ex', '2025-10-16 18:34:38', '2025-10-16 18:34:38'),
(8, 1, NULL, 'error', 'CSVImport\\Job\\Import', '{\"filename\":\"Artiste.csv\",\"filesize\":\"58\",\"filepath\":\"C:\\\\Windows\\\\Temp\\\\ome9FB5.tmp\",\"media_type\":\"text\\/csv\",\"resource_type\":\"items\",\"comment\":\"\",\"automap_check_names_alone\":true,\"column\":[\"nomArtiste\"],\"column-property\":[{\"pandore:nomArtiste\":189}],\"generic-data\":\"default\",\"media-source\":\"default\",\"resource-identifier-property\":\"\",\"o:resource_template\":{\"o:id\":3},\"o:resource_class\":\"\",\"o:owner\":{\"o:id\":1},\"o:is_public\":1,\"multivalue_separator\":\";\",\"global_language\":\"\",\"action\":\"create\",\"identifier_column\":0,\"identifier_property\":\"\",\"action_unidentified\":\"skip\",\"rows_by_batch\":20,\"column-multivalue\":[],\"delimiter\":\";\",\"enclosure\":\"\\\"\",\"escape\":\"\\\\\"}', '2025-10-16T18:39:25+00:00 ERR (3): \'command\' n\'est pas reconnu en tant que commande interne\r\nou externe, un programme ex', '2025-10-16 18:39:25', '2025-10-16 18:39:25'),
(9, 1, NULL, 'error', 'CSVImport\\Job\\Import', '{\"filename\":\"Artiste.csv\",\"filesize\":\"58\",\"filepath\":\"C:\\\\Windows\\\\Temp\\\\ome6899.tmp\",\"media_type\":\"text\\/csv\",\"resource_type\":\"items\",\"comment\":\"\",\"automap_check_names_alone\":true,\"column\":[\"nomArtiste\"],\"column-property\":[{\"pandore:nomArtiste\":189}],\"generic-data\":\"default\",\"media-source\":\"default\",\"resource-identifier-property\":\"\",\"o:resource_template\":{\"o:id\":3},\"o:resource_class\":\"\",\"o:owner\":{\"o:id\":1},\"o:is_public\":1,\"multivalue_separator\":\";\",\"global_language\":\"\",\"action\":\"create\",\"identifier_column\":0,\"identifier_property\":\"\",\"action_unidentified\":\"skip\",\"rows_by_batch\":20,\"column-multivalue\":[],\"delimiter\":\";\",\"enclosure\":\"\\\"\",\"escape\":\"\\\\\"}', '2025-10-16T18:47:30+00:00 ERR (3): \'command\' n\'est pas reconnu en tant que commande interne\r\nou externe, un programme ex', '2025-10-16 18:47:30', '2025-10-16 18:47:30'),
(10, 1, NULL, 'error', 'CSVImport\\Job\\Import', '{\"filename\":\"Artiste.csv\",\"filesize\":\"58\",\"filepath\":\"C:\\\\Windows\\\\Temp\\\\ome1D6E.tmp\",\"media_type\":\"text\\/csv\",\"resource_type\":\"items\",\"comment\":\"\",\"automap_check_names_alone\":true,\"column\":[\"nomArtiste\"],\"column-property\":[{\"pandore:nomArtiste\":189}],\"generic-data\":\"default\",\"media-source\":\"default\",\"resource-identifier-property\":\"\",\"o:resource_template\":{\"o:id\":3},\"o:resource_class\":\"\",\"o:owner\":{\"o:id\":1},\"o:is_public\":1,\"multivalue_separator\":\";\",\"global_language\":\"\",\"action\":\"create\",\"identifier_column\":0,\"identifier_property\":\"\",\"action_unidentified\":\"skip\",\"rows_by_batch\":20,\"column-multivalue\":[],\"delimiter\":\";\",\"enclosure\":\"\\\"\",\"escape\":\"\\\\\"}', '2025-10-16T18:50:24+00:00 ERR (3): \'command\' n\'est pas reconnu en tant que commande interne\r\nou externe, un programme ex', '2025-10-16 18:50:24', '2025-10-16 18:50:24'),
(11, 1, NULL, 'error', 'CSVImport\\Job\\Import', '{\"filename\":\"Test_Artiste.csv\",\"filesize\":\"23\",\"filepath\":\"C:\\\\Windows\\\\Temp\\\\omeB273.tmp\",\"media_type\":\"text\\/csv\",\"resource_type\":\"items\",\"comment\":\"\",\"automap_check_names_alone\":true,\"column\":[\"nomArtiste\"],\"column-property\":[{\"pandore:nomArtiste\":189}],\"generic-data\":\"default\",\"media-source\":\"default\",\"resource-identifier-property\":\"\",\"o:resource_template\":{\"o:id\":3},\"o:resource_class\":\"\",\"o:owner\":{\"o:id\":1},\"o:is_public\":1,\"multivalue_separator\":\";\",\"global_language\":\"\",\"action\":\"create\",\"identifier_column\":0,\"identifier_property\":\"\",\"action_unidentified\":\"skip\",\"rows_by_batch\":20,\"column-multivalue\":[],\"delimiter\":\";\",\"enclosure\":\"\\\"\",\"escape\":\"\\\\\"}', '2025-10-16T18:53:18+00:00 ERR (3): \'command\' n\'est pas reconnu en tant que commande interne\r\nou externe, un programme ex', '2025-10-16 18:53:18', '2025-10-16 18:53:18'),
(12, 1, NULL, 'error', 'CSVImport\\Job\\Import', '{\"filename\":\"Artiste.csv\",\"filesize\":\"58\",\"filepath\":\"C:\\\\Windows\\\\Temp\\\\omeDAFF.tmp\",\"media_type\":\"text\\/csv\",\"resource_type\":\"items\",\"comment\":\"\",\"automap_check_names_alone\":true,\"column\":[\"nomArtiste\"],\"column-property\":[{\"pandore:nomArtiste\":189}],\"generic-data\":\"default\",\"media-source\":\"default\",\"resource-identifier-property\":\"\",\"o:resource_template\":{\"o:id\":3},\"o:resource_class\":{\"o:id\":108},\"o:owner\":{\"o:id\":1},\"o:is_public\":1,\"multivalue_separator\":\";\",\"global_language\":\"\",\"action\":\"create\",\"identifier_column\":0,\"identifier_property\":\"\",\"action_unidentified\":\"skip\",\"rows_by_batch\":20,\"column-multivalue\":[],\"delimiter\":\";\",\"enclosure\":\"\\\"\",\"escape\":\"\\\\\"}', '2025-10-17T15:38:52+00:00 ERR (3): \'command\' n\'est pas reconnu en tant que commande interne\r\nou externe, un programme ex', '2025-10-17 15:38:52', '2025-10-17 15:38:52'),
(13, 1, NULL, 'error', 'CSVImport\\Job\\Import', '{\"filename\":\"Artiste.csv\",\"filesize\":\"58\",\"filepath\":\"C:\\\\Windows\\\\Temp\\\\ome9DF9.tmp\",\"media_type\":\"text\\/csv\",\"resource_type\":\"items\",\"comment\":\"\",\"automap_check_names_alone\":true,\"column\":[\"nomArtiste\"],\"column-property\":[{\"pandore:nomArtiste\":189}],\"generic-data\":\"default\",\"media-source\":\"default\",\"resource-identifier-property\":\"\",\"o:resource_template\":{\"o:id\":3},\"o:resource_class\":{\"o:id\":108},\"o:owner\":{\"o:id\":1},\"o:is_public\":1,\"multivalue_separator\":\";\",\"global_language\":\"\",\"action\":\"create\",\"identifier_column\":0,\"identifier_property\":\"\",\"action_unidentified\":\"skip\",\"rows_by_batch\":20,\"column-multivalue\":[],\"delimiter\":\";\",\"enclosure\":\"\\\"\",\"escape\":\"\\\\\"}', '2025-10-17T15:41:50+00:00 ERR (3): \'command\' n\'est pas reconnu en tant que commande interne\r\nou externe, un programme ex', '2025-10-17 15:41:50', '2025-10-17 15:41:50'),
(14, 1, NULL, 'error', 'CSVImport\\Job\\Import', '{\"filename\":\"Artiste.csv\",\"filesize\":\"58\",\"filepath\":\"C:\\\\Windows\\\\Temp\\\\ome873A.tmp\",\"media_type\":\"text\\/csv\",\"resource_type\":\"items\",\"comment\":\"\",\"automap_check_names_alone\":true,\"column\":[\"nomArtiste\"],\"column-property\":[{\"pandore:nomArtiste\":189}],\"generic-data\":\"default\",\"media-source\":\"default\",\"resource-identifier-property\":\"\",\"o:resource_template\":{\"o:id\":3},\"o:resource_class\":{\"o:id\":108},\"o:owner\":{\"o:id\":1},\"o:is_public\":1,\"multivalue_separator\":\";\",\"global_language\":\"\",\"action\":\"create\",\"identifier_column\":0,\"identifier_property\":\"\",\"action_unidentified\":\"skip\",\"rows_by_batch\":20,\"column-multivalue\":[],\"delimiter\":\";\",\"enclosure\":\"\\\"\",\"escape\":\"\\\\\"}', '2025-10-17T15:47:03+00:00 ERR (3): \'command\' n\'est pas reconnu en tant que commande interne\r\nou externe, un programme ex', '2025-10-17 15:47:03', '2025-10-17 15:47:03'),
(15, 1, NULL, 'error', 'CSVImport\\Job\\Import', '{\"filename\":\"Test_Artiste.csv\",\"filesize\":\"23\",\"filepath\":\"C:\\\\Windows\\\\Temp\\\\omeD589.tmp\",\"media_type\":\"text\\/csv\",\"resource_type\":\"items\",\"comment\":\"\",\"automap_check_names_alone\":true,\"column\":[\"nomArtiste\"],\"column-property\":[{\"pandore:nomArtiste\":189}],\"generic-data\":\"default\",\"media-source\":\"default\",\"resource-identifier-property\":\"\",\"o:resource_template\":{\"o:id\":3},\"o:resource_class\":{\"o:id\":108},\"o:owner\":{\"o:id\":1},\"o:is_public\":1,\"multivalue_separator\":\";\",\"global_language\":\"\",\"action\":\"create\",\"identifier_column\":0,\"identifier_property\":\"\",\"action_unidentified\":\"skip\",\"rows_by_batch\":20,\"column-multivalue\":[],\"delimiter\":\";\",\"enclosure\":\"\\\"\",\"escape\":\"\\\\\"}', '2025-10-17T15:55:03+00:00 ERR (3): \'command\' n\'est pas reconnu en tant que commande interne\r\nou externe, un programme ex', '2025-10-17 15:55:03', '2025-10-17 15:55:03'),
(16, 1, NULL, 'error', 'CSVImport\\Job\\Import', '{\"filename\":\"Artiste.csv\",\"filesize\":\"58\",\"filepath\":\"C:\\\\Windows\\\\Temp\\\\ome7E52.tmp\",\"media_type\":\"text\\/csv\",\"resource_type\":\"items\",\"comment\":\"\",\"automap_check_names_alone\":true,\"column\":[\"nomArtiste\"],\"column-property\":[{\"pandore:nomArtiste\":189}],\"generic-data\":\"default\",\"media-source\":\"default\",\"resource-identifier-property\":\"\",\"o:resource_template\":{\"o:id\":3},\"o:resource_class\":{\"o:id\":108},\"o:owner\":{\"o:id\":1},\"o:is_public\":1,\"multivalue_separator\":\";\",\"global_language\":\"\",\"action\":\"create\",\"identifier_column\":0,\"identifier_property\":\"\",\"action_unidentified\":\"skip\",\"rows_by_batch\":20,\"column-multivalue\":[],\"delimiter\":\";\",\"enclosure\":\"\\\"\",\"escape\":\"\\\\\"}', '2025-10-17T16:01:14+00:00 ERR (3): \'command\' n\'est pas reconnu en tant que commande interne\r\nou externe, un programme ex', '2025-10-17 16:01:14', '2025-10-17 16:01:14'),
(17, 1, NULL, 'error', 'CSVImport\\Job\\Import', '{\"filename\":\"Artiste.csv\",\"filesize\":\"58\",\"filepath\":\"C:\\\\Windows\\\\Temp\\\\ome5D94.tmp\",\"media_type\":\"text\\/csv\",\"resource_type\":\"items\",\"comment\":\"\",\"automap_check_names_alone\":true,\"column-property\":[{\"pandore:nomArtiste\":189}],\"generic-data\":\"1\",\"media-source\":\"default\",\"resource-identifier-property\":\"\",\"o:resource_template\":\"\",\"o:resource_class\":\"\",\"o:owner\":{\"o:id\":1},\"o:is_public\":1,\"multivalue_separator\":\";\",\"global_language\":\"\",\"action\":\"create\",\"identifier_column\":0,\"identifier_property\":\"\",\"action_unidentified\":\"skip\",\"rows_by_batch\":20,\"column-multivalue\":[],\"delimiter\":\";\",\"enclosure\":\"\\\"\",\"escape\":\"\\\\\"}', '2025-10-28T11:51:34+00:00 ERR (3): \'command\' n\'est pas reconnu en tant que commande interne\r\nou externe, un programme ex', '2025-10-28 11:51:34', '2025-10-28 11:51:34'),
(18, 1, NULL, 'error', 'CSVImport\\Job\\Import', '{\"filename\":\"Artiste.csv\",\"filesize\":\"58\",\"filepath\":\"C:\\\\Windows\\\\Temp\\\\omeECFB.tmp\",\"media_type\":\"text\\/csv\",\"resource_type\":\"items\",\"comment\":\"\",\"automap_check_names_alone\":true,\"column\":[\"nomArtiste\"],\"column-property\":[{\"pandore:nomArtiste\":189}],\"generic-data\":\"default\",\"media-source\":\"default\",\"resource-identifier-property\":\"\",\"o:resource_template\":{\"o:id\":3},\"o:resource_class\":{\"o:id\":108},\"o:owner\":{\"o:id\":1},\"o:is_public\":1,\"multivalue_separator\":\";\",\"global_language\":\"\",\"action\":\"create\",\"identifier_column\":0,\"identifier_property\":\"\",\"action_unidentified\":\"skip\",\"rows_by_batch\":20,\"column-multivalue\":[],\"delimiter\":\";\",\"enclosure\":\"\\\"\",\"escape\":\"\\\\\"}', '2025-10-28T11:53:07+00:00 ERR (3): \'command\' n\'est pas reconnu en tant que commande interne\r\nou externe, un programme ex', '2025-10-28 11:53:07', '2025-10-28 11:53:07'),
(19, 1, NULL, 'error', 'CSVImport\\Job\\Import', '{\"filename\":\"Artiste.csv\",\"filesize\":\"58\",\"filepath\":\"C:\\\\Windows\\\\Temp\\\\omeD97F.tmp\",\"media_type\":\"text\\/csv\",\"resource_type\":\"items\",\"comment\":\"\",\"automap_check_names_alone\":true,\"column-property\":[{\"pandore:nomArtiste\":189}],\"generic-data\":\"default\",\"media-source\":\"default\",\"resource-identifier-property\":\"\",\"o:resource_template\":\"\",\"o:resource_class\":\"\",\"o:owner\":{\"o:id\":1},\"o:is_public\":1,\"multivalue_separator\":\";\",\"global_language\":\"\",\"action\":\"create\",\"identifier_column\":0,\"identifier_property\":\"\",\"action_unidentified\":\"skip\",\"rows_by_batch\":20,\"column-multivalue\":[],\"delimiter\":\";\",\"enclosure\":\"\\\"\",\"escape\":\"\\\\\"}', '2025-10-28T12:07:01+00:00 ERR (3): \'command\' n\'est pas reconnu en tant que commande interne\r\nou externe, un programme ex', '2025-10-28 12:07:01', '2025-10-28 12:07:01'),
(20, 1, NULL, 'error', 'CSVImport\\Job\\Import', '{\"filename\":\"Test_Artiste.csv\",\"filesize\":\"23\",\"filepath\":\"C:\\\\Windows\\\\Temp\\\\ome6929.tmp\",\"media_type\":\"text\\/csv\",\"resource_type\":\"items\",\"comment\":\"\",\"automap_check_names_alone\":true,\"column-property\":[{\"pandore:nomArtiste\":189}],\"generic-data\":\"default\",\"media-source\":\"default\",\"resource-identifier-property\":\"\",\"o:resource_template\":\"\",\"o:resource_class\":\"\",\"o:owner\":{\"o:id\":1},\"o:is_public\":1,\"multivalue_separator\":\";\",\"global_language\":\"\",\"action\":\"create\",\"identifier_column\":0,\"identifier_property\":\"\",\"action_unidentified\":\"skip\",\"rows_by_batch\":20,\"column-multivalue\":[],\"delimiter\":\";\",\"enclosure\":\"\\\"\",\"escape\":\"\\\\\"}', '2025-10-28T12:19:38+00:00 ERR (3): \'command\' n\'est pas reconnu en tant que commande interne\r\nou externe, un programme ex', '2025-10-28 12:19:38', '2025-10-28 12:19:38'),
(21, 1, NULL, 'error', 'CSVImport\\Job\\Import', '{\"filename\":\"Test_Artiste.csv\",\"filesize\":\"23\",\"filepath\":\"C:\\\\Windows\\\\Temp\\\\ome6606.tmp\",\"media_type\":\"text\\/csv\",\"resource_type\":\"items\",\"comment\":\"\",\"automap_check_names_alone\":true,\"column-property\":[{\"pandore:nomArtiste\":189}],\"generic-data\":\"default\",\"media-source\":\"default\",\"resource-identifier-property\":\"\",\"o:resource_template\":\"\",\"o:resource_class\":\"\",\"o:owner\":{\"o:id\":1},\"o:is_public\":1,\"multivalue_separator\":\";\",\"global_language\":\"\",\"action\":\"create\",\"identifier_column\":0,\"identifier_property\":\"\",\"action_unidentified\":\"skip\",\"rows_by_batch\":20,\"column-multivalue\":[],\"delimiter\":\";\",\"enclosure\":\"\\\"\",\"escape\":\"\\\\\"}', '2025-10-28T12:25:03+00:00 ERR (3): \'command\' n\'est pas reconnu en tant que commande interne\r\nou externe, un programme ex', '2025-10-28 12:25:03', '2025-10-28 12:25:03'),
(22, 1, '28696', 'completed', 'CSVImport\\Job\\Import', '{\"filename\":\"Artiste.csv\",\"filesize\":\"58\",\"filepath\":\"C:\\\\Windows\\\\Temp\\\\omeE0C3.tmp\",\"media_type\":\"text\\/csv\",\"resource_type\":\"items\",\"comment\":\"\",\"automap_check_names_alone\":true,\"column-property\":[{\"pandore:nomArtiste\":189}],\"generic-data\":\"default\",\"media-source\":\"default\",\"resource-identifier-property\":\"\",\"o:resource_template\":\"\",\"o:resource_class\":\"\",\"o:owner\":{\"o:id\":1},\"o:is_public\":1,\"multivalue_separator\":\";\",\"global_language\":\"\",\"action\":\"create\",\"identifier_column\":0,\"identifier_property\":\"\",\"action_unidentified\":\"skip\",\"rows_by_batch\":20,\"column-multivalue\":[],\"delimiter\":\";\",\"enclosure\":\"\\\"\",\"escape\":\"\\\\\"}', NULL, '2025-10-29 17:11:27', '2025-10-29 17:11:28'),
(23, 1, '26656', 'completed', 'CSVImport\\Job\\Import', '{\"filename\":\"Artiste.csv\",\"filesize\":\"58\",\"filepath\":\"C:\\\\Windows\\\\Temp\\\\ome70D6.tmp\",\"media_type\":\"text\\/csv\",\"resource_type\":\"items\",\"comment\":\"\",\"automap_check_names_alone\":true,\"column\":[\"nomArtiste\"],\"column-property\":[{\"pandore:nomArtiste\":189}],\"generic-data\":\"default\",\"media-source\":\"default\",\"resource-identifier-property\":\"\",\"o:resource_template\":{\"o:id\":3},\"o:resource_class\":{\"o:id\":108},\"o:owner\":{\"o:id\":1},\"o:is_public\":1,\"multivalue_separator\":\";\",\"global_language\":\"\",\"action\":\"create\",\"identifier_column\":0,\"identifier_property\":\"\",\"action_unidentified\":\"skip\",\"rows_by_batch\":20,\"column-multivalue\":[],\"delimiter\":\";\",\"enclosure\":\"\\\"\",\"escape\":\"\\\\\"}', NULL, '2025-10-29 17:14:24', '2025-10-29 17:14:24'),
(24, 1, '21704', 'completed', 'CSVImport\\Job\\Import', '{\"filename\":\"Recherche.csv\",\"filesize\":\"236\",\"filepath\":\"C:\\\\Windows\\\\Temp\\\\omeEC32.tmp\",\"media_type\":\"text\\/csv\",\"resource_type\":\"items\",\"comment\":\"\",\"automap_check_names_alone\":true,\"column\":[\"motCle\",\"dateRecherche\",\"correspondATitre\"],\"column-property\":[{\"pandore:motCle\":194},{\"pandore:dateRecherche\":195},{\"pandore:correspondATitre\":196}],\"generic-data\":\"default\",\"media-source\":\"default\",\"resource-identifier-property\":\"\",\"o:resource_template\":{\"o:id\":5},\"o:resource_class\":{\"o:id\":109},\"o:owner\":{\"o:id\":1},\"o:is_public\":1,\"multivalue_separator\":\";\",\"global_language\":\"\",\"action\":\"create\",\"identifier_column\":0,\"identifier_property\":\"\",\"action_unidentified\":\"skip\",\"rows_by_batch\":20,\"column-multivalue\":[],\"delimiter\":\";\",\"enclosure\":\"\\\"\",\"escape\":\"\\\\\"}', NULL, '2025-10-29 17:14:50', '2025-10-29 17:14:51'),
(25, 1, '18024', 'completed', 'CSVImport\\Job\\Import', '{\"filename\":\"Suggestion.csv\",\"filesize\":\"140\",\"filepath\":\"C:\\\\Windows\\\\Temp\\\\ome47B2.tmp\",\"media_type\":\"text\\/csv\",\"resource_type\":\"items\",\"comment\":\"\",\"automap_check_names_alone\":true,\"column\":[\"nomTitrePropose\",\"statutSuggestion\"],\"column-property\":[{\"pandore:nomTitrePropose\":197},{\"pandore:statutSuggestion\":198}],\"generic-data\":\"default\",\"media-source\":\"default\",\"resource-identifier-property\":\"\",\"o:resource_template\":{\"o:id\":6},\"o:resource_class\":{\"o:id\":110},\"o:owner\":{\"o:id\":1},\"o:is_public\":1,\"multivalue_separator\":\";\",\"global_language\":\"\",\"action\":\"create\",\"identifier_column\":0,\"identifier_property\":\"\",\"action_unidentified\":\"skip\",\"rows_by_batch\":20,\"column-multivalue\":[],\"delimiter\":\";\",\"enclosure\":\"\\\"\",\"escape\":\"\\\\\"}', NULL, '2025-10-29 17:15:21', '2025-10-29 17:15:22'),
(26, 1, '31340', 'completed', 'CSVImport\\Job\\Import', '{\"filename\":\"Titre.csv\",\"filesize\":\"236\",\"filepath\":\"C:\\\\Windows\\\\Temp\\\\omeC6F6.tmp\",\"media_type\":\"text\\/csv\",\"resource_type\":\"items\",\"comment\":\"\",\"automap_check_names_alone\":true,\"column\":[\"nomTitre\",\"anneeSortie\",\"fichierAudio\",\"aPourArtiste\"],\"column-property\":[{\"pandore:nomTitre\":185},{\"pandore:anneeSortie\":186},{\"pandore:fichierAudio\":187},{\"pandore:aPourArtiste\":188}],\"generic-data\":\"default\",\"media-source\":\"default\",\"resource-identifier-property\":\"\",\"o:resource_template\":{\"o:id\":2},\"o:resource_class\":{\"o:id\":107},\"o:owner\":{\"o:id\":1},\"o:is_public\":1,\"multivalue_separator\":\";\",\"global_language\":\"\",\"action\":\"create\",\"identifier_column\":0,\"identifier_property\":\"\",\"action_unidentified\":\"skip\",\"rows_by_batch\":20,\"column-multivalue\":[],\"delimiter\":\";\",\"enclosure\":\"\\\"\",\"escape\":\"\\\\\"}', NULL, '2025-10-29 17:15:54', '2025-10-29 17:15:54'),
(27, 1, '15832', 'completed', 'CSVImport\\Job\\Import', '{\"filename\":\"Utilisateur.csv\",\"filesize\":\"150\",\"filepath\":\"C:\\\\Windows\\\\Temp\\\\ome3998.tmp\",\"media_type\":\"text\\/csv\",\"resource_type\":\"items\",\"comment\":\"\",\"automap_check_names_alone\":true,\"column\":[\"nomUtilisateur\",\"emailUtilisateur\",\"roleUtilisateur\"],\"column-property\":[{\"pandore:nomUtilisateur\":190},{\"pandore:emailUtilisateur\":191},{\"pandore:roleUtilisateur\":192}],\"generic-data\":\"default\",\"media-source\":\"default\",\"resource-identifier-property\":\"\",\"o:resource_template\":{\"o:id\":4},\"o:resource_class\":{\"o:id\":106},\"o:owner\":{\"o:id\":1},\"o:is_public\":1,\"multivalue_separator\":\";\",\"global_language\":\"\",\"action\":\"create\",\"identifier_column\":0,\"identifier_property\":\"\",\"action_unidentified\":\"skip\",\"rows_by_batch\":20,\"column-multivalue\":[],\"delimiter\":\";\",\"enclosure\":\"\\\"\",\"escape\":\"\\\\\"}', NULL, '2025-10-29 17:16:24', '2025-10-29 17:16:24');

-- --------------------------------------------------------

--
-- Structure de la table `media`
--

DROP TABLE IF EXISTS `media`;
CREATE TABLE IF NOT EXISTS `media` (
  `id` int NOT NULL,
  `item_id` int NOT NULL,
  `ingester` varchar(255) CHARACTER SET utf8mb4 COLLATE utf8mb4_unicode_ci NOT NULL,
  `renderer` varchar(255) CHARACTER SET utf8mb4 COLLATE utf8mb4_unicode_ci NOT NULL,
  `data` longtext CHARACTER SET utf8mb4 COLLATE utf8mb4_unicode_ci COMMENT '(DC2Type:json_array)',
  `source` longtext CHARACTER SET utf8mb4 COLLATE utf8mb4_unicode_ci,
  `media_type` varchar(255) CHARACTER SET utf8mb4 COLLATE utf8mb4_unicode_ci DEFAULT NULL,
  `storage_id` varchar(190) CHARACTER SET utf8mb4 COLLATE utf8mb4_unicode_ci DEFAULT NULL,
  `extension` varchar(255) CHARACTER SET utf8mb4 COLLATE utf8mb4_unicode_ci DEFAULT NULL,
  `sha256` char(64) CHARACTER SET utf8mb4 COLLATE utf8mb4_unicode_ci DEFAULT NULL,
  `size` bigint DEFAULT NULL,
  `has_original` tinyint(1) NOT NULL,
  `has_thumbnails` tinyint(1) NOT NULL,
  `position` int DEFAULT NULL,
  `lang` varchar(190) CHARACTER SET utf8mb4 COLLATE utf8mb4_unicode_ci DEFAULT NULL,
  `alt_text` longtext CHARACTER SET utf8mb4 COLLATE utf8mb4_unicode_ci,
  PRIMARY KEY (`id`),
  UNIQUE KEY `UNIQ_6A2CA10C5CC5DB90` (`storage_id`),
  KEY `IDX_6A2CA10C126F525E` (`item_id`),
  KEY `item_position` (`item_id`,`position`)
) ENGINE=InnoDB DEFAULT CHARSET=utf8mb4 COLLATE=utf8mb4_unicode_ci;

-- --------------------------------------------------------

--
-- Structure de la table `migration`
--

DROP TABLE IF EXISTS `migration`;
CREATE TABLE IF NOT EXISTS `migration` (
  `version` varchar(16) CHARACTER SET utf8mb4 COLLATE utf8mb4_unicode_ci NOT NULL,
  PRIMARY KEY (`version`)
) ENGINE=InnoDB DEFAULT CHARSET=utf8mb4 COLLATE=utf8mb4_unicode_ci;

--
-- Déchargement des données de la table `migration`
--

INSERT INTO `migration` (`version`) VALUES
('20171128053327'),
('20180412035023'),
('20180919072656'),
('20180924033501'),
('20181002015551'),
('20181004043735'),
('20181106060421'),
('20190307043537'),
('20190319020708'),
('20190412090532'),
('20190423040354'),
('20190423071228'),
('20190514061351'),
('20190515055359'),
('20190729023728'),
('20190809092609'),
('20190815062003'),
('20200224022356'),
('20200226064602'),
('20200325091157'),
('20200326091310'),
('20200803000000'),
('20200831000000'),
('20210205101827'),
('20210225095734'),
('20210810083804'),
('20220718090449'),
('20220824103916'),
('20230124033031'),
('20230410074846'),
('20230523085358'),
('20230601060113'),
('20230713101012'),
('20231016000000'),
('20240103030617');

-- --------------------------------------------------------

--
-- Structure de la table `module`
--

DROP TABLE IF EXISTS `module`;
CREATE TABLE IF NOT EXISTS `module` (
  `id` varchar(190) CHARACTER SET utf8mb4 COLLATE utf8mb4_unicode_ci NOT NULL,
  `is_active` tinyint(1) NOT NULL,
  `version` varchar(255) CHARACTER SET utf8mb4 COLLATE utf8mb4_unicode_ci NOT NULL,
  PRIMARY KEY (`id`)
) ENGINE=InnoDB DEFAULT CHARSET=utf8mb4 COLLATE=utf8mb4_unicode_ci;

--
-- Déchargement des données de la table `module`
--

INSERT INTO `module` (`id`, `is_active`, `version`) VALUES
('CSVImport', 1, '2.6.2'),
('Pandore', 1, '1.0.0');

-- --------------------------------------------------------

--
-- Structure de la table `password_creation`
--

DROP TABLE IF EXISTS `password_creation`;
CREATE TABLE IF NOT EXISTS `password_creation` (
  `id` varchar(32) CHARACTER SET utf8mb4 COLLATE utf8mb4_bin NOT NULL,
  `user_id` int NOT NULL,
  `created` datetime NOT NULL,
  `activate` tinyint(1) NOT NULL,
  PRIMARY KEY (`id`),
  UNIQUE KEY `UNIQ_C77917B4A76ED395` (`user_id`)
) ENGINE=InnoDB DEFAULT CHARSET=utf8mb4 COLLATE=utf8mb4_unicode_ci;

--
-- Déchargement des données de la table `password_creation`
--

INSERT INTO `password_creation` (`id`, `user_id`, `created`, `activate`) VALUES
('opCPbLFHu6o6FVMJbWltNWbAIjL1yH5s', 2, '2025-10-21 07:15:40', 1);

-- --------------------------------------------------------

--
-- Structure de la table `property`
--

DROP TABLE IF EXISTS `property`;
CREATE TABLE IF NOT EXISTS `property` (
  `id` int NOT NULL AUTO_INCREMENT,
  `owner_id` int DEFAULT NULL,
  `vocabulary_id` int NOT NULL,
  `local_name` varchar(190) CHARACTER SET utf8mb4 COLLATE utf8mb4_bin NOT NULL,
  `label` varchar(255) CHARACTER SET utf8mb4 COLLATE utf8mb4_unicode_ci NOT NULL,
  `comment` longtext CHARACTER SET utf8mb4 COLLATE utf8mb4_unicode_ci,
  PRIMARY KEY (`id`),
  UNIQUE KEY `UNIQ_8BF21CDEAD0E05F6623C14D5` (`vocabulary_id`,`local_name`),
  KEY `IDX_8BF21CDE7E3C61F9` (`owner_id`),
  KEY `IDX_8BF21CDEAD0E05F6` (`vocabulary_id`)
) ENGINE=InnoDB AUTO_INCREMENT=199 DEFAULT CHARSET=utf8mb4 COLLATE=utf8mb4_unicode_ci;

--
-- Déchargement des données de la table `property`
--

INSERT INTO `property` (`id`, `owner_id`, `vocabulary_id`, `local_name`, `label`, `comment`) VALUES
(1, NULL, 1, 'title', 'Title', 'A name given to the resource.'),
(2, NULL, 1, 'creator', 'Creator', 'An entity primarily responsible for making the resource.'),
(3, NULL, 1, 'subject', 'Subject', 'The topic of the resource.'),
(4, NULL, 1, 'description', 'Description', 'An account of the resource.'),
(5, NULL, 1, 'publisher', 'Publisher', 'An entity responsible for making the resource available.'),
(6, NULL, 1, 'contributor', 'Contributor', 'An entity responsible for making contributions to the resource.'),
(7, NULL, 1, 'date', 'Date', 'A point or period of time associated with an event in the lifecycle of the resource.'),
(8, NULL, 1, 'type', 'Type', 'The nature or genre of the resource.'),
(9, NULL, 1, 'format', 'Format', 'The file format, physical medium, or dimensions of the resource.'),
(10, NULL, 1, 'identifier', 'Identifier', 'An unambiguous reference to the resource within a given context.'),
(11, NULL, 1, 'source', 'Source', 'A related resource from which the described resource is derived.'),
(12, NULL, 1, 'language', 'Language', 'A language of the resource.'),
(13, NULL, 1, 'relation', 'Relation', 'A related resource.'),
(14, NULL, 1, 'coverage', 'Coverage', 'The spatial or temporal topic of the resource, the spatial applicability of the resource, or the jurisdiction under which the resource is relevant.'),
(15, NULL, 1, 'rights', 'Rights', 'Information about rights held in and over the resource.'),
(16, NULL, 1, 'audience', 'Audience', 'A class of entity for whom the resource is intended or useful.'),
(17, NULL, 1, 'alternative', 'Alternative Title', 'An alternative name for the resource.'),
(18, NULL, 1, 'tableOfContents', 'Table Of Contents', 'A list of subunits of the resource.'),
(19, NULL, 1, 'abstract', 'Abstract', 'A summary of the resource.'),
(20, NULL, 1, 'created', 'Date Created', 'Date of creation of the resource.'),
(21, NULL, 1, 'valid', 'Date Valid', 'Date (often a range) of validity of a resource.'),
(22, NULL, 1, 'available', 'Date Available', 'Date (often a range) that the resource became or will become available.'),
(23, NULL, 1, 'issued', 'Date Issued', 'Date of formal issuance (e.g., publication) of the resource.'),
(24, NULL, 1, 'modified', 'Date Modified', 'Date on which the resource was changed.'),
(25, NULL, 1, 'extent', 'Extent', 'The size or duration of the resource.'),
(26, NULL, 1, 'medium', 'Medium', 'The material or physical carrier of the resource.'),
(27, NULL, 1, 'isVersionOf', 'Is Version Of', 'A related resource of which the described resource is a version, edition, or adaptation.'),
(28, NULL, 1, 'hasVersion', 'Has Version', 'A related resource that is a version, edition, or adaptation of the described resource.'),
(29, NULL, 1, 'isReplacedBy', 'Is Replaced By', 'A related resource that supplants, displaces, or supersedes the described resource.'),
(30, NULL, 1, 'replaces', 'Replaces', 'A related resource that is supplanted, displaced, or superseded by the described resource.'),
(31, NULL, 1, 'isRequiredBy', 'Is Required By', 'A related resource that requires the described resource to support its function, delivery, or coherence.'),
(32, NULL, 1, 'requires', 'Requires', 'A related resource that is required by the described resource to support its function, delivery, or coherence.'),
(33, NULL, 1, 'isPartOf', 'Is Part Of', 'A related resource in which the described resource is physically or logically included.'),
(34, NULL, 1, 'hasPart', 'Has Part', 'A related resource that is included either physically or logically in the described resource.'),
(35, NULL, 1, 'isReferencedBy', 'Is Referenced By', 'A related resource that references, cites, or otherwise points to the described resource.'),
(36, NULL, 1, 'references', 'References', 'A related resource that is referenced, cited, or otherwise pointed to by the described resource.'),
(37, NULL, 1, 'isFormatOf', 'Is Format Of', 'A related resource that is substantially the same as the described resource, but in another format.'),
(38, NULL, 1, 'hasFormat', 'Has Format', 'A related resource that is substantially the same as the pre-existing described resource, but in another format.'),
(39, NULL, 1, 'conformsTo', 'Conforms To', 'An established standard to which the described resource conforms.'),
(40, NULL, 1, 'spatial', 'Spatial Coverage', 'Spatial characteristics of the resource.'),
(41, NULL, 1, 'temporal', 'Temporal Coverage', 'Temporal characteristics of the resource.'),
(42, NULL, 1, 'mediator', 'Mediator', 'An entity that mediates access to the resource and for whom the resource is intended or useful.'),
(43, NULL, 1, 'dateAccepted', 'Date Accepted', 'Date of acceptance of the resource.'),
(44, NULL, 1, 'dateCopyrighted', 'Date Copyrighted', 'Date of copyright.'),
(45, NULL, 1, 'dateSubmitted', 'Date Submitted', 'Date of submission of the resource.'),
(46, NULL, 1, 'educationLevel', 'Audience Education Level', 'A class of entity, defined in terms of progression through an educational or training context, for which the described resource is intended.'),
(47, NULL, 1, 'accessRights', 'Access Rights', 'Information about who can access the resource or an indication of its security status.'),
(48, NULL, 1, 'bibliographicCitation', 'Bibliographic Citation', 'A bibliographic reference for the resource.'),
(49, NULL, 1, 'license', 'License', 'A legal document giving official permission to do something with the resource.'),
(50, NULL, 1, 'rightsHolder', 'Rights Holder', 'A person or organization owning or managing rights over the resource.'),
(51, NULL, 1, 'provenance', 'Provenance', 'A statement of any changes in ownership and custody of the resource since its creation that are significant for its authenticity, integrity, and interpretation.'),
(52, NULL, 1, 'instructionalMethod', 'Instructional Method', 'A process, used to engender knowledge, attitudes and skills, that the described resource is designed to support.'),
(53, NULL, 1, 'accrualMethod', 'Accrual Method', 'The method by which items are added to a collection.'),
(54, NULL, 1, 'accrualPeriodicity', 'Accrual Periodicity', 'The frequency with which items are added to a collection.'),
(55, NULL, 1, 'accrualPolicy', 'Accrual Policy', 'The policy governing the addition of items to a collection.'),
(56, NULL, 3, 'affirmedBy', 'affirmedBy', 'A legal decision that affirms a ruling.'),
(57, NULL, 3, 'annotates', 'annotates', 'Critical or explanatory note for a Document.'),
(58, NULL, 3, 'authorList', 'list of authors', 'An ordered list of authors. Normally, this list is seen as a priority list that order authors by importance.'),
(59, NULL, 3, 'citedBy', 'cited by', 'Relates a document to another document that cites the\nfirst document.'),
(60, NULL, 3, 'cites', 'cites', 'Relates a document to another document that is cited\nby the first document as reference, comment, review, quotation or for\nanother purpose.'),
(61, NULL, 3, 'contributorList', 'list of contributors', 'An ordered list of contributors. Normally, this list is seen as a priority list that order contributors by importance.'),
(62, NULL, 3, 'court', 'court', 'A court associated with a legal document; for example, that which issues a decision.'),
(63, NULL, 3, 'degree', 'degree', 'The thesis degree.'),
(64, NULL, 3, 'director', 'director', 'A Film director.'),
(65, NULL, 3, 'distributor', 'distributor', 'Distributor of a document or a collection of documents.'),
(66, NULL, 3, 'editor', 'editor', 'A person having managerial and sometimes policy-making responsibility for the editorial part of a publishing firm or of a newspaper, magazine, or other publication.'),
(67, NULL, 3, 'editorList', 'list of editors', 'An ordered list of editors. Normally, this list is seen as a priority list that order editors by importance.'),
(68, NULL, 3, 'interviewee', 'interviewee', 'An agent that is interviewed by another agent.'),
(69, NULL, 3, 'interviewer', 'interviewer', 'An agent that interview another agent.'),
(70, NULL, 3, 'issuer', 'issuer', 'An entity responsible for issuing often informally published documents such as press releases, reports, etc.'),
(71, NULL, 3, 'organizer', 'organizer', 'The organizer of an event; includes conference organizers, but also government agencies or other bodies that are responsible for conducting hearings.'),
(72, NULL, 3, 'owner', 'owner', 'Owner of a document or a collection of documents.'),
(73, NULL, 3, 'performer', 'performer', NULL),
(74, NULL, 3, 'presentedAt', 'presented at', 'Relates a document to an event; for example, a paper to a conference.'),
(75, NULL, 3, 'presents', 'presents', 'Relates an event to associated documents; for example, conference to a paper.'),
(76, NULL, 3, 'producer', 'producer', 'Producer of a document or a collection of documents.'),
(77, NULL, 3, 'recipient', 'recipient', 'An agent that receives a communication document.'),
(78, NULL, 3, 'reproducedIn', 'reproducedIn', 'The resource in which another resource is reproduced.'),
(79, NULL, 3, 'reversedBy', 'reversedBy', 'A legal decision that reverses a ruling.'),
(80, NULL, 3, 'reviewOf', 'review of', 'Relates a review document to a reviewed thing (resource, item, etc.).'),
(81, NULL, 3, 'status', 'status', 'The publication status of (typically academic) content.'),
(82, NULL, 3, 'subsequentLegalDecision', 'subsequentLegalDecision', 'A legal decision on appeal that takes action on a case (affirming it, reversing it, etc.).'),
(83, NULL, 3, 'transcriptOf', 'transcript of', 'Relates a document to some transcribed original.'),
(84, NULL, 3, 'translationOf', 'translation of', 'Relates a translated document to the original document.'),
(85, NULL, 3, 'translator', 'translator', 'A person who translates written document from one language to another.'),
(86, NULL, 3, 'abstract', 'abstract', 'A summary of the resource.'),
(87, NULL, 3, 'argued', 'date argued', 'The date on which a legal case is argued before a court. Date is of format xsd:date'),
(88, NULL, 3, 'asin', 'asin', NULL),
(89, NULL, 3, 'chapter', 'chapter', 'An chapter number'),
(90, NULL, 3, 'coden', 'coden', NULL),
(91, NULL, 3, 'content', 'content', 'This property is for a plain-text rendering of the content of a Document. While the plain-text content of an entire document could be described by this property.'),
(92, NULL, 3, 'doi', 'doi', NULL),
(93, NULL, 3, 'eanucc13', 'eanucc13', NULL),
(94, NULL, 3, 'edition', 'edition', 'The name defining a special edition of a document. Normally its a literal value composed of a version number and words.'),
(95, NULL, 3, 'eissn', 'eissn', NULL),
(96, NULL, 3, 'gtin14', 'gtin14', NULL),
(97, NULL, 3, 'handle', 'handle', NULL),
(98, NULL, 3, 'identifier', 'identifier', NULL),
(99, NULL, 3, 'isbn', 'isbn', NULL),
(100, NULL, 3, 'isbn10', 'isbn10', NULL),
(101, NULL, 3, 'isbn13', 'isbn13', NULL),
(102, NULL, 3, 'issn', 'issn', NULL),
(103, NULL, 3, 'issue', 'issue', 'An issue number'),
(104, NULL, 3, 'lccn', 'lccn', NULL),
(105, NULL, 3, 'locator', 'locator', 'A description (often numeric) that locates an item within a containing document or collection.'),
(106, NULL, 3, 'numPages', 'number of pages', 'The number of pages contained in a document'),
(107, NULL, 3, 'numVolumes', 'number of volumes', 'The number of volumes contained in a collection of documents (usually a series, periodical, etc.).'),
(108, NULL, 3, 'number', 'number', 'A generic item or document number. Not to be confused with issue number.'),
(109, NULL, 3, 'oclcnum', 'oclcnum', NULL),
(110, NULL, 3, 'pageEnd', 'page end', 'Ending page number within a continuous page range.'),
(111, NULL, 3, 'pageStart', 'page start', 'Starting page number within a continuous page range.'),
(112, NULL, 3, 'pages', 'pages', 'A string of non-contiguous page spans that locate a Document within a Collection. Example: 23-25, 34, 54-56. For continuous page ranges, use the pageStart and pageEnd properties.'),
(113, NULL, 3, 'pmid', 'pmid', NULL),
(114, NULL, 3, 'prefixName', 'prefix name', 'The prefix of a name'),
(115, NULL, 3, 'section', 'section', 'A section number'),
(116, NULL, 3, 'shortDescription', 'shortDescription', NULL),
(117, NULL, 3, 'shortTitle', 'short title', 'The abbreviation of a title.'),
(118, NULL, 3, 'sici', 'sici', NULL),
(119, NULL, 3, 'suffixName', 'suffix name', 'The suffix of a name'),
(120, NULL, 3, 'upc', 'upc', NULL),
(121, NULL, 3, 'uri', 'uri', 'Universal Resource Identifier of a document'),
(122, NULL, 3, 'volume', 'volume', 'A volume number'),
(123, NULL, 4, 'mbox', 'personal mailbox', 'A  personal mailbox, ie. an Internet mailbox associated with exactly one owner, the first owner of this mailbox. This is a \'static inverse functional property\', in that  there is (across time and change) at most one individual that ever has any particular value for foaf:mbox.'),
(124, NULL, 4, 'mbox_sha1sum', 'sha1sum of a personal mailbox URI name', 'The sha1sum of the URI of an Internet mailbox associated with exactly one owner, the  first owner of the mailbox.'),
(125, NULL, 4, 'gender', 'gender', 'The gender of this Agent (typically but not necessarily \'male\' or \'female\').'),
(126, NULL, 4, 'geekcode', 'geekcode', 'A textual geekcode for this person, see http://www.geekcode.com/geek.html'),
(127, NULL, 4, 'dnaChecksum', 'DNA checksum', 'A checksum for the DNA of some thing. Joke.'),
(128, NULL, 4, 'sha1', 'sha1sum (hex)', 'A sha1sum hash, in hex.'),
(129, NULL, 4, 'based_near', 'based near', 'A location that something is based near, for some broadly human notion of near.'),
(130, NULL, 4, 'title', 'title', 'Title (Mr, Mrs, Ms, Dr. etc)'),
(131, NULL, 4, 'nick', 'nickname', 'A short informal nickname characterising an agent (includes login identifiers, IRC and other chat nicknames).'),
(132, NULL, 4, 'jabberID', 'jabber ID', 'A jabber ID for something.'),
(133, NULL, 4, 'aimChatID', 'AIM chat ID', 'An AIM chat ID'),
(134, NULL, 4, 'skypeID', 'Skype ID', 'A Skype ID'),
(135, NULL, 4, 'icqChatID', 'ICQ chat ID', 'An ICQ chat ID'),
(136, NULL, 4, 'yahooChatID', 'Yahoo chat ID', 'A Yahoo chat ID'),
(137, NULL, 4, 'msnChatID', 'MSN chat ID', 'An MSN chat ID'),
(138, NULL, 4, 'name', 'name', 'A name for some thing.'),
(139, NULL, 4, 'firstName', 'firstName', 'The first name of a person.'),
(140, NULL, 4, 'lastName', 'lastName', 'The last name of a person.'),
(141, NULL, 4, 'givenName', 'Given name', 'The given name of some person.'),
(142, NULL, 4, 'givenname', 'Given name', 'The given name of some person.'),
(143, NULL, 4, 'surname', 'Surname', 'The surname of some person.'),
(144, NULL, 4, 'family_name', 'family_name', 'The family name of some person.'),
(145, NULL, 4, 'familyName', 'familyName', 'The family name of some person.'),
(146, NULL, 4, 'phone', 'phone', 'A phone,  specified using fully qualified tel: URI scheme (refs: http://www.w3.org/Addressing/schemes.html#tel).'),
(147, NULL, 4, 'homepage', 'homepage', 'A homepage for some thing.'),
(148, NULL, 4, 'weblog', 'weblog', 'A weblog of some thing (whether person, group, company etc.).'),
(149, NULL, 4, 'openid', 'openid', 'An OpenID for an Agent.'),
(150, NULL, 4, 'tipjar', 'tipjar', 'A tipjar document for this agent, describing means for payment and reward.'),
(151, NULL, 4, 'plan', 'plan', 'A .plan comment, in the tradition of finger and \'.plan\' files.'),
(152, NULL, 4, 'made', 'made', 'Something that was made by this agent.'),
(153, NULL, 4, 'maker', 'maker', 'An agent that  made this thing.'),
(154, NULL, 4, 'img', 'image', 'An image that can be used to represent some thing (ie. those depictions which are particularly representative of something, eg. one\'s photo on a homepage).'),
(155, NULL, 4, 'depiction', 'depiction', 'A depiction of some thing.'),
(156, NULL, 4, 'depicts', 'depicts', 'A thing depicted in this representation.'),
(157, NULL, 4, 'thumbnail', 'thumbnail', 'A derived thumbnail image.'),
(158, NULL, 4, 'myersBriggs', 'myersBriggs', 'A Myers Briggs (MBTI) personality classification.'),
(159, NULL, 4, 'workplaceHomepage', 'workplace homepage', 'A workplace homepage of some person; the homepage of an organization they work for.'),
(160, NULL, 4, 'workInfoHomepage', 'work info homepage', 'A work info homepage of some person; a page about their work for some organization.'),
(161, NULL, 4, 'schoolHomepage', 'schoolHomepage', 'A homepage of a school attended by the person.'),
(162, NULL, 4, 'knows', 'knows', 'A person known by this person (indicating some level of reciprocated interaction between the parties).'),
(163, NULL, 4, 'interest', 'interest', 'A page about a topic of interest to this person.'),
(164, NULL, 4, 'topic_interest', 'topic_interest', 'A thing of interest to this person.'),
(165, NULL, 4, 'publications', 'publications', 'A link to the publications of this person.'),
(166, NULL, 4, 'currentProject', 'current project', 'A current project this person works on.'),
(167, NULL, 4, 'pastProject', 'past project', 'A project this person has previously worked on.'),
(168, NULL, 4, 'fundedBy', 'funded by', 'An organization funding a project or person.'),
(169, NULL, 4, 'logo', 'logo', 'A logo representing some thing.'),
(170, NULL, 4, 'topic', 'topic', 'A topic of some page or document.'),
(171, NULL, 4, 'primaryTopic', 'primary topic', 'The primary topic of some page or document.'),
(172, NULL, 4, 'focus', 'focus', 'The underlying or \'focal\' entity associated with some SKOS-described concept.'),
(173, NULL, 4, 'isPrimaryTopicOf', 'is primary topic of', 'A document that this thing is the primary topic of.'),
(174, NULL, 4, 'page', 'page', 'A page or document about this thing.'),
(175, NULL, 4, 'theme', 'theme', 'A theme.'),
(176, NULL, 4, 'account', 'account', 'Indicates an account held by this agent.'),
(177, NULL, 4, 'holdsAccount', 'account', 'Indicates an account held by this agent.'),
(178, NULL, 4, 'accountServiceHomepage', 'account service homepage', 'Indicates a homepage of the service provide for this online account.'),
(179, NULL, 4, 'accountName', 'account name', 'Indicates the name (identifier) associated with this online account.'),
(180, NULL, 4, 'member', 'member', 'Indicates a member of a Group'),
(181, NULL, 4, 'membershipClass', 'membershipClass', 'Indicates the class of individuals that are a member of a Group'),
(182, NULL, 4, 'birthday', 'birthday', 'The birthday of this Agent, represented in mm-dd string form, eg. \'12-31\'.'),
(183, NULL, 4, 'age', 'age', 'The age in years of some agent.'),
(184, NULL, 4, 'status', 'status', 'A string expressing what the user is happy for the general public (normally) to know about their current activity.'),
(185, 1, 5, 'nomTitre', 'Nom du titre', 'Nom de la chanson ou de la piste audio.'),
(186, 1, 5, 'anneeSortie', 'Année de sortie', 'Année de parution du titre.'),
(187, 1, 5, 'fichierAudio', 'Fichier audio', 'Lien vers le fichier audio ou l’aperçu du titre.'),
(188, 1, 5, 'aPourArtiste', 'A pour artiste', 'Lien entre un titre et son artiste.'),
(189, 1, 5, 'nomArtiste', 'Nom de l’artiste', 'Nom complet ou nom de scène de l’artiste ou du groupe.'),
(190, 1, 5, 'nomUtilisateur', 'Nom de l’utilisateur', 'Nom ou identifiant de l’utilisateur de Pandoré.'),
(191, 1, 5, 'emailUtilisateur', 'Email de l’utilisateur', 'Adresse email de l’utilisateur.'),
(192, 1, 5, 'roleUtilisateur', 'Rôle de l’utilisateur', 'Rôle ou statut (admin, étudiant, etc.).'),
(193, 1, 5, 'effectueRecherche', 'Effectue la recherche', 'Lien entre un utilisateur et la recherche qu’il a effectuée.'),
(194, 1, 5, 'motCle', 'Mot-clé', 'Mot ou expression saisie ou prononcée par l’utilisateur.'),
(195, 1, 5, 'dateRecherche', 'Date de la recherche', 'Horodatage de la requête de recherche.'),
(196, 1, 5, 'correspondATitre', 'Correspond à un titre', 'Lien entre une recherche et le titre trouvé.'),
(197, 1, 5, 'nomTitrePropose', 'Nom du titre proposé', 'Titre alternatif ou suggestion proposée à l’utilisateur.'),
(198, 1, 5, 'statutSuggestion', 'Statut de la suggestion', 'Indique si la suggestion a été acceptée, ignorée, etc.');

-- --------------------------------------------------------

--
-- Structure de la table `resource`
--

DROP TABLE IF EXISTS `resource`;
CREATE TABLE IF NOT EXISTS `resource` (
  `id` int NOT NULL AUTO_INCREMENT,
  `owner_id` int DEFAULT NULL,
  `resource_class_id` int DEFAULT NULL,
  `resource_template_id` int DEFAULT NULL,
  `thumbnail_id` int DEFAULT NULL,
  `title` longtext CHARACTER SET utf8mb4 COLLATE utf8mb4_unicode_ci,
  `is_public` tinyint(1) NOT NULL,
  `created` datetime NOT NULL,
  `modified` datetime DEFAULT NULL,
  `resource_type` varchar(255) CHARACTER SET utf8mb4 COLLATE utf8mb4_unicode_ci NOT NULL,
  PRIMARY KEY (`id`),
  KEY `IDX_BC91F4167E3C61F9` (`owner_id`),
  KEY `IDX_BC91F416448CC1BD` (`resource_class_id`),
  KEY `IDX_BC91F41616131EA` (`resource_template_id`),
  KEY `IDX_BC91F416FDFF2E92` (`thumbnail_id`),
  KEY `title` (`title`(190)),
  KEY `is_public` (`is_public`)
) ENGINE=InnoDB AUTO_INCREMENT=81 DEFAULT CHARSET=utf8mb4 COLLATE=utf8mb4_unicode_ci;

--
-- Déchargement des données de la table `resource`
--

INSERT INTO `resource` (`id`, `owner_id`, `resource_class_id`, `resource_template_id`, `thumbnail_id`, `title`, `is_public`, `created`, `modified`, `resource_type`) VALUES
(24, 1, 108, NULL, NULL, 'John Lennon', 1, '2025-10-29 17:14:24', '2025-10-29 17:14:24', 'Omeka\\Entity\\Item'),
(25, 1, 108, NULL, NULL, 'Queen', 1, '2025-10-29 17:14:24', '2025-10-29 17:14:24', 'Omeka\\Entity\\Item'),
(26, 1, 108, NULL, NULL, 'Daft Punk', 1, '2025-10-29 17:14:24', '2025-10-29 17:14:24', 'Omeka\\Entity\\Item'),
(27, 1, 108, NULL, NULL, 'Adele', 1, '2025-10-29 17:14:24', '2025-10-29 17:14:24', 'Omeka\\Entity\\Item'),
(28, 1, 108, NULL, NULL, 'Coldplay', 1, '2025-10-29 17:14:24', '2025-10-29 17:14:24', 'Omeka\\Entity\\Item'),
(29, 1, 109, 5, NULL, 'Imagine', 1, '2025-10-29 17:14:51', '2025-10-29 17:14:51', 'Omeka\\Entity\\Item'),
(30, 1, 109, 5, NULL, 'Queen', 1, '2025-10-29 17:14:51', '2025-10-29 17:14:51', 'Omeka\\Entity\\Item'),
(31, 1, 109, 5, NULL, 'Daft Punk', 1, '2025-10-29 17:14:51', '2025-10-29 17:14:51', 'Omeka\\Entity\\Item'),
(32, 1, 109, 5, NULL, 'Adele', 1, '2025-10-29 17:14:51', '2025-10-29 17:14:51', 'Omeka\\Entity\\Item'),
(33, 1, 109, 5, NULL, 'Coldplay', 1, '2025-10-29 17:14:51', '2025-10-29 17:14:51', 'Omeka\\Entity\\Item'),
(34, 1, 110, 6, NULL, 'Imagine', 1, '2025-10-29 17:15:22', '2025-10-29 17:15:22', 'Omeka\\Entity\\Item'),
(35, 1, 110, 6, NULL, 'Bohemian Rhapsody', 1, '2025-10-29 17:15:22', '2025-10-29 17:15:22', 'Omeka\\Entity\\Item'),
(36, 1, 110, 6, NULL, 'One More Time', 1, '2025-10-29 17:15:22', '2025-10-29 17:15:22', 'Omeka\\Entity\\Item'),
(37, 1, 110, 6, NULL, 'Hello', 1, '2025-10-29 17:15:22', '2025-10-29 17:15:22', 'Omeka\\Entity\\Item'),
(38, 1, 110, 6, NULL, 'Yellow', 1, '2025-10-29 17:15:22', '2025-10-29 17:15:22', 'Omeka\\Entity\\Item'),
(39, 1, 107, 2, NULL, 'Imagine', 1, '2025-10-29 17:15:54', '2025-10-29 17:15:54', 'Omeka\\Entity\\Item'),
(40, 1, 107, 2, NULL, 'Bohemian Rhapsody', 1, '2025-10-29 17:15:54', '2025-10-29 17:15:54', 'Omeka\\Entity\\Item'),
(41, 1, 107, 2, NULL, 'One More Time', 1, '2025-10-29 17:15:54', '2025-10-29 17:15:54', 'Omeka\\Entity\\Item'),
(42, 1, 107, 2, NULL, 'Hello', 1, '2025-10-29 17:15:54', '2025-10-29 17:15:54', 'Omeka\\Entity\\Item'),
(43, 1, 107, 2, NULL, 'Yellow', 1, '2025-10-29 17:15:54', '2025-10-29 17:15:54', 'Omeka\\Entity\\Item'),
(44, 1, 106, 4, NULL, 'Alice', 1, '2025-10-29 17:16:24', '2025-10-29 17:16:24', 'Omeka\\Entity\\Item'),
(45, 1, 106, 4, NULL, 'Bob', 1, '2025-10-29 17:16:24', '2025-10-29 17:16:24', 'Omeka\\Entity\\Item'),
(46, 1, 106, 4, NULL, 'Charlie', 1, '2025-10-29 17:16:24', '2025-10-29 17:16:24', 'Omeka\\Entity\\Item');

-- --------------------------------------------------------

--
-- Structure de la table `resource_class`
--

DROP TABLE IF EXISTS `resource_class`;
CREATE TABLE IF NOT EXISTS `resource_class` (
  `id` int NOT NULL AUTO_INCREMENT,
  `owner_id` int DEFAULT NULL,
  `vocabulary_id` int NOT NULL,
  `local_name` varchar(190) CHARACTER SET utf8mb4 COLLATE utf8mb4_bin NOT NULL,
  `label` varchar(255) CHARACTER SET utf8mb4 COLLATE utf8mb4_unicode_ci NOT NULL,
  `comment` longtext CHARACTER SET utf8mb4 COLLATE utf8mb4_unicode_ci,
  PRIMARY KEY (`id`),
  UNIQUE KEY `UNIQ_C6F063ADAD0E05F6623C14D5` (`vocabulary_id`,`local_name`),
  KEY `IDX_C6F063AD7E3C61F9` (`owner_id`),
  KEY `IDX_C6F063ADAD0E05F6` (`vocabulary_id`)
) ENGINE=InnoDB AUTO_INCREMENT=111 DEFAULT CHARSET=utf8mb4 COLLATE=utf8mb4_unicode_ci;

--
-- Déchargement des données de la table `resource_class`
--

INSERT INTO `resource_class` (`id`, `owner_id`, `vocabulary_id`, `local_name`, `label`, `comment`) VALUES
(1, NULL, 1, 'Agent', 'Agent', 'A resource that acts or has the power to act.'),
(2, NULL, 1, 'AgentClass', 'Agent Class', 'A group of agents.'),
(3, NULL, 1, 'BibliographicResource', 'Bibliographic Resource', 'A book, article, or other documentary resource.'),
(4, NULL, 1, 'FileFormat', 'File Format', 'A digital resource format.'),
(5, NULL, 1, 'Frequency', 'Frequency', 'A rate at which something recurs.'),
(6, NULL, 1, 'Jurisdiction', 'Jurisdiction', 'The extent or range of judicial, law enforcement, or other authority.'),
(7, NULL, 1, 'LicenseDocument', 'License Document', 'A legal document giving official permission to do something with a Resource.'),
(8, NULL, 1, 'LinguisticSystem', 'Linguistic System', 'A system of signs, symbols, sounds, gestures, or rules used in communication.'),
(9, NULL, 1, 'Location', 'Location', 'A spatial region or named place.'),
(10, NULL, 1, 'LocationPeriodOrJurisdiction', 'Location, Period, or Jurisdiction', 'A location, period of time, or jurisdiction.'),
(11, NULL, 1, 'MediaType', 'Media Type', 'A file format or physical medium.'),
(12, NULL, 1, 'MediaTypeOrExtent', 'Media Type or Extent', 'A media type or extent.'),
(13, NULL, 1, 'MethodOfInstruction', 'Method of Instruction', 'A process that is used to engender knowledge, attitudes, and skills.'),
(14, NULL, 1, 'MethodOfAccrual', 'Method of Accrual', 'A method by which resources are added to a collection.'),
(15, NULL, 1, 'PeriodOfTime', 'Period of Time', 'An interval of time that is named or defined by its start and end dates.'),
(16, NULL, 1, 'PhysicalMedium', 'Physical Medium', 'A physical material or carrier.'),
(17, NULL, 1, 'PhysicalResource', 'Physical Resource', 'A material thing.'),
(18, NULL, 1, 'Policy', 'Policy', 'A plan or course of action by an authority, intended to influence and determine decisions, actions, and other matters.'),
(19, NULL, 1, 'ProvenanceStatement', 'Provenance Statement', 'A statement of any changes in ownership and custody of a resource since its creation that are significant for its authenticity, integrity, and interpretation.'),
(20, NULL, 1, 'RightsStatement', 'Rights Statement', 'A statement about the intellectual property rights (IPR) held in or over a Resource, a legal document giving official permission to do something with a resource, or a statement about access rights.'),
(21, NULL, 1, 'SizeOrDuration', 'Size or Duration', 'A dimension or extent, or a time taken to play or execute.'),
(22, NULL, 1, 'Standard', 'Standard', 'A basis for comparison; a reference point against which other things can be evaluated.'),
(23, NULL, 2, 'Collection', 'Collection', 'An aggregation of resources.'),
(24, NULL, 2, 'Dataset', 'Dataset', 'Data encoded in a defined structure.'),
(25, NULL, 2, 'Event', 'Event', 'A non-persistent, time-based occurrence.'),
(26, NULL, 2, 'Image', 'Image', 'A visual representation other than text.'),
(27, NULL, 2, 'InteractiveResource', 'Interactive Resource', 'A resource requiring interaction from the user to be understood, executed, or experienced.'),
(28, NULL, 2, 'Service', 'Service', 'A system that provides one or more functions.'),
(29, NULL, 2, 'Software', 'Software', 'A computer program in source or compiled form.'),
(30, NULL, 2, 'Sound', 'Sound', 'A resource primarily intended to be heard.'),
(31, NULL, 2, 'Text', 'Text', 'A resource consisting primarily of words for reading.'),
(32, NULL, 2, 'PhysicalObject', 'Physical Object', 'An inanimate, three-dimensional object or substance.'),
(33, NULL, 2, 'StillImage', 'Still Image', 'A static visual representation.'),
(34, NULL, 2, 'MovingImage', 'Moving Image', 'A series of visual representations imparting an impression of motion when shown in succession.'),
(35, NULL, 3, 'AcademicArticle', 'Academic Article', 'A scholarly academic article, typically published in a journal.'),
(36, NULL, 3, 'Article', 'Article', 'A written composition in prose, usually nonfiction, on a specific topic, forming an independent part of a book or other publication, as a newspaper or magazine.'),
(37, NULL, 3, 'AudioDocument', 'audio document', 'An audio document; aka record.'),
(38, NULL, 3, 'AudioVisualDocument', 'audio-visual document', 'An audio-visual document; film, video, and so forth.'),
(39, NULL, 3, 'Bill', 'Bill', 'Draft legislation presented for discussion to a legal body.'),
(40, NULL, 3, 'Book', 'Book', 'A written or printed work of fiction or nonfiction, usually on sheets of paper fastened or bound together within covers.'),
(41, NULL, 3, 'BookSection', 'Book Section', 'A section of a book.'),
(42, NULL, 3, 'Brief', 'Brief', 'A written argument submitted to a court.'),
(43, NULL, 3, 'Chapter', 'Chapter', 'A chapter of a book.'),
(44, NULL, 3, 'Code', 'Code', 'A collection of statutes.'),
(45, NULL, 3, 'CollectedDocument', 'Collected Document', 'A document that simultaneously contains other documents.'),
(46, NULL, 3, 'Collection', 'Collection', 'A collection of Documents or Collections'),
(47, NULL, 3, 'Conference', 'Conference', 'A meeting for consultation or discussion.'),
(48, NULL, 3, 'CourtReporter', 'Court Reporter', 'A collection of legal cases.'),
(49, NULL, 3, 'Document', 'Document', 'A document (noun) is a bounded physical representation of body of information designed with the capacity (and usually intent) to communicate. A document may manifest symbolic, diagrammatic or sensory-representational information.'),
(50, NULL, 3, 'DocumentPart', 'document part', 'a distinct part of a larger document or collected document.'),
(51, NULL, 3, 'DocumentStatus', 'Document Status', 'The status of the publication of a document.'),
(52, NULL, 3, 'EditedBook', 'Edited Book', 'An edited book.'),
(53, NULL, 3, 'Email', 'EMail', 'A written communication addressed to a person or organization and transmitted electronically.'),
(54, NULL, 3, 'Event', 'Event', NULL),
(55, NULL, 3, 'Excerpt', 'Excerpt', 'A passage selected from a larger work.'),
(56, NULL, 3, 'Film', 'Film', 'aka movie.'),
(57, NULL, 3, 'Hearing', 'Hearing', 'An instance or a session in which testimony and arguments are presented, esp. before an official, as a judge in a lawsuit.'),
(58, NULL, 3, 'Image', 'Image', 'A document that presents visual or diagrammatic information.'),
(59, NULL, 3, 'Interview', 'Interview', 'A formalized discussion between two or more people.'),
(60, NULL, 3, 'Issue', 'Issue', 'something that is printed or published and distributed, esp. a given number of a periodical'),
(61, NULL, 3, 'Journal', 'Journal', 'A periodical of scholarly journal Articles.'),
(62, NULL, 3, 'LegalCaseDocument', 'Legal Case Document', 'A document accompanying a legal case.'),
(63, NULL, 3, 'LegalDecision', 'Decision', 'A document containing an authoritative determination (as a decree or judgment) made after consideration of facts or law.'),
(64, NULL, 3, 'LegalDocument', 'Legal Document', 'A legal document; for example, a court decision, a brief, and so forth.'),
(65, NULL, 3, 'Legislation', 'Legislation', 'A legal document proposing or enacting a law or a group of laws.'),
(66, NULL, 3, 'Letter', 'Letter', 'A written or printed communication addressed to a person or organization and usually transmitted by mail.'),
(67, NULL, 3, 'Magazine', 'Magazine', 'A periodical of magazine Articles. A magazine is a publication that is issued periodically, usually bound in a paper cover, and typically contains essays, stories, poems, etc., by many writers, and often photographs and drawings, frequently specializing in a particular subject or area, as hobbies, news, or sports.'),
(68, NULL, 3, 'Manual', 'Manual', 'A small reference book, especially one giving instructions.'),
(69, NULL, 3, 'Manuscript', 'Manuscript', 'An unpublished Document, which may also be submitted to a publisher for publication.'),
(70, NULL, 3, 'Map', 'Map', 'A graphical depiction of geographic features.'),
(71, NULL, 3, 'MultiVolumeBook', 'Multivolume Book', 'A loose, thematic, collection of Documents, often Books.'),
(72, NULL, 3, 'Newspaper', 'Newspaper', 'A periodical of documents, usually issued daily or weekly, containing current news, editorials, feature articles, and usually advertising.'),
(73, NULL, 3, 'Note', 'Note', 'Notes or annotations about a resource.'),
(74, NULL, 3, 'Patent', 'Patent', 'A document describing the exclusive right granted by a government to an inventor to manufacture, use, or sell an invention for a certain number of years.'),
(75, NULL, 3, 'Performance', 'Performance', 'A public performance.'),
(76, NULL, 3, 'Periodical', 'Periodical', 'A group of related documents issued at regular intervals.'),
(77, NULL, 3, 'PersonalCommunication', 'Personal Communication', 'A communication between an agent and one or more specific recipients.'),
(78, NULL, 3, 'PersonalCommunicationDocument', 'Personal Communication Document', 'A personal communication manifested in some document.'),
(79, NULL, 3, 'Proceedings', 'Proceedings', 'A compilation of documents published from an event, such as a conference.'),
(80, NULL, 3, 'Quote', 'Quote', 'An excerpted collection of words.'),
(81, NULL, 3, 'ReferenceSource', 'Reference Source', 'A document that presents authoritative reference information, such as a dictionary or encylopedia .'),
(82, NULL, 3, 'Report', 'Report', 'A document describing an account or statement describing in detail an event, situation, or the like, usually as the result of observation, inquiry, etc..'),
(83, NULL, 3, 'Series', 'Series', 'A loose, thematic, collection of Documents, often Books.'),
(84, NULL, 3, 'Slide', 'Slide', 'A slide in a slideshow'),
(85, NULL, 3, 'Slideshow', 'Slideshow', 'A presentation of a series of slides, usually presented in front of an audience with written text and images.'),
(86, NULL, 3, 'Standard', 'Standard', 'A document describing a standard'),
(87, NULL, 3, 'Statute', 'Statute', 'A bill enacted into law.'),
(88, NULL, 3, 'Thesis', 'Thesis', 'A document created to summarize research findings associated with the completion of an academic degree.'),
(89, NULL, 3, 'ThesisDegree', 'Thesis degree', 'The academic degree of a Thesis'),
(90, NULL, 3, 'Webpage', 'Webpage', 'A web page is an online document available (at least initially) on the world wide web. A web page is written first and foremost to appear on the web, as distinct from other online resources such as books, manuscripts or audio documents which use the web primarily as a distribution mechanism alongside other more traditional methods such as print.'),
(91, NULL, 3, 'Website', 'Website', 'A group of Webpages accessible on the Web.'),
(92, NULL, 3, 'Workshop', 'Workshop', 'A seminar, discussion group, or the like, that emphasizes zxchange of ideas and the demonstration and application of techniques, skills, etc.'),
(93, NULL, 4, 'LabelProperty', 'Label Property', 'A foaf:LabelProperty is any RDF property with texual values that serve as labels.'),
(94, NULL, 4, 'Person', 'Person', 'A person.'),
(95, NULL, 4, 'Document', 'Document', 'A document.'),
(96, NULL, 4, 'Organization', 'Organization', 'An organization.'),
(97, NULL, 4, 'Group', 'Group', 'A class of Agents.'),
(98, NULL, 4, 'Agent', 'Agent', 'An agent (eg. person, group, software or physical artifact).'),
(99, NULL, 4, 'Project', 'Project', 'A project (a collective endeavour of some kind).'),
(100, NULL, 4, 'Image', 'Image', 'An image.'),
(101, NULL, 4, 'PersonalProfileDocument', 'PersonalProfileDocument', 'A personal profile RDF document.'),
(102, NULL, 4, 'OnlineAccount', 'Online Account', 'An online account.'),
(103, NULL, 4, 'OnlineGamingAccount', 'Online Gaming Account', 'An online gaming account.'),
(104, NULL, 4, 'OnlineEcommerceAccount', 'Online E-commerce Account', 'An online e-commerce account.'),
(105, NULL, 4, 'OnlineChatAccount', 'Online Chat Account', 'An online chat account.'),
(106, 1, 5, 'Utilisateur', 'Utilisateur', 'Personne utilisant le système Pandoré pour rechercher ou écouter de la musique.'),
(107, 1, 5, 'Titre', 'Titre', 'Enregistrement musical (chanson, piste, extrait) présent dans la base Pandoré.'),
(108, 1, 5, 'Artiste', 'Artiste', 'Personne ou groupe interprétant ou composant un titre.'),
(109, 1, 5, 'Recherche', 'Recherche', 'Requête effectuée par un utilisateur via texte ou commande vocale.'),
(110, 1, 5, 'Suggestion', 'Suggestion', 'Proposition de titre similaire ou proche retournée après une recherche.');

-- --------------------------------------------------------

--
-- Structure de la table `resource_template`
--

DROP TABLE IF EXISTS `resource_template`;
CREATE TABLE IF NOT EXISTS `resource_template` (
  `id` int NOT NULL AUTO_INCREMENT,
  `owner_id` int DEFAULT NULL,
  `resource_class_id` int DEFAULT NULL,
  `title_property_id` int DEFAULT NULL,
  `description_property_id` int DEFAULT NULL,
  `label` varchar(190) CHARACTER SET utf8mb4 COLLATE utf8mb4_unicode_ci NOT NULL,
  PRIMARY KEY (`id`),
  UNIQUE KEY `UNIQ_39ECD52EEA750E8` (`label`),
  KEY `IDX_39ECD52E7E3C61F9` (`owner_id`),
  KEY `IDX_39ECD52E448CC1BD` (`resource_class_id`),
  KEY `IDX_39ECD52E724734A3` (`title_property_id`),
  KEY `IDX_39ECD52EB84E0D1D` (`description_property_id`)
) ENGINE=InnoDB AUTO_INCREMENT=8 DEFAULT CHARSET=utf8mb4 COLLATE=utf8mb4_unicode_ci;

--
-- Déchargement des données de la table `resource_template`
--

INSERT INTO `resource_template` (`id`, `owner_id`, `resource_class_id`, `title_property_id`, `description_property_id`, `label`) VALUES
(1, NULL, NULL, NULL, NULL, 'Base Resource'),
(2, 1, 107, 185, NULL, 'Titre'),
(4, 1, 106, 190, NULL, 'Utilisateur'),
(5, 1, 109, 194, NULL, 'Recherche'),
(6, 1, 110, 197, NULL, 'Suggestion'),
(7, 1, 108, 189, NULL, 'Artiste');

-- --------------------------------------------------------

--
-- Structure de la table `resource_template_property`
--

DROP TABLE IF EXISTS `resource_template_property`;
CREATE TABLE IF NOT EXISTS `resource_template_property` (
  `id` int NOT NULL AUTO_INCREMENT,
  `resource_template_id` int NOT NULL,
  `property_id` int NOT NULL,
  `alternate_label` varchar(255) CHARACTER SET utf8mb4 COLLATE utf8mb4_unicode_ci DEFAULT NULL,
  `alternate_comment` longtext CHARACTER SET utf8mb4 COLLATE utf8mb4_unicode_ci,
  `position` int DEFAULT NULL,
  `data_type` longtext CHARACTER SET utf8mb4 COLLATE utf8mb4_unicode_ci COMMENT '(DC2Type:json_array)',
  `is_required` tinyint(1) NOT NULL,
  `is_private` tinyint(1) NOT NULL,
  `default_lang` varchar(255) CHARACTER SET utf8mb4 COLLATE utf8mb4_unicode_ci DEFAULT NULL,
  PRIMARY KEY (`id`),
  UNIQUE KEY `UNIQ_4689E2F116131EA549213EC` (`resource_template_id`,`property_id`),
  KEY `IDX_4689E2F116131EA` (`resource_template_id`),
  KEY `IDX_4689E2F1549213EC` (`property_id`)
) ENGINE=InnoDB AUTO_INCREMENT=38 DEFAULT CHARSET=utf8mb4 COLLATE=utf8mb4_unicode_ci;

--
-- Déchargement des données de la table `resource_template_property`
--

INSERT INTO `resource_template_property` (`id`, `resource_template_id`, `property_id`, `alternate_label`, `alternate_comment`, `position`, `data_type`, `is_required`, `is_private`, `default_lang`) VALUES
(1, 1, 1, NULL, NULL, 1, NULL, 0, 0, NULL),
(2, 1, 15, NULL, NULL, 2, NULL, 0, 0, NULL),
(3, 1, 8, NULL, NULL, 3, NULL, 0, 0, NULL),
(4, 1, 2, NULL, NULL, 4, NULL, 0, 0, NULL),
(5, 1, 7, NULL, NULL, 5, NULL, 0, 0, NULL),
(6, 1, 4, NULL, NULL, 6, NULL, 0, 0, NULL),
(7, 1, 9, NULL, NULL, 7, NULL, 0, 0, NULL),
(8, 1, 12, NULL, NULL, 8, NULL, 0, 0, NULL),
(9, 1, 40, 'Place', NULL, 9, NULL, 0, 0, NULL),
(10, 1, 5, NULL, NULL, 10, NULL, 0, 0, NULL),
(11, 1, 17, NULL, NULL, 11, NULL, 0, 0, NULL),
(12, 1, 6, NULL, NULL, 12, NULL, 0, 0, NULL),
(13, 1, 25, NULL, NULL, 13, NULL, 0, 0, NULL),
(14, 1, 10, NULL, NULL, 14, NULL, 0, 0, NULL),
(15, 1, 13, NULL, NULL, 15, NULL, 0, 0, NULL),
(16, 1, 29, NULL, NULL, 16, NULL, 0, 0, NULL),
(17, 1, 30, NULL, NULL, 17, NULL, 0, 0, NULL),
(18, 1, 50, NULL, NULL, 18, NULL, 0, 0, NULL),
(19, 1, 3, NULL, NULL, 19, NULL, 0, 0, NULL),
(20, 1, 41, NULL, NULL, 20, NULL, 0, 0, NULL),
(21, 2, 185, NULL, NULL, 1, NULL, 0, 0, NULL),
(22, 2, 186, NULL, NULL, 2, NULL, 0, 0, NULL),
(23, 2, 187, NULL, NULL, 3, NULL, 0, 0, NULL),
(24, 2, 188, NULL, NULL, 4, NULL, 0, 0, NULL),
(26, 4, 190, NULL, NULL, 1, NULL, 0, 0, NULL),
(27, 4, 191, NULL, NULL, 2, NULL, 0, 0, NULL),
(28, 4, 192, NULL, NULL, 3, NULL, 0, 0, NULL),
(29, 4, 193, NULL, NULL, 4, NULL, 0, 0, NULL),
(30, 5, 194, NULL, NULL, 1, NULL, 0, 0, NULL),
(31, 5, 196, NULL, NULL, 2, NULL, 0, 0, NULL),
(32, 5, 195, NULL, NULL, 3, NULL, 0, 0, NULL),
(33, 6, 198, NULL, NULL, 1, NULL, 0, 0, NULL),
(34, 6, 197, NULL, NULL, 2, NULL, 0, 0, NULL),
(37, 7, 189, NULL, NULL, 1, NULL, 0, 0, NULL);

-- --------------------------------------------------------

--
-- Structure de la table `session`
--

DROP TABLE IF EXISTS `session`;
CREATE TABLE IF NOT EXISTS `session` (
  `id` varchar(190) CHARACTER SET utf8mb4 COLLATE utf8mb4_unicode_ci NOT NULL,
  `data` longblob NOT NULL,
  `modified` int NOT NULL,
  PRIMARY KEY (`id`)
) ENGINE=InnoDB DEFAULT CHARSET=utf8mb4 COLLATE=utf8mb4_unicode_ci;

--
-- Déchargement des données de la table `session`
--

INSERT INTO `session` (`id`, `data`, `modified`) VALUES
('02ppktuuu0dhp1tnt19kfuk7e2', 0x5f5f4c616d696e61737c613a333a7b733a32303a225f524551554553545f4143434553535f54494d45223b643a313736323630363530312e3839333039363b733a363a225f56414c4944223b613a313a7b733a32383a224c616d696e61735c53657373696f6e5c56616c696461746f725c4964223b733a32363a22303270706b747575753064687031746e7431396b66756b376532223b7d733a34323a224c616d696e61735f56616c696461746f725f437372665f73616c745f6c6f67696e666f726d5f63737266223b613a313a7b733a363a22455850495245223b693a313736323634393730323b7d7d72656469726563745f75726c7c733a35313a22687474703a2f2f6c6f63616c686f73742f6f6d6b5f544879705f32352d32365f636c6f6e652f6f6d656b612d732f61646d696e223b4c616d696e61735f56616c696461746f725f437372665f73616c745f6c6f67696e666f726d5f637372667c4f3a32363a224c616d696e61735c5374646c69625c41727261794f626a656374223a343a7b733a373a2273746f72616765223b613a323a7b733a393a22746f6b656e4c697374223b613a313a7b733a33323a223833316631323533623333326334656231336230316632313839376364643863223b733a33323a223262636561316433373838303561393062633331306261663566353264376332223b7d733a343a2268617368223b733a36353a2232626365613164333738383035613930626333313062616635663532643763322d3833316631323533623333326334656231336230316632313839376364643863223b7d733a343a22666c6167223b693a323b733a31333a226974657261746f72436c617373223b733a31333a2241727261794974657261746f72223b733a31393a2270726f74656374656450726f70657274696573223b613a343a7b693a303b733a373a2273746f72616765223b693a313b733a343a22666c6167223b693a323b733a31333a226974657261746f72436c617373223b693a333b733a31393a2270726f74656374656450726f70657274696573223b7d7d, 1762606502),
('0tmvu9fj3u43fngd87q06mvve8', 0x5f5f4c616d696e61737c613a363a7b733a32303a225f524551554553545f4143434553535f54494d45223b643a313736323235353831322e36373736373b733a363a225f56414c4944223b613a313a7b733a32383a224c616d696e61735c53657373696f6e5c56616c696461746f725c4964223b733a32363a226530376e6f6461686d766834386463656f656574746271637138223b7d733a34323a224c616d696e61735f56616c696461746f725f437372665f73616c745f6c6f67696e666f726d5f63737266223b613a313a7b733a363a22455850495245223b693a313736323238393631383b7d733a34343a224c616d696e61735f56616c696461746f725f437372665f73616c745f636f6e6669726d666f726d5f63737266223b613a313a7b733a363a22455850495245223b693a313736323239393031323b7d733a35333a224c616d696e61735f56616c696461746f725f437372665f73616c745f7265736f7572636574656d706c617465666f726d5f63737266223b613a313a7b733a363a22455850495245223b693a313736323239303433343b7d733a33323a224c616d696e61735f56616c696461746f725f437372665f73616c745f63737266223b613a313a7b733a363a22455850495245223b693a313736323239333139343b7d7d72656469726563745f75726c7c733a35363a22687474703a2f2f6c6f63616c686f73742f6f6d6b5f544879705f32352d32365f636c6f6e652f6f6d656b612d732f61646d696e2f6974656d223b4c616d696e61735f56616c696461746f725f437372665f73616c745f6c6f67696e666f726d5f637372667c4f3a32363a224c616d696e61735c5374646c69625c41727261794f626a656374223a343a7b733a373a2273746f72616765223b613a323a7b733a393a22746f6b656e4c697374223b613a313a7b733a33323a226264323664306635303861653861616363343232363864306332343638376164223b733a33323a226335396464656435303566346665656136336565313263313766626233373336223b7d733a343a2268617368223b733a36353a2263353964646564353035663466656561363365653132633137666262333733362d6264323664306635303861653861616363343232363864306332343638376164223b7d733a343a22666c6167223b693a323b733a31333a226974657261746f72436c617373223b733a31333a2241727261794974657261746f72223b733a31393a2270726f74656374656450726f70657274696573223b613a343a7b693a303b733a373a2273746f72616765223b693a313b733a343a22666c6167223b693a323b733a31333a226974657261746f72436c617373223b693a333b733a31393a2270726f74656374656450726f70657274696573223b7d7d4c616d696e61735f417574687c4f3a32363a224c616d696e61735c5374646c69625c41727261794f626a656374223a343a7b733a373a2273746f72616765223b613a313a7b733a373a2273746f72616765223b693a313b7d733a343a22666c6167223b693a323b733a31333a226974657261746f72436c617373223b733a31333a2241727261794974657261746f72223b733a31393a2270726f74656374656450726f70657274696573223b613a343a7b693a303b733a373a2273746f72616765223b693a313b733a343a22666c6167223b693a323b733a31333a226974657261746f72436c617373223b693a333b733a31393a2270726f74656374656450726f70657274696573223b7d7d4f6d656b614d657373656e6765727c4f3a32363a224c616d696e61735c5374646c69625c41727261794f626a656374223a343a7b733a373a2273746f72616765223b613a303a7b7d733a343a22666c6167223b693a323b733a31333a226974657261746f72436c617373223b733a31333a2241727261794974657261746f72223b733a31393a2270726f74656374656450726f70657274696573223b613a343a7b693a303b733a373a2273746f72616765223b693a313b733a343a22666c6167223b693a323b733a31333a226974657261746f72436c617373223b693a333b733a31393a2270726f74656374656450726f70657274696573223b7d7d4c616d696e61735f56616c696461746f725f437372665f73616c745f636f6e6669726d666f726d5f637372667c4f3a32363a224c616d696e61735c5374646c69625c41727261794f626a656374223a343a7b733a373a2273746f72616765223b613a323a7b733a393a22746f6b656e4c697374223b613a34323a7b733a33323a223564376164656166373062353461636330613862646565626633623465386233223b733a33323a226164623439616630653661643335626639646464396436363164343430646539223b733a33323a223938383261396663653863396130323036303734393966613638646366613165223b733a33323a223165396463363036346433396531326163653262356262333931313536336462223b733a33323a226361353931663534346564623431636165393338386239373737376631353262223b733a33323a223539393631376533666161343238636333366663353432663231313132363235223b733a33323a226330323463623363646233303966336561303832326262663064613064326537223b733a33323a223339393638653633393733373438313966633838623066663162313438326535223b733a33323a223537383864323233356131376165353866396438326138393838373930393534223b733a33323a223235663834333339666636376163383332646232346436313734393832663131223b733a33323a223133353830633862613966623265656237333536376165646236376166306165223b733a33323a223739316666363530363632326336396531666137333565393861366634363532223b733a33323a226336333230306237356136613666633238353534653831373964383338366464223b733a33323a226237663237333538303665333839303463643333623065303136306339336639223b733a33323a226164353831653662646633353736626335633135363334653563306162373439223b733a33323a223562636562363334303362336338336331376666666639396634623061393430223b733a33323a223363623038366539363736396662643465363037373533303639346165633938223b733a33323a223530313234666164656634376661613961343239613866613133396337326638223b733a33323a226164663633643538366633613136646532343932626165613364376438353165223b733a33323a223631326562313230376464333562626232346533643732643139303264636664223b733a33323a223338313066626564633333323035653832363763383939396164343466653139223b733a33323a223138646135313439643563613639376437653837346265336232383962656266223b733a33323a223464636437316664376265326265373139323064643430306662326231636538223b733a33323a223839386235633635333233303739643964343562643164373564653133393662223b733a33323a223564346165633830313362363235636134643235666165396239346637636461223b733a33323a226666646362393262356537646636633936646561653765333635373438313038223b733a33323a226434623961393234646336653365623832316536393663303964666534613738223b733a33323a223730663334376137633063313139663730353761373331313830313830373532223b733a33323a223334336266386366336562633965383465633738353533303266616437323235223b733a33323a223663366666653733656166663962666535393934363032623839383765303766223b733a33323a226332363034326137633564383036343531616561613631356533333339653362223b733a33323a226565306536626266376463623135623761633663303834623638616263646437223b733a33323a226463643666666435303366333333633265336662623863383639333231333332223b733a33323a223162306534626338643562313139663536356463393565363664383230383865223b733a33323a223431393862363835333863636563326436353466333731653765326163333536223b733a33323a223061646533346464383739373363393632363735343565306166623265316138223b733a33323a223864383465346631343539626438663864393766653737326264336337303263223b733a33323a223439386631303463616533333066343962646538633962646461656365646562223b733a33323a223136386563653862376463646361613064393866653630316466643863626262223b733a33323a223331343634633062353230366364306332303635383564386632336564643964223b733a33323a223633316636363363656531666539306265383835333737373164343565636261223b733a33323a226531646338306132623434623661336532616631663338623761373133393139223b733a33323a223936306237346330353364363662373637313065366235326437396631623737223b733a33323a223433316234393731626131373932356435356538353035393137356439333062223b733a33323a226462316638656337396162313166373637346530643538366639663437333636223b733a33323a226230323435303264633539623830396637376334633934323234306561636265223b733a33323a223532373835366631363033316537653934303666653662336231363936353361223b733a33323a226465363636343935333239366633633866616161356162396366616235363964223b733a33323a226361643435326539313031393161396365313630366437376262656537643533223b733a33323a223966383663393532613466373331663264643936646333343337363632396363223b733a33323a223932623932333162366166373461393266653366356235316534376632633235223b733a33323a226533643965653738373066623732616439346161326635386363353437633638223b733a33323a226336353936363535643731333135636664306233326634373766623834643062223b733a33323a223663346533343863356233396264303830626134653264393133396563326636223b733a33323a223037373737326437363233386261383438666333663633386636666138636231223b733a33323a226435383966663566636332623937663764663630396266633138373234373131223b733a33323a226638376362623566346332623835353330343162613263383562646338633130223b733a33323a223531326166636466333661386133376339313266636230333661353862393032223b733a33323a223965396331353037396138636137646131366164303761313032366132383339223b733a33323a223261303735306539393736653930346634346333386265313730383366656666223b733a33323a226561306166346232356331613666343130396566386534323735636563363732223b733a33323a226137313636653265656265633335303661613361653766636165643630313561223b733a33323a226236346262626232303063356536353361383435326462643861366631346435223b733a33323a226633353562653331643061303662623138613133373065396162626336646561223b733a33323a223137646365356234323534623435386263393066353164363362386161316333223b733a33323a226432366266303964386464376364343030303362363634343461393162393831223b733a33323a226165316562323465376564646332343433343062386332623431663262313833223b733a33323a226136666334663663376139643164346439643765363231643862383037343662223b733a33323a223762653334373363656439303734613836623834306530663331656361383661223b733a33323a223933633639376538356365353163393063386563363237643832313436633038223b733a33323a226665363235626439323862353837323564636666313832356564616633373036223b733a33323a226261303732396330326332663930613536633830663133333831653064623239223b733a33323a226661316462616632666538313131336561353237333438363037363163656163223b733a33323a223665303638323734396336653538316639393534313637393864363535313239223b733a33323a223037663265373661366635653066313939366634663061623938363931373763223b733a33323a223838653631303937316637333039363931613363393366633639333136383964223b733a33323a226336623734386630383134393262373065346533633237643163656638663330223b733a33323a223061666535333337653838346432306531633835373833303834346238613736223b733a33323a223837383936343661643337643234363138316136393838373231653137646566223b733a33323a223263653366316531363130663363376336623037613665313035313430636134223b733a33323a226532333165366533333430363862333531333530383436393736616165326264223b733a33323a226165323530383239623636666566316263333332326631383865383064633033223b733a33323a226262363533366463373562326131356161393562363639633339313262653964223b733a33323a223134346430643036663933623433333934323133303839643533613534303939223b7d733a343a2268617368223b733a36353a2231343464306430366639336234333339343231333038396435336135343039392d6262363533366463373562326131356161393562363639633339313262653964223b7d733a343a22666c6167223b693a323b733a31333a226974657261746f72436c617373223b733a31333a2241727261794974657261746f72223b733a31393a2270726f74656374656450726f70657274696573223b613a343a7b693a303b733a373a2273746f72616765223b693a313b733a343a22666c6167223b693a323b733a31333a226974657261746f72436c617373223b693a333b733a31393a2270726f74656374656450726f70657274696573223b7d7d4c616d696e61735f56616c696461746f725f437372665f73616c745f7265736f7572636574656d706c617465666f726d5f637372667c4f3a32363a224c616d696e61735c5374646c69625c41727261794f626a656374223a343a7b733a373a2273746f72616765223b613a323a7b733a393a22746f6b656e4c697374223b613a353a7b733a33323a223531643861333236343563336535393332303633333437653563643136333531223b733a33323a223266623035323834343036633735313832636439613365333533363538356436223b733a33323a226638366231363562646430333464636662633839383930636663633730643737223b733a33323a223164313538633864303662346134656337376332356439666535303831383265223b733a33323a223561636135383539376237623134313433623765383266363564383665653662223b733a33323a223164656461336230653635343335626432326565343664323931336236393237223b733a33323a226631623864303130323835303237363036666336393236313061656338316366223b733a33323a223662316638333132326563303438356634633738623435383433326334363065223b733a33323a223932313839316335383433613462326633303066643038333638353463613531223b733a33323a226464366266656539396539643135663831306238613839666364363366643761223b7d733a343a2268617368223b733a36353a2264643662666565393965396431356638313062386138396663643633666437612d3932313839316335383433613462326633303066643038333638353463613531223b7d733a343a22666c6167223b693a323b733a31333a226974657261746f72436c617373223b733a31333a2241727261794974657261746f72223b733a31393a2270726f74656374656450726f70657274696573223b613a343a7b693a303b733a373a2273746f72616765223b693a313b733a343a22666c6167223b693a323b733a31333a226974657261746f72436c617373223b693a333b733a31393a2270726f74656374656450726f70657274696573223b7d7d4c616d696e61735f56616c696461746f725f437372665f73616c745f637372667c4f3a32363a224c616d696e61735c5374646c69625c41727261794f626a656374223a343a7b733a373a2273746f72616765223b613a323a7b733a393a22746f6b656e4c697374223b613a343a7b733a33323a223864643361323062633435353638313536633664306463346532333539393635223b733a33323a223766313936333266663566653862643330376436653764306332346630393363223b733a33323a223430353934336635353831363732333163653433363462323361626363623738223b733a33323a223239373236366362366233396637343631643564633866663133613639656466223b733a33323a226463653539376238653866366539336635303236366131303232393332393035223b733a33323a226162313638316663353661343337363066633130356638633333336137376238223b733a33323a223837373861643133636434626564346466323931333563383032643337356264223b733a33323a226536393661363032383533373163363332663133326533363233636634653736223b7d733a343a2268617368223b733a36353a2265363936613630323835333731633633326631333265333632336366346537362d3837373861643133636434626564346466323931333563383032643337356264223b7d733a343a22666c6167223b693a323b733a31333a226974657261746f72436c617373223b733a31333a2241727261794974657261746f72223b733a31393a2270726f74656374656450726f70657274696573223b613a343a7b693a303b733a373a2273746f72616765223b693a313b733a343a22666c6167223b693a323b733a31333a226974657261746f72436c617373223b693a333b733a31393a2270726f74656374656450726f70657274696573223b7d7d, 1762255812),
('18kru5me5ts0jk6tmbk4ds37p4', 0x5f5f4c616d696e61737c613a323a7b733a32303a225f524551554553545f4143434553535f54494d45223b643a313736333633333638322e35373935373b733a363a225f56414c4944223b613a313a7b733a32383a224c616d696e61735c53657373696f6e5c56616c696461746f725c4964223b733a32363a2231386b7275356d65357473306a6b36746d626b34647333377034223b7d7d72656469726563745f75726c7c733a36343a22687474703a2f2f6c6f63616c686f73742f6f6d6b5f544879705f32352d32365f636c6f6e652f6f6d656b612d732f61646d696e2f6974656d2f36362f65646974223b, 1763633683),
('2h480pr08rb8c41lt2kjs8tt9e', 0x5f5f4c616d696e61737c613a353a7b733a32303a225f524551554553545f4143434553535f54494d45223b643a313736333832323332312e3931303036363b733a363a225f56414c4944223b613a313a7b733a32383a224c616d696e61735c53657373696f6e5c56616c696461746f725c4964223b733a32363a226f616f346235746d6b6e73656d6f6b366f3971386f7264666872223b7d733a34323a224c616d696e61735f56616c696461746f725f437372665f73616c745f6c6f67696e666f726d5f63737266223b613a313a7b733a363a22455850495245223b693a313736333836313434343b7d733a33323a224c616d696e61735f56616c696461746f725f437372665f73616c745f63737266223b613a313a7b733a363a22455850495245223b693a313736333836353531363b7d733a34343a224c616d696e61735f56616c696461746f725f437372665f73616c745f636f6e6669726d666f726d5f63737266223b613a313a7b733a363a22455850495245223b693a313736333836353530373b7d7d72656469726563745f75726c7c733a35383a22687474703a2f2f6c6f63616c686f73742f6f6d6b5f544879705f32352d32365f636c6f6e652f6f6d656b612d732f61646d696e2f6d6f64756c65223b4c616d696e61735f56616c696461746f725f437372665f73616c745f6c6f67696e666f726d5f637372667c4f3a32363a224c616d696e61735c5374646c69625c41727261794f626a656374223a343a7b733a373a2273746f72616765223b613a323a7b733a393a22746f6b656e4c697374223b613a313a7b733a33323a223463333531333864663937316238666338383239623730333835666134323738223b733a33323a223163626165346166653664643934376139663234303835623835643431336633223b7d733a343a2268617368223b733a36353a2231636261653461666536646439343761396632343038356238356434313366332d3463333531333864663937316238666338383239623730333835666134323738223b7d733a343a22666c6167223b693a323b733a31333a226974657261746f72436c617373223b733a31333a2241727261794974657261746f72223b733a31393a2270726f74656374656450726f70657274696573223b613a343a7b693a303b733a373a2273746f72616765223b693a313b733a343a22666c6167223b693a323b733a31333a226974657261746f72436c617373223b693a333b733a31393a2270726f74656374656450726f70657274696573223b7d7d4c616d696e61735f417574687c4f3a32363a224c616d696e61735c5374646c69625c41727261794f626a656374223a343a7b733a373a2273746f72616765223b613a313a7b733a373a2273746f72616765223b693a313b7d733a343a22666c6167223b693a323b733a31333a226974657261746f72436c617373223b733a31333a2241727261794974657261746f72223b733a31393a2270726f74656374656450726f70657274696573223b613a343a7b693a303b733a373a2273746f72616765223b693a313b733a343a22666c6167223b693a323b733a31333a226974657261746f72436c617373223b693a333b733a31393a2270726f74656374656450726f70657274696573223b7d7d4f6d656b614d657373656e6765727c4f3a32363a224c616d696e61735c5374646c69625c41727261794f626a656374223a343a7b733a373a2273746f72616765223b613a303a7b7d733a343a22666c6167223b693a323b733a31333a226974657261746f72436c617373223b733a31333a2241727261794974657261746f72223b733a31393a2270726f74656374656450726f70657274696573223b613a343a7b693a303b733a373a2273746f72616765223b693a313b733a343a22666c6167223b693a323b733a31333a226974657261746f72436c617373223b693a333b733a31393a2270726f74656374656450726f70657274696573223b7d7d4c616d696e61735f56616c696461746f725f437372665f73616c745f637372667c4f3a32363a224c616d696e61735c5374646c69625c41727261794f626a656374223a343a7b733a373a2273746f72616765223b613a323a7b733a393a22746f6b656e4c697374223b613a353a7b733a33323a223532626236633864356433393938306631316338363034393439663630626430223b733a33323a226639353532323139313266653031303230333963343433633135666630303734223b733a33323a223837333363366637343365333965623338653863623161623163363535656631223b733a33323a223036333431653936343435663637323739343037366531333133633866356436223b733a33323a223239303065623465353637303738313131643138323836633131353132626237223b733a33323a223233366436336635636432313732643662643866306134646361373162383133223b733a33323a226561653266356565643238343634643763376632323334316631353461633738223b733a33323a223331303035366535366662386636363332383030306431366637646236643433223b733a33323a223764383365666264643631343134646239393962663366306535336338633133223b733a33323a223832363733366339653437653537623837343238613434346139616637333961223b7d733a343a2268617368223b733a36353a2238323637333663396534376535376238373432386134343461396166373339612d3764383365666264643631343134646239393962663366306535336338633133223b7d733a343a22666c6167223b693a323b733a31333a226974657261746f72436c617373223b733a31333a2241727261794974657261746f72223b733a31393a2270726f74656374656450726f70657274696573223b613a343a7b693a303b733a373a2273746f72616765223b693a313b733a343a22666c6167223b693a323b733a31333a226974657261746f72436c617373223b693a333b733a31393a2270726f74656374656450726f70657274696573223b7d7d4c616d696e61735f56616c696461746f725f437372665f73616c745f636f6e6669726d666f726d5f637372667c4f3a32363a224c616d696e61735c5374646c69625c41727261794f626a656374223a343a7b733a373a2273746f72616765223b613a323a7b733a393a22746f6b656e4c697374223b613a363a7b733a33323a226236323336623838326566343832373933363032373130336461633138383638223b733a33323a223161363764313635373430376264623161316538613862356331346137663964223b733a33323a223161393736306531656535386561646533346232376465366534336166316130223b733a33323a223338323137613037393838303230333363393465366239653139643330363233223b733a33323a226461306535376437313630343231313964313765313131656566356565646665223b733a33323a223862613035643762303761643665653334356364663235353764383931343165223b733a33323a223861636634613136356538663566623862393530376263306433383332346239223b733a33323a226137633961313562323364356533666135346638633630383363323238643865223b733a33323a223662346163666539313038343832663336343333306361343538313936336337223b733a33323a223962626463343737376664613532663961303135623139646434356165636637223b733a33323a223637656339616134336533373138373965346465336633633137383232316364223b733a33323a223335666662306334356637386366323731646263386236373030316538356339223b7d733a343a2268617368223b733a36353a2233356666623063343566373863663237316462633862363730303165383563392d3637656339616134336533373138373965346465336633633137383232316364223b7d733a343a22666c6167223b693a323b733a31333a226974657261746f72436c617373223b733a31333a2241727261794974657261746f72223b733a31393a2270726f74656374656450726f70657274696573223b613a343a7b693a303b733a373a2273746f72616765223b693a313b733a343a22666c6167223b693a323b733a31333a226974657261746f72436c617373223b693a333b733a31393a2270726f74656374656450726f70657274696573223b7d7d, 1763822322),
('2i0vralru1bcdm067ad9b5qduc', 0x5f5f4c616d696e61737c613a353a7b733a32303a225f524551554553545f4143434553535f54494d45223b643a313736343834353533322e3437353037353b733a363a225f56414c4944223b613a313a7b733a32383a224c616d696e61735c53657373696f6e5c56616c696461746f725c4964223b733a32363a22377472766c633974746366756d736b31626d73726562356d616e223b7d733a34323a224c616d696e61735f56616c696461746f725f437372665f73616c745f6c6f67696e666f726d5f63737266223b613a313a7b733a363a22455850495245223b693a313736343838343739343b7d733a33323a224c616d696e61735f56616c696461746f725f437372665f73616c745f63737266223b613a313a7b733a363a22455850495245223b693a313736343838343830303b7d733a34343a224c616d696e61735f56616c696461746f725f437372665f73616c745f636f6e6669726d666f726d5f63737266223b613a313a7b733a363a22455850495245223b693a313736343838383733323b7d7d72656469726563745f75726c7c733a35383a22687474703a2f2f6c6f63616c686f73742f6f6d6b5f746879705f32352d32365f636c6f6e652f6f6d656b612d732f61646d696e2f6d6f64756c65223b4c616d696e61735f56616c696461746f725f437372665f73616c745f6c6f67696e666f726d5f637372667c4f3a32363a224c616d696e61735c5374646c69625c41727261794f626a656374223a343a7b733a373a2273746f72616765223b613a323a7b733a393a22746f6b656e4c697374223b613a313a7b733a33323a226263666330653865383464363764376531623435306537663833366139383164223b733a33323a223933323864633562316637343430643130643466343165373834613736616635223b7d733a343a2268617368223b733a36353a2239333238646335623166373434306431306434663431653738346137366166352d6263666330653865383464363764376531623435306537663833366139383164223b7d733a343a22666c6167223b693a323b733a31333a226974657261746f72436c617373223b733a31333a2241727261794974657261746f72223b733a31393a2270726f74656374656450726f70657274696573223b613a343a7b693a303b733a373a2273746f72616765223b693a313b733a343a22666c6167223b693a323b733a31333a226974657261746f72436c617373223b693a333b733a31393a2270726f74656374656450726f70657274696573223b7d7d4c616d696e61735f417574687c4f3a32363a224c616d696e61735c5374646c69625c41727261794f626a656374223a343a7b733a373a2273746f72616765223b613a313a7b733a373a2273746f72616765223b693a313b7d733a343a22666c6167223b693a323b733a31333a226974657261746f72436c617373223b733a31333a2241727261794974657261746f72223b733a31393a2270726f74656374656450726f70657274696573223b613a343a7b693a303b733a373a2273746f72616765223b693a313b733a343a22666c6167223b693a323b733a31333a226974657261746f72436c617373223b693a333b733a31393a2270726f74656374656450726f70657274696573223b7d7d4f6d656b614d657373656e6765727c4f3a32363a224c616d696e61735c5374646c69625c41727261794f626a656374223a343a7b733a373a2273746f72616765223b613a303a7b7d733a343a22666c6167223b693a323b733a31333a226974657261746f72436c617373223b733a31333a2241727261794974657261746f72223b733a31393a2270726f74656374656450726f70657274696573223b613a343a7b693a303b733a373a2273746f72616765223b693a313b733a343a22666c6167223b693a323b733a31333a226974657261746f72436c617373223b693a333b733a31393a2270726f74656374656450726f70657274696573223b7d7d4c616d696e61735f56616c696461746f725f437372665f73616c745f637372667c4f3a32363a224c616d696e61735c5374646c69625c41727261794f626a656374223a343a7b733a373a2273746f72616765223b613a323a7b733a393a22746f6b656e4c697374223b613a323a7b733a33323a223331376136393666323233336163646332623662363039316566303562323933223b733a33323a226361663834323264666261316535386466343131653133633630333039343035223b733a33323a223066656563306665376562666332303366333938386366613666626636366639223b733a33323a223863343737356531343363356666656134303563633937333230623533363432223b7d733a343a2268617368223b733a36353a2238633437373565313433633566666561343035636339373332306235333634322d3066656563306665376562666332303366333938386366613666626636366639223b7d733a343a22666c6167223b693a323b733a31333a226974657261746f72436c617373223b733a31333a2241727261794974657261746f72223b733a31393a2270726f74656374656450726f70657274696573223b613a343a7b693a303b733a373a2273746f72616765223b693a313b733a343a22666c6167223b693a323b733a31333a226974657261746f72436c617373223b693a333b733a31393a2270726f74656374656450726f70657274696573223b7d7d4c616d696e61735f56616c696461746f725f437372665f73616c745f636f6e6669726d666f726d5f637372667c4f3a32363a224c616d696e61735c5374646c69625c41727261794f626a656374223a343a7b733a373a2273746f72616765223b613a323a7b733a393a22746f6b656e4c697374223b613a343a7b733a33323a223265666631356262663037376334333863646436363961393863303635363032223b733a33323a226533313031633033303030396164353935393530336163643831323232303839223b733a33323a223462623838333464646362663961393733653831303032613536383738393463223b733a33323a226562383464393535376234633661666166396430363933323939666237386434223b733a33323a223263653138336264356634363239633763333639636164363537333134373734223b733a33323a223664393634383737353766393563613535326437326236653332643231643066223b733a33323a223235346361313436633965643033316639383832306562353863383637323566223b733a33323a223932636662356161666663363034343433323736643265363464366561653836223b7d733a343a2268617368223b733a36353a2239326366623561616666633630343434333237366432653634643665616538362d3235346361313436633965643033316639383832306562353863383637323566223b7d733a343a22666c6167223b693a323b733a31333a226974657261746f72436c617373223b733a31333a2241727261794974657261746f72223b733a31393a2270726f74656374656450726f70657274696573223b613a343a7b693a303b733a373a2273746f72616765223b693a313b733a343a22666c6167223b693a323b733a31333a226974657261746f72436c617373223b693a333b733a31393a2270726f74656374656450726f70657274696573223b7d7d, 1764845532),
('2lg7njcrjd37td0d07cp0300t6', 0x5f5f4c616d696e61737c613a323a7b733a32303a225f524551554553545f4143434553535f54494d45223b643a313736343834313537312e3830313835373b733a363a225f56414c4944223b613a313a7b733a32383a224c616d696e61735c53657373696f6e5c56616c696461746f725c4964223b733a32363a22326c67376e6a63726a6433377464306430376370303330307436223b7d7d, 1764841575),
('2om3mn9tqhic2kphq9epqe9ti8', 0x5f5f4c616d696e61737c613a333a7b733a32303a225f524551554553545f4143434553535f54494d45223b643a313736343037323130342e3334363739373b733a363a225f56414c4944223b613a313a7b733a32383a224c616d696e61735c53657373696f6e5c56616c696461746f725c4964223b733a32363a22326f6d336d6e397471686963326b706871396570716539746938223b7d733a34323a224c616d696e61735f56616c696461746f725f437372665f73616c745f6c6f67696e666f726d5f63737266223b613a313a7b733a363a22455850495245223b693a313736343131353330343b7d7d72656469726563745f75726c7c733a35383a22687474703a2f2f6c6f63616c686f73742f6f6d6b5f544879705f32352d32365f636c6f6e652f6f6d656b612d732f61646d696e2f6d6f64756c65223b4c616d696e61735f56616c696461746f725f437372665f73616c745f6c6f67696e666f726d5f637372667c4f3a32363a224c616d696e61735c5374646c69625c41727261794f626a656374223a343a7b733a373a2273746f72616765223b613a323a7b733a393a22746f6b656e4c697374223b613a323a7b733a33323a223532373064323331303332373131636637663965636439393965333736333961223b733a33323a223539373033613234623836633665303431633630353532373335633062326532223b733a33323a223132356338363838316265343837646337313666343739343332643831613063223b733a33323a223735303036656230653834666131383135613235643632356131643033363435223b7d733a343a2268617368223b733a36353a2237353030366562306538346661313831356132356436323561316430333634352d3132356338363838316265343837646337313666343739343332643831613063223b7d733a343a22666c6167223b693a323b733a31333a226974657261746f72436c617373223b733a31333a2241727261794974657261746f72223b733a31393a2270726f74656374656450726f70657274696573223b613a343a7b693a303b733a373a2273746f72616765223b693a313b733a343a22666c6167223b693a323b733a31333a226974657261746f72436c617373223b693a333b733a31393a2270726f74656374656450726f70657274696573223b7d7d, 1764072104),
('32l7m7sc183v13tknrhpsrrg7d', 0x5f5f4c616d696e61737c613a353a7b733a32303a225f524551554553545f4143434553535f54494d45223b643a313736343637373437312e3933333433343b733a363a225f56414c4944223b613a313a7b733a32383a224c616d696e61735c53657373696f6e5c56616c696461746f725c4964223b733a32363a226f64676170643963366339716665693176646a316b6968763875223b7d733a34323a224c616d696e61735f56616c696461746f725f437372665f73616c745f6c6f67696e666f726d5f63737266223b613a313a7b733a363a22455850495245223b693a313736343730363431333b7d733a33323a224c616d696e61735f56616c696461746f725f437372665f73616c745f63737266223b613a313a7b733a363a22455850495245223b693a313736343731343836313b7d733a34343a224c616d696e61735f56616c696461746f725f437372665f73616c745f636f6e6669726d666f726d5f63737266223b613a313a7b733a363a22455850495245223b693a313736343730383536353b7d7d72656469726563745f75726c7c733a35313a22687474703a2f2f6c6f63616c686f73742f6f6d6b5f746879705f32352d32365f636c6f6e652f6f6d656b612d732f61646d696e223b4c616d696e61735f56616c696461746f725f437372665f73616c745f6c6f67696e666f726d5f637372667c4f3a32363a224c616d696e61735c5374646c69625c41727261794f626a656374223a343a7b733a373a2273746f72616765223b613a323a7b733a393a22746f6b656e4c697374223b613a323a7b733a33323a223834633039373135653364646132393134636338623434386233336238323461223b733a33323a226131663837383233363830353533636338356163613939366139626633636439223b733a33323a223437663264386566393166323933386463313566613030353965353136643138223b733a33323a226534613865383938626236663035613066643962336237666534396331653637223b7d733a343a2268617368223b733a36353a2265346138653839386262366630356130666439623362376665343963316536372d3437663264386566393166323933386463313566613030353965353136643138223b7d733a343a22666c6167223b693a323b733a31333a226974657261746f72436c617373223b733a31333a2241727261794974657261746f72223b733a31393a2270726f74656374656450726f70657274696573223b613a343a7b693a303b733a373a2273746f72616765223b693a313b733a343a22666c6167223b693a323b733a31333a226974657261746f72436c617373223b693a333b733a31393a2270726f74656374656450726f70657274696573223b7d7d4c616d696e61735f417574687c4f3a32363a224c616d696e61735c5374646c69625c41727261794f626a656374223a343a7b733a373a2273746f72616765223b613a313a7b733a373a2273746f72616765223b693a313b7d733a343a22666c6167223b693a323b733a31333a226974657261746f72436c617373223b733a31333a2241727261794974657261746f72223b733a31393a2270726f74656374656450726f70657274696573223b613a343a7b693a303b733a373a2273746f72616765223b693a313b733a343a22666c6167223b693a323b733a31333a226974657261746f72436c617373223b693a333b733a31393a2270726f74656374656450726f70657274696573223b7d7d4f6d656b614d657373656e6765727c4f3a32363a224c616d696e61735c5374646c69625c41727261794f626a656374223a343a7b733a373a2273746f72616765223b613a303a7b7d733a343a22666c6167223b693a323b733a31333a226974657261746f72436c617373223b733a31333a2241727261794974657261746f72223b733a31393a2270726f74656374656450726f70657274696573223b613a343a7b693a303b733a373a2273746f72616765223b693a313b733a343a22666c6167223b693a323b733a31333a226974657261746f72436c617373223b693a333b733a31393a2270726f74656374656450726f70657274696573223b7d7d4c616d696e61735f56616c696461746f725f437372665f73616c745f637372667c4f3a32363a224c616d696e61735c5374646c69625c41727261794f626a656374223a343a7b733a373a2273746f72616765223b613a323a7b733a393a22746f6b656e4c697374223b613a32343a7b733a33323a223262383138343430656564356163303931376233353733343632636137393263223b733a33323a226264646133626561613431386461306639633362316332316265376139613035223b733a33323a223338336361656531613331353936366265613730393232636637303761663331223b733a33323a223337363230333961373839326239363363656535313736636632633831626263223b733a33323a223930393337396432366230306164653434333762393836363262323733333131223b733a33323a226463336436373062316465653964373639666166346361343835653731666135223b733a33323a226362636131316238373538363432633531663561326131353537663530656232223b733a33323a226264363334323365306566663337376332626366393961626136636464616262223b733a33323a223536336230373565623634333634323132346238323330636538646234653430223b733a33323a223633633530383231303038336163346339633537633735646565626637393230223b733a33323a223733653763313062383765383262653164643637656665393266633530623661223b733a33323a223634663039363231363962356633653536353730656634316539633139623565223b733a33323a226466383638626366333835366438343663336566306264306562383865643963223b733a33323a223530336231383036383263343137653937393833356438316165313164356164223b733a33323a226532663765656663313937343836393736613037303533366630363834346661223b733a33323a223165323639373130643331383034343832613537616134353031623864313435223b733a33323a226636653266613937383636346264383331653531383339393966333838653266223b733a33323a223565663732323164316366623636333738636666343730333238653761386336223b733a33323a223166656239346631343661326437616265343937383836326564663961363566223b733a33323a226335666566363265656333346165383865663364666533316634323131343964223b733a33323a223636386565393736383737326466373864396230356233393034616535353230223b733a33323a223736356539383135623031366235306539343236646133353838323734363666223b733a33323a226165663238326536396234646164363335643236616263616362336366326133223b733a33323a226234653630396132363362323932626431313332623636346562643135386231223b733a33323a226466373261663365656136656262636338623531393437383936316238323930223b733a33323a223963643532613965393663313938363161383134346134303633663536386363223b733a33323a226461633533333039653965633932393266386563373439396564666234386332223b733a33323a223061386331393364363336646533666238623266356461346634613332663436223b733a33323a226533363632323837356634363133633065333165323962613335653330323862223b733a33323a223535613235653463303931313736633763666435646563316165653037396635223b733a33323a223563616139643132376262343430336635393932313632333434343535633935223b733a33323a223530383539653939393862386133396137636364636632633630313263393064223b733a33323a226263663531383764663836333234653062323438393233396161366539343430223b733a33323a226233306637336431313333373565333235393731393265623432326235383465223b733a33323a226663613034303935376330333633633331343163366232383739623033383631223b733a33323a223131393632633030373730323064316564653732303930383163646230633936223b733a33323a226633613137646138323432366661303965303062396432626435393362396237223b733a33323a223435353139366239323632373362346565333033373639663630376131623065223b733a33323a223334643765343162356531613263396333666536326639626165343831356336223b733a33323a226134323335303764326635386437373636386466343062336232613435336666223b733a33323a223031383563313934663431316666633135393533636365316361356539373866223b733a33323a226163323563396333376365376566333733386232633436613661613230386331223b733a33323a226139343162623635656263376632323333343335306135346135636639383265223b733a33323a223961333461653135663562323738346431393930633638386531346330336238223b733a33323a226563303539373766333462393065316161356162656463353839303236393533223b733a33323a223336373932623764396632396361313764666130303766336635646163383965223b733a33323a226135313437626234653337633337356663366464366161616561636265616166223b733a33323a223930663263323038346130353665383766343337623332343732623065333035223b7d733a343a2268617368223b733a36353a2239306632633230383461303536653837663433376233323437326230653330352d6135313437626234653337633337356663366464366161616561636265616166223b7d733a343a22666c6167223b693a323b733a31333a226974657261746f72436c617373223b733a31333a2241727261794974657261746f72223b733a31393a2270726f74656374656450726f70657274696573223b613a343a7b693a303b733a373a2273746f72616765223b693a313b733a343a22666c6167223b693a323b733a31333a226974657261746f72436c617373223b693a333b733a31393a2270726f74656374656450726f70657274696573223b7d7d4c616d696e61735f56616c696461746f725f437372665f73616c745f636f6e6669726d666f726d5f637372667c4f3a32363a224c616d696e61735c5374646c69625c41727261794f626a656374223a343a7b733a373a2273746f72616765223b613a323a7b733a393a22746f6b656e4c697374223b613a31303a7b733a33323a226161623439366333333665333434396365383661373065653766613564363336223b733a33323a226234313363653237373463663735623037363934346136343438613138663364223b733a33323a223435376333323762393638646364333365613131643962366236656666353638223b733a33323a226264656438653431306464383362343535643439313935636635336563343233223b733a33323a226164643339666534656564313635306264633534373762613130653063316335223b733a33323a223330636466653137323730363237623935373165353330393061376563623036223b733a33323a223034653933306265376466396439653130623161313238383761323031633134223b733a33323a223965633132336466336566346666643039326334343230663462356539623064223b733a33323a223764323739383335303632316533313933383162393662373837616333626538223b733a33323a223266376633336666383434366331626239663739313135376261333730636261223b733a33323a223266356666333062633232396638336434663262663330316138326332636162223b733a33323a223461623538613664376539656564613139373135346536663963336463343031223b733a33323a223933613132393832326162366565623432356231366231326664636634383738223b733a33323a223136643139633564356437373064656333393633393236333639386134353038223b733a33323a226361303333383934653835353632326162353462643437656636616232373165223b733a33323a223663616563333438373837643961616433373365336535633132633366646331223b733a33323a223866653638366462626463326535633634366166333234666438373335646632223b733a33323a226332616436646630366561346232666362343336653462666336643432333663223b733a33323a226235636137343266306438633462643338633531343330366534353564333135223b733a33323a223036613834383563616334643264623431666162313162333639633430303562223b7d733a343a2268617368223b733a36353a2230366138343835636163346432646234316661623131623336396334303035622d6235636137343266306438633462643338633531343330366534353564333135223b7d733a343a22666c6167223b693a323b733a31333a226974657261746f72436c617373223b733a31333a2241727261794974657261746f72223b733a31393a2270726f74656374656450726f70657274696573223b613a343a7b693a303b733a373a2273746f72616765223b693a313b733a343a22666c6167223b693a323b733a31333a226974657261746f72436c617373223b693a333b733a31393a2270726f74656374656450726f70657274696573223b7d7d, 1764677476);
INSERT INTO `session` (`id`, `data`, `modified`) VALUES
('3q1aujv10ekandqkhkb3hoo3tb', 0x5f5f4c616d696e61737c613a363a7b733a32303a225f524551554553545f4143434553535f54494d45223b643a313736313035303231352e3334373531383b733a363a225f56414c4944223b613a313a7b733a32383a224c616d696e61735c53657373696f6e5c56616c696461746f725c4964223b733a32363a22706531756f61626876737534733436623633376e767333306771223b7d733a34323a224c616d696e61735f56616c696461746f725f437372665f73616c745f6c6f67696e666f726d5f63737266223b613a313a7b733a363a22455850495245223b693a313736313037333636393b7d733a34343a224c616d696e61735f56616c696461746f725f437372665f73616c745f636f6e6669726d666f726d5f63737266223b613a313a7b733a363a22455850495245223b693a313736313039333431353b7d733a33323a224c616d696e61735f56616c696461746f725f437372665f73616c745f63737266223b613a313a7b733a363a22455850495245223b693a313736313039323535343b7d733a35333a224c616d696e61735f56616c696461746f725f437372665f73616c745f7265736f7572636574656d706c617465666f726d5f63737266223b613a313a7b733a363a22455850495245223b693a313736313038373632363b7d7d72656469726563745f75726c7c733a33373a22687474703a2f2f6c6f63616c686f73742f6f6d656b61532f6f6d656b612d732f61646d696e223b4c616d696e61735f56616c696461746f725f437372665f73616c745f6c6f67696e666f726d5f637372667c4f3a32363a224c616d696e61735c5374646c69625c41727261794f626a656374223a343a7b733a373a2273746f72616765223b613a323a7b733a393a22746f6b656e4c697374223b613a313a7b733a33323a223063633334303337373538633339636339633932353665373839363465313037223b733a33323a226131616363666165343566643461643664373135323261396365316162623536223b7d733a343a2268617368223b733a36353a2261316163636661653435666434616436643731353232613963653161626235362d3063633334303337373538633339636339633932353665373839363465313037223b7d733a343a22666c6167223b693a323b733a31333a226974657261746f72436c617373223b733a31333a2241727261794974657261746f72223b733a31393a2270726f74656374656450726f70657274696573223b613a343a7b693a303b733a373a2273746f72616765223b693a313b733a343a22666c6167223b693a323b733a31333a226974657261746f72436c617373223b693a333b733a31393a2270726f74656374656450726f70657274696573223b7d7d4c616d696e61735f417574687c4f3a32363a224c616d696e61735c5374646c69625c41727261794f626a656374223a343a7b733a373a2273746f72616765223b613a313a7b733a373a2273746f72616765223b693a313b7d733a343a22666c6167223b693a323b733a31333a226974657261746f72436c617373223b733a31333a2241727261794974657261746f72223b733a31393a2270726f74656374656450726f70657274696573223b613a343a7b693a303b733a373a2273746f72616765223b693a313b733a343a22666c6167223b693a323b733a31333a226974657261746f72436c617373223b693a333b733a31393a2270726f74656374656450726f70657274696573223b7d7d4f6d656b614d657373656e6765727c4f3a32363a224c616d696e61735c5374646c69625c41727261794f626a656374223a343a7b733a373a2273746f72616765223b613a303a7b7d733a343a22666c6167223b693a323b733a31333a226974657261746f72436c617373223b733a31333a2241727261794974657261746f72223b733a31393a2270726f74656374656450726f70657274696573223b613a343a7b693a303b733a373a2273746f72616765223b693a313b733a343a22666c6167223b693a323b733a31333a226974657261746f72436c617373223b693a333b733a31393a2270726f74656374656450726f70657274696573223b7d7d4c616d696e61735f56616c696461746f725f437372665f73616c745f636f6e6669726d666f726d5f637372667c4f3a32363a224c616d696e61735c5374646c69625c41727261794f626a656374223a343a7b733a373a2273746f72616765223b613a323a7b733a393a22746f6b656e4c697374223b613a34393a7b733a33323a223566316562306661306361396236396463376531623836393835646532656461223b733a33323a226432616338633632336561623562373633666539383333613761636466636138223b733a33323a226635306632343365386433353437623231326662663238383639613036363262223b733a33323a226230626231326634303234386363663933366634306533356262623933626539223b733a33323a223562623165626662663737346538363962323165373738303838626539663864223b733a33323a223939633033306665366136623038333432373563353866653264653838313834223b733a33323a223832303032313063356234373261626336353233666430303663646631636164223b733a33323a223366353062386665356663323932666161656263303139363030386463343433223b733a33323a223631393463346437393063323461316138393936646564376432346265373437223b733a33323a223331613731626633323961396161336461393538396234383239373935306337223b733a33323a226639383261636130393637663535633837396431643363326330653062626130223b733a33323a223033636531326433633331356134653264306365656335613362636464636437223b733a33323a226536313032636334653263363766626336373162323037316131303330373430223b733a33323a223935393966363639663431633063306138323361336363613335613233633862223b733a33323a226464396637353832616232316535623031383637373538383933326535333163223b733a33323a223164613566363438383462376161356332366537666663303538663466613366223b733a33323a223134383833303437666539386331303934313037373062666265326563336136223b733a33323a223230663437376566336532333737383462366662623734653739653735376663223b733a33323a223965303433316562393463353536636336666337306335623535666365373235223b733a33323a223937313633373131636339326330663564653061306664343762653566313161223b733a33323a226563313062653733363534373363636633663332386336643064616135393063223b733a33323a223863343164383435626430626337333863353632633632653433643337386631223b733a33323a226133336332633466616361313162373966313665306239326164343162303962223b733a33323a223434313363653039313562633266356161313033666638313264323266623133223b733a33323a223363313538343439616665373461663432323830366464663936326362313963223b733a33323a223833363937373433643630626163656462313136336336333736666666656133223b733a33323a223934343233623764636264616135333137656330656439663937613366373365223b733a33323a226436636366383561306334323834616131313763386130343562616136393732223b733a33323a223234646562383263323730326462663366643535323264316636626165396566223b733a33323a223465653633626364343639303937393237326631326162623135343662383362223b733a33323a226363636530663932623766386538623739666632396330613265326135343665223b733a33323a226262636436316163333431653737323565396638383765326665653664373433223b733a33323a223566666435623633373462356234356331623336636431653666376635643336223b733a33323a223735616232336538666234323062626634363361343061643538353561616432223b733a33323a223730313338353536386135386562343461323535303865303432326666643964223b733a33323a226633626432666235353134346234316262623366353435626534646137663439223b733a33323a223232356232303735366265656534626266656562363231383034363139386636223b733a33323a223163366435316463306163653039303262356136623231396662336430323232223b733a33323a226130346263616465663863623532366636393361393561373936646434333731223b733a33323a223237633465346236373563643533336264323664366465326135353537636331223b733a33323a223461643866383536643131653561653965643933613866623835356235656666223b733a33323a223639326163346234326164303865323766663636616663626334666166643738223b733a33323a223765643964316165346432343866313362366230383639366166343163316239223b733a33323a223738383766366531326336616232653934636637636162353965366336623064223b733a33323a223530623161333636323334363637333261313364383834373663663866656135223b733a33323a226636373563323161663061376637376366383833666664626134333739316434223b733a33323a223864656639373135653139366632333031333362646364366364316632316662223b733a33323a223731663563303239336162393763383735313039323834633438626335653361223b733a33323a226666633834633062613438313135656531356330656330633537356137633162223b733a33323a223231353563623065336566636261353763393834633334366637613962343832223b733a33323a223538616538346462346634396264626131373161366638373266666330396663223b733a33323a223335613037336137303064663532316638323131313339316332626362306266223b733a33323a223930323439653737613464306564383036306634653964366631623332646362223b733a33323a226530623565343237623639666363343637663962613538313866366662636539223b733a33323a223235386336313739663635643132666631656639386663333730663736316464223b733a33323a223963393133656333333861356235653966316139643933356439616666643430223b733a33323a226464353739313530366136656165643136343561343933326332373739326561223b733a33323a223139323264616334366435623338316433643431366539373031346664386239223b733a33323a223730333064306163313031616664313533316630653964373334356132373335223b733a33323a223535343265353237616136303161343064636338666234343765313164373633223b733a33323a223963613730366338393032356462343934353838386431613831653436363063223b733a33323a223634643335336539616335633630643031323034616439303135643338643061223b733a33323a223065663330663738363561323261316463383737383032636231323132313038223b733a33323a226431386439326438656234653833646235326266373262313637633430636331223b733a33323a226134633663333737303466393939386261363466623464353235353763643736223b733a33323a223765643231653334366161393933376332396130353565363538646133653336223b733a33323a223639303266303730316436313962326233663838353262613431353435643061223b733a33323a223732623966373865636662316633346264633531376635666663653461643833223b733a33323a226432376636376337316262363830643239663663323431613366656634326662223b733a33323a226134643934333136356434303665306131303932363062326132383932633431223b733a33323a223733633135623737396164383063306562333365336461323463353130323331223b733a33323a226564656534333039613662363737303038333536363332386636313638356663223b733a33323a223963616366316363396530343366623966623663663132623136393066633136223b733a33323a226162336435646661353062653735306434333830383439316161333539613536223b733a33323a223135383630616636626462666535636238306530366662613733353261396464223b733a33323a226435393464336334663466633265393262663237383533636131303731663331223b733a33323a223665366537316136316437653161666234393835626663656634316330623763223b733a33323a223966343732663538653163663035303234633737343832313461613335653136223b733a33323a226366653163366137323564346361396361643233613539346535386534313661223b733a33323a223364626532613636623932313137663034336362616335386434633165383835223b733a33323a226537656537313230366439613337623536386461376339356139306461333236223b733a33323a226231356162613639663036366630313031356538313661333731303133623234223b733a33323a226633616238633537326263363030336665356437306539336263393733396163223b733a33323a226131316163653864373665383632316462393734663430343732643065663433223b733a33323a223361376164616663326463396162666161326264616463646162353035336432223b733a33323a223763386438353362303236663366393636646535333437313561336263383136223b733a33323a226139613331336532366134343461356532353437306363303862666561323763223b733a33323a226130666465306563363533646561386134326361393638343361393362636239223b733a33323a223435343833636563613264656430373631656433636432643866343137613435223b733a33323a226236623737306165393530303635656630373430643937326264656638656361223b733a33323a223066616132316636613435613435633433323365323438303931623262376534223b733a33323a226636666662613338393530633637303637313332343239373430383565666637223b733a33323a223865623931653539386431353632336163396262613065616231343066306235223b733a33323a226564396532643231636330633937393438333135343932303765353735323734223b733a33323a223835356565386333666464623934393566326334303638623537396565386262223b733a33323a223833313330343732303066663039383164633131326134313832646566643233223b733a33323a223964363061623462346261383438613961663135623734366432373861393062223b733a33323a226364373838363538333730613233653738323765636266303064316330616263223b7d733a343a2268617368223b733a36353a2263643738383635383337306132336537383237656362663030643163306162632d3964363061623462346261383438613961663135623734366432373861393062223b7d733a343a22666c6167223b693a323b733a31333a226974657261746f72436c617373223b733a31333a2241727261794974657261746f72223b733a31393a2270726f74656374656450726f70657274696573223b613a343a7b693a303b733a373a2273746f72616765223b693a313b733a343a22666c6167223b693a323b733a31333a226974657261746f72436c617373223b693a333b733a31393a2270726f74656374656450726f70657274696573223b7d7d4c616d696e61735f56616c696461746f725f437372665f73616c745f637372667c4f3a32363a224c616d696e61735c5374646c69625c41727261794f626a656374223a343a7b733a373a2273746f72616765223b613a323a7b733a393a22746f6b656e4c697374223b613a31353a7b733a33323a226437663334646465653236376565383466613163633333626265336530363137223b733a33323a226261353837383430363961343138656639376637633532376639653965303663223b733a33323a226130343166356430663765313034613232663961353665643138346365663661223b733a33323a223134663564633538383937663537336161303666393562666239613537356134223b733a33323a226239613063643430326139396137383966383464343938376239633035653437223b733a33323a223238646533656562343961643533643438336366663739646266303264313333223b733a33323a223364663436323632303339353466666135666465346262636464626132363431223b733a33323a226334306162643438396361626534303130323962386330306665373264633062223b733a33323a226438393466663562653738333036656264653630383261363962376230376537223b733a33323a223661356636373563343438373837393039353534363330363961353865373663223b733a33323a223664343865373630343237353131613338363262396534366365313833323133223b733a33323a226666663730626539643233343561626363666561336134393363666132646430223b733a33323a223934393864633965393663636538653265393564636139653039313262383234223b733a33323a226162613236306639333664313436383765366336353637373365313235303539223b733a33323a226162646562313730383439613465376265383632363535303237636561323361223b733a33323a223664396363363931313036386162353766356163383933353737376330383131223b733a33323a223437376463333063663037396365336463343461653431303466656137633134223b733a33323a226233663637613965646336623937646137353662316533393165633032373262223b733a33323a226538396431383532663631393361303839643938663937623238336334306437223b733a33323a223464353764356262633936663639373862373066306562653064646361336263223b733a33323a223637656338633137353865366161653165313939623365636532653363306334223b733a33323a226537633666616430313663366634323839316433333031343161653733306161223b733a33323a223039303763633761613864653037656534366538666633613438643032363263223b733a33323a226539306539613739393662316262376461646537363061363731616637366135223b733a33323a226163643963396266373765326137353731656665316536616334663364623437223b733a33323a223363613763326539393734346532373339323764663531653233343739366465223b733a33323a226462313434383936383939653464653936306235646238646365653633323038223b733a33323a223739613365386133363061383862383531353837316631636362333266336162223b733a33323a226437333862313961636538623561336131323538623034636432313461303136223b733a33323a226266323737666537613532643837623038383938656163376566323531663835223b7d733a343a2268617368223b733a36353a2262663237376665376135326438376230383839386561633765663235316638352d6437333862313961636538623561336131323538623034636432313461303136223b7d733a343a22666c6167223b693a323b733a31333a226974657261746f72436c617373223b733a31333a2241727261794974657261746f72223b733a31393a2270726f74656374656450726f70657274696573223b613a343a7b693a303b733a373a2273746f72616765223b693a313b733a343a22666c6167223b693a323b733a31333a226974657261746f72436c617373223b693a333b733a31393a2270726f74656374656450726f70657274696573223b7d7d4c616d696e61735f56616c696461746f725f437372665f73616c745f7265736f7572636574656d706c617465666f726d5f637372667c4f3a32363a224c616d696e61735c5374646c69625c41727261794f626a656374223a343a7b733a373a2273746f72616765223b613a323a7b733a393a22746f6b656e4c697374223b613a323a7b733a33323a226661613463396630336239643135343364326165393538393235383833653137223b733a33323a223336323630333235643133316366396363666639386530623465363732646262223b733a33323a226130333731616531666365656139316437363830366361383761343436316233223b733a33323a223334653536313732306366303934383961356265616231636435333635656134223b7d733a343a2268617368223b733a36353a2233346535363137323063663039343839613562656162316364353336356561342d6130333731616531666365656139316437363830366361383761343436316233223b7d733a343a22666c6167223b693a323b733a31333a226974657261746f72436c617373223b733a31333a2241727261794974657261746f72223b733a31393a2270726f74656374656450726f70657274696573223b613a343a7b693a303b733a373a2273746f72616765223b693a313b733a343a22666c6167223b693a323b733a31333a226974657261746f72436c617373223b693a333b733a31393a2270726f74656374656450726f70657274696573223b7d7d, 1761050215),
('50fb00t35f23vksnc74of9vf4p', 0x5f5f4c616d696e61737c613a333a7b733a32303a225f524551554553545f4143434553535f54494d45223b643a313736313033303436312e3138353739333b733a363a225f56414c4944223b613a313a7b733a32383a224c616d696e61735c53657373696f6e5c56616c696461746f725c4964223b733a32363a22353066623030743335663233766b736e6337346f663976663470223b7d733a34323a224c616d696e61735f56616c696461746f725f437372665f73616c745f6c6f67696e666f726d5f63737266223b613a313a7b733a363a22455850495245223b693a313736313037333636333b7d7d4c616d696e61735f56616c696461746f725f437372665f73616c745f6c6f67696e666f726d5f637372667c4f3a32363a224c616d696e61735c5374646c69625c41727261794f626a656374223a343a7b733a373a2273746f72616765223b613a323a7b733a393a22746f6b656e4c697374223b613a313a7b733a33323a223930626262393034653164646538653537363966383263306435373834386130223b733a33323a223334336161613236326637383562643466323163386562313561326666613064223b7d733a343a2268617368223b733a36353a2233343361616132363266373835626434663231633865623135613266666130642d3930626262393034653164646538653537363966383263306435373834386130223b7d733a343a22666c6167223b693a323b733a31333a226974657261746f72436c617373223b733a31333a2241727261794974657261746f72223b733a31393a2270726f74656374656450726f70657274696573223b613a343a7b693a303b733a373a2273746f72616765223b693a313b733a343a22666c6167223b693a323b733a31333a226974657261746f72436c617373223b693a333b733a31393a2270726f74656374656450726f70657274696573223b7d7d, 1761030464),
('5rc1l4nnq5cn6henl72d8fqvc4', 0x5f5f4c616d696e61737c613a323a7b733a32303a225f524551554553545f4143434553535f54494d45223b643a313736333436323031382e3930383132343b733a363a225f56414c4944223b613a313a7b733a32383a224c616d696e61735c53657373696f6e5c56616c696461746f725c4964223b733a32363a22357263316c346e6e7135636e3668656e6c373264386671766334223b7d7d72656469726563745f75726c7c733a35363a22687474703a2f2f6c6f63616c686f73742f6f6d6b5f544879705f32352d32365f636c6f6e652f6f6d656b612d732f61646d696e2f6974656d223b, 1763462019),
('63cng2ltvcij1v0a1vsbb7mvni', 0x5f5f4c616d696e61737c613a353a7b733a32303a225f524551554553545f4143434553535f54494d45223b643a313736333337383137332e3839373631393b733a363a225f56414c4944223b613a313a7b733a32383a224c616d696e61735c53657373696f6e5c56616c696461746f725c4964223b733a32363a223569683570706732626a38716163616134673339716466633034223b7d733a34323a224c616d696e61735f56616c696461746f725f437372665f73616c745f6c6f67696e666f726d5f63737266223b613a313a7b733a363a22455850495245223b693a313736333432303633333b7d733a34343a224c616d696e61735f56616c696461746f725f437372665f73616c745f636f6e6669726d666f726d5f63737266223b613a313a7b733a363a22455850495245223b693a313736333432313337343b7d733a33323a224c616d696e61735f56616c696461746f725f437372665f73616c745f63737266223b613a313a7b733a363a22455850495245223b693a313736333432303733313b7d7d72656469726563745f75726c7c733a35393a22687474703a2f2f6c6f63616c686f73742f6f6d6b5f544879705f32352d32365f636c6f6e652f6f6d656b612d732f61646d696e2f6974656d2f3633223b4c616d696e61735f56616c696461746f725f437372665f73616c745f6c6f67696e666f726d5f637372667c4f3a32363a224c616d696e61735c5374646c69625c41727261794f626a656374223a343a7b733a373a2273746f72616765223b613a323a7b733a393a22746f6b656e4c697374223b613a313a7b733a33323a226336646366656136356165303366633666663736386565656166643063333062223b733a33323a223839613465333739356262653433353239313234343436376332646638373033223b7d733a343a2268617368223b733a36353a2238396134653337393562626534333532393132343434363763326466383730332d6336646366656136356165303366633666663736386565656166643063333062223b7d733a343a22666c6167223b693a323b733a31333a226974657261746f72436c617373223b733a31333a2241727261794974657261746f72223b733a31393a2270726f74656374656450726f70657274696573223b613a343a7b693a303b733a373a2273746f72616765223b693a313b733a343a22666c6167223b693a323b733a31333a226974657261746f72436c617373223b693a333b733a31393a2270726f74656374656450726f70657274696573223b7d7d4c616d696e61735f417574687c4f3a32363a224c616d696e61735c5374646c69625c41727261794f626a656374223a343a7b733a373a2273746f72616765223b613a313a7b733a373a2273746f72616765223b693a313b7d733a343a22666c6167223b693a323b733a31333a226974657261746f72436c617373223b733a31333a2241727261794974657261746f72223b733a31393a2270726f74656374656450726f70657274696573223b613a343a7b693a303b733a373a2273746f72616765223b693a313b733a343a22666c6167223b693a323b733a31333a226974657261746f72436c617373223b693a333b733a31393a2270726f74656374656450726f70657274696573223b7d7d4f6d656b614d657373656e6765727c4f3a32363a224c616d696e61735c5374646c69625c41727261794f626a656374223a343a7b733a373a2273746f72616765223b613a303a7b7d733a343a22666c6167223b693a323b733a31333a226974657261746f72436c617373223b733a31333a2241727261794974657261746f72223b733a31393a2270726f74656374656450726f70657274696573223b613a343a7b693a303b733a373a2273746f72616765223b693a313b733a343a22666c6167223b693a323b733a31333a226974657261746f72436c617373223b693a333b733a31393a2270726f74656374656450726f70657274696573223b7d7d4c616d696e61735f56616c696461746f725f437372665f73616c745f636f6e6669726d666f726d5f637372667c4f3a32363a224c616d696e61735c5374646c69625c41727261794f626a656374223a343a7b733a373a2273746f72616765223b613a323a7b733a393a22746f6b656e4c697374223b613a393a7b733a33323a223332346232343139623234336630333438633731363164663433633666363930223b733a33323a223062346364653964393466343437326132333931336261336339303131323133223b733a33323a223137393638366666373638383361636164316635383436333431373939343130223b733a33323a223730333232323231383963373331386131303739613466633666356136303234223b733a33323a223062666331353438313361313662633261366334346231393637363738333237223b733a33323a226639643035373539373739363464353236366435303862376335353163623461223b733a33323a223562626465643736653337333761373739363364616362353930343566616566223b733a33323a223465373966333465636565653338623163646337376665613530343665356633223b733a33323a223838633861656134393537383662663234653034356533376262393464373366223b733a33323a223935633764313536333664666134356530613533353433663162643034663465223b733a33323a226235653231336166613365313831646637393661613061316130636162346561223b733a33323a223639663130303939343631353465333831303862656231393731636366346435223b733a33323a223662633466656335326639643766636435346565373339383931383961653665223b733a33323a226436356431306238383065656562326339616563366465666434353537356164223b733a33323a226562376233313262303964366131663030326339663633353035393662333931223b733a33323a223565626233356366386261626334613434616636353764336266636162383666223b733a33323a226635616634653434353431396532666463353536633366316334396666316665223b733a33323a226235633133373039383931333438303335343539616130343332313139626564223b7d733a343a2268617368223b733a36353a2262356331333730393839313334383033353435396161303433323131396265642d6635616634653434353431396532666463353536633366316334396666316665223b7d733a343a22666c6167223b693a323b733a31333a226974657261746f72436c617373223b733a31333a2241727261794974657261746f72223b733a31393a2270726f74656374656450726f70657274696573223b613a343a7b693a303b733a373a2273746f72616765223b693a313b733a343a22666c6167223b693a323b733a31333a226974657261746f72436c617373223b693a333b733a31393a2270726f74656374656450726f70657274696573223b7d7d4c616d696e61735f56616c696461746f725f437372665f73616c745f637372667c4f3a32363a224c616d696e61735c5374646c69625c41727261794f626a656374223a343a7b733a373a2273746f72616765223b613a323a7b733a393a22746f6b656e4c697374223b613a313a7b733a33323a223037393234323064363463396233623536653533643031303237666437323430223b733a33323a223764643566383138353833616536653966663264636564353832326436613439223b7d733a343a2268617368223b733a36353a2237646435663831383538336165366539666632646365643538323264366134392d3037393234323064363463396233623536653533643031303237666437323430223b7d733a343a22666c6167223b693a323b733a31333a226974657261746f72436c617373223b733a31333a2241727261794974657261746f72223b733a31393a2270726f74656374656450726f70657274696573223b613a343a7b693a303b733a373a2273746f72616765223b693a313b733a343a22666c6167223b693a323b733a31333a226974657261746f72436c617373223b693a333b733a31393a2270726f74656374656450726f70657274696573223b7d7d, 1763378174),
('7d6e7924c4uh2sb9psapba2863', 0x5f5f4c616d696e61737c613a343a7b733a32303a225f524551554553545f4143434553535f54494d45223b643a313736303731363834372e3637363633383b733a363a225f56414c4944223b613a313a7b733a32383a224c616d696e61735c53657373696f6e5c56616c696461746f725c4964223b733a32363a2270676675763764723068383238626f7038726f35617563386930223b7d733a34323a224c616d696e61735f56616c696461746f725f437372665f73616c745f6c6f67696e666f726d5f63737266223b613a313a7b733a363a22455850495245223b693a313736303735373833363b7d733a33323a224c616d696e61735f56616c696461746f725f437372665f73616c745f63737266223b613a313a7b733a363a22455850495245223b693a313736303736303034373b7d7d72656469726563745f75726c7c733a34383a22687474703a2f2f6c6f63616c686f73742f6f6d656b61532f6f6d656b612d732f61646d696e2f6a6f622f31312f6c6f67223b4c616d696e61735f56616c696461746f725f437372665f73616c745f6c6f67696e666f726d5f637372667c4f3a32363a224c616d696e61735c5374646c69625c41727261794f626a656374223a343a7b733a373a2273746f72616765223b613a323a7b733a393a22746f6b656e4c697374223b613a323a7b733a33323a223631373864623235616237623839356139356332666535373165613861396638223b733a33323a226130653362333266343330643639356637316464336331616332393936613434223b733a33323a223632333231393365366338343264316135666164643034313235373835383635223b733a33323a223361336339626330656231326333326132313264396465623333613763336264223b7d733a343a2268617368223b733a36353a2233613363396263306562313263333261323132643964656233336137633362642d3632333231393365366338343264316135666164643034313235373835383635223b7d733a343a22666c6167223b693a323b733a31333a226974657261746f72436c617373223b733a31333a2241727261794974657261746f72223b733a31393a2270726f74656374656450726f70657274696573223b613a343a7b693a303b733a373a2273746f72616765223b693a313b733a343a22666c6167223b693a323b733a31333a226974657261746f72436c617373223b693a333b733a31393a2270726f74656374656450726f70657274696573223b7d7d4c616d696e61735f417574687c4f3a32363a224c616d696e61735c5374646c69625c41727261794f626a656374223a343a7b733a373a2273746f72616765223b613a303a7b7d733a343a22666c6167223b693a323b733a31333a226974657261746f72436c617373223b733a31333a2241727261794974657261746f72223b733a31393a2270726f74656374656450726f70657274696573223b613a343a7b693a303b733a373a2273746f72616765223b693a313b733a343a22666c6167223b693a323b733a31333a226974657261746f72436c617373223b693a333b733a31393a2270726f74656374656450726f70657274696573223b7d7d4f6d656b614d657373656e6765727c4f3a32363a224c616d696e61735c5374646c69625c41727261794f626a656374223a343a7b733a373a2273746f72616765223b613a313a7b733a383a226d65737361676573223b613a313a7b693a313b613a313a7b693a303b733a32333a225375636365737366756c6c79206c6f67676564206f7574223b7d7d7d733a343a22666c6167223b693a323b733a31333a226974657261746f72436c617373223b733a31333a2241727261794974657261746f72223b733a31393a2270726f74656374656450726f70657274696573223b613a343a7b693a303b733a373a2273746f72616765223b693a313b733a343a22666c6167223b693a323b733a31333a226974657261746f72436c617373223b693a333b733a31393a2270726f74656374656450726f70657274696573223b7d7d4c616d696e61735f56616c696461746f725f437372665f73616c745f637372667c4f3a32363a224c616d696e61735c5374646c69625c41727261794f626a656374223a343a7b733a373a2273746f72616765223b613a323a7b733a393a22746f6b656e4c697374223b613a31353a7b733a33323a223736613461326466313638393335663834323762363363636333373737613534223b733a33323a223632633737646530323238653237316534343636393837613432333831646431223b733a33323a223839613561383565636431653431636565636664336134376430646233633435223b733a33323a226431336163313938366461366462303664666366633633353561383232376333223b733a33323a223839636436393563613739616239396166393833303533623538383838363735223b733a33323a223961383732663334346265636532646631343030383465326538323535633433223b733a33323a226564323733643632393162366563313231623931643632336261663337386237223b733a33323a226533653765623533623966333134626130613132393133356538343730656561223b733a33323a223436663335303937663361643338373636376634626461396566666266323236223b733a33323a223162396535656439303266623765366566333338626462653030303535346261223b733a33323a223637313363333336666435363861393865363366613335333235633732643163223b733a33323a223535313639383633623731643764316265636530336333636436376238633637223b733a33323a223033666638363434653361623361343364393034616163333766633966636639223b733a33323a226239336637303532663364626334663964623936313338666562306237386234223b733a33323a223735393137343934633232636630346232616634626366383539383932313131223b733a33323a223837623933623238346532363036383763353532623733646237666238646564223b733a33323a226261376330376637346163383761666635313262653233633736633332303863223b733a33323a223432376262303466653037616136396133303434343961336535373132306334223b733a33323a226331633235353761376334363766646364363533663062666663326633303036223b733a33323a223030343031663031366464396466303833303431633633363437353766353366223b733a33323a223664613335643364646230346135663735663062643230646330356536363730223b733a33323a226436636230656338313338326536356162303365633065383233343961316539223b733a33323a223835303434313839623065363934363831626131343834643064653132326163223b733a33323a223138633863343961633131613631376539343562633835623664636135363237223b733a33323a223066313066623335313336386431333764626565643839326462613038643230223b733a33323a226663346164616562383531663432643536343737343863303839363836346336223b733a33323a226337626435333766663739373334636632613764313931626563393464383735223b733a33323a226630616139373361343937306134393133373130393133656533363161333963223b733a33323a223333643563613366313232383538346537373035633332383166353061616562223b733a33323a223638303166326564653435633538623234386538656563636661633430616638223b7d733a343a2268617368223b733a36353a2236383031663265646534356335386232343865386565636366616334306166382d3333643563613366313232383538346537373035633332383166353061616562223b7d733a343a22666c6167223b693a323b733a31333a226974657261746f72436c617373223b733a31333a2241727261794974657261746f72223b733a31393a2270726f74656374656450726f70657274696573223b613a343a7b693a303b733a373a2273746f72616765223b693a313b733a343a22666c6167223b693a323b733a31333a226974657261746f72436c617373223b693a333b733a31393a2270726f74656374656450726f70657274696573223b7d7d, 1760716847),
('81qpoq78fmhi883qij7t7sgou3', 0x5f5f4c616d696e61737c613a323a7b733a32303a225f524551554553545f4143434553535f54494d45223b643a313736313634313134352e3530373632373b733a363a225f56414c4944223b613a313a7b733a32383a224c616d696e61735c53657373696f6e5c56616c696461746f725c4964223b733a32363a22383171706f713738666d686938383371696a37743773676f7533223b7d7d72656469726563745f75726c7c733a34323a22687474703a2f2f6c6f63616c686f73742f6f6d656b61532f6f6d656b612d732f61646d696e2f6974656d223b, 1761641146),
('8s24rkrramf1i8asjrk24fvq81', 0x5f5f4c616d696e61737c613a353a7b733a32303a225f524551554553545f4143434553535f54494d45223b643a313736333436323035382e3232353035333b733a363a225f56414c4944223b613a313a7b733a32383a224c616d696e61735c53657373696f6e5c56616c696461746f725c4964223b733a32363a226d636a726531327474667533356a736367767565673164716576223b7d733a34323a224c616d696e61735f56616c696461746f725f437372665f73616c745f6c6f67696e666f726d5f63737266223b613a313a7b733a363a22455850495245223b693a313736333530353232323b7d733a34343a224c616d696e61735f56616c696461746f725f437372665f73616c745f636f6e6669726d666f726d5f63737266223b613a313a7b733a363a22455850495245223b693a313736333530353235393b7d733a33323a224c616d696e61735f56616c696461746f725f437372665f73616c745f63737266223b613a313a7b733a363a22455850495245223b693a313736333530353235383b7d7d72656469726563745f75726c7c733a35363a22687474703a2f2f6c6f63616c686f73742f6f6d6b5f544879705f32352d32365f636c6f6e652f6f6d656b612d732f61646d696e2f6974656d223b4c616d696e61735f56616c696461746f725f437372665f73616c745f6c6f67696e666f726d5f637372667c4f3a32363a224c616d696e61735c5374646c69625c41727261794f626a656374223a343a7b733a373a2273746f72616765223b613a323a7b733a393a22746f6b656e4c697374223b613a313a7b733a33323a223266626636316664313465613330653262643132363763393631643732623631223b733a33323a226430643863613765383063346331326461646462326630663834383931326234223b7d733a343a2268617368223b733a36353a2264306438636137653830633463313264616464623266306638343839313262342d3266626636316664313465613330653262643132363763393631643732623631223b7d733a343a22666c6167223b693a323b733a31333a226974657261746f72436c617373223b733a31333a2241727261794974657261746f72223b733a31393a2270726f74656374656450726f70657274696573223b613a343a7b693a303b733a373a2273746f72616765223b693a313b733a343a22666c6167223b693a323b733a31333a226974657261746f72436c617373223b693a333b733a31393a2270726f74656374656450726f70657274696573223b7d7d4c616d696e61735f417574687c4f3a32363a224c616d696e61735c5374646c69625c41727261794f626a656374223a343a7b733a373a2273746f72616765223b613a313a7b733a373a2273746f72616765223b693a313b7d733a343a22666c6167223b693a323b733a31333a226974657261746f72436c617373223b733a31333a2241727261794974657261746f72223b733a31393a2270726f74656374656450726f70657274696573223b613a343a7b693a303b733a373a2273746f72616765223b693a313b733a343a22666c6167223b693a323b733a31333a226974657261746f72436c617373223b693a333b733a31393a2270726f74656374656450726f70657274696573223b7d7d4f6d656b614d657373656e6765727c4f3a32363a224c616d696e61735c5374646c69625c41727261794f626a656374223a343a7b733a373a2273746f72616765223b613a303a7b7d733a343a22666c6167223b693a323b733a31333a226974657261746f72436c617373223b733a31333a2241727261794974657261746f72223b733a31393a2270726f74656374656450726f70657274696573223b613a343a7b693a303b733a373a2273746f72616765223b693a313b733a343a22666c6167223b693a323b733a31333a226974657261746f72436c617373223b693a333b733a31393a2270726f74656374656450726f70657274696573223b7d7d4c616d696e61735f56616c696461746f725f437372665f73616c745f636f6e6669726d666f726d5f637372667c4f3a32363a224c616d696e61735c5374646c69625c41727261794f626a656374223a343a7b733a373a2273746f72616765223b613a323a7b733a393a22746f6b656e4c697374223b613a373a7b733a33323a226366656565663062316638326163313533336235613461373133373435346466223b733a33323a226537656263356462633362343330653138626234353731663361313233353339223b733a33323a223637373230346632316435633461633063626263316631386633613537303464223b733a33323a226333386165643830313531626533353265366231666165663639373030636666223b733a33323a223439333536366235306235303630383637363534343162663130343432366132223b733a33323a223861353833623066343264613233336531636234643831373332393062616461223b733a33323a223136616136373836626335653331656333623039306365333332316363663834223b733a33323a223134366533653939343735396335613939643233323839313230343538613836223b733a33323a223434313863653738393139383838653066323961366630313239386636656462223b733a33323a226331383539346532656335666234653733326239303237386332343766316238223b733a33323a223434656637393864396462393964353163363266643232326461383231356661223b733a33323a226366383661336465666163643862373330363933393430373461653265393663223b733a33323a223332613935303335643762346131366638303661343865363834633031643865223b733a33323a223039346233623339616238353935333064396233373337303466333437313437223b7d733a343a2268617368223b733a36353a2230393462336233396162383539353330643962333733373034663334373134372d3332613935303335643762346131366638303661343865363834633031643865223b7d733a343a22666c6167223b693a323b733a31333a226974657261746f72436c617373223b733a31333a2241727261794974657261746f72223b733a31393a2270726f74656374656450726f70657274696573223b613a343a7b693a303b733a373a2273746f72616765223b693a313b733a343a22666c6167223b693a323b733a31333a226974657261746f72436c617373223b693a333b733a31393a2270726f74656374656450726f70657274696573223b7d7d4c616d696e61735f56616c696461746f725f437372665f73616c745f637372667c4f3a32363a224c616d696e61735c5374646c69625c41727261794f626a656374223a343a7b733a373a2273746f72616765223b613a323a7b733a393a22746f6b656e4c697374223b613a313a7b733a33323a223433663562366537613265316662393736376530313136336136336139323835223b733a33323a226161313466316531353936323162303831353037656330666365366432643363223b7d733a343a2268617368223b733a36353a2261613134663165313539363231623038313530376563306663653664326433632d3433663562366537613265316662393736376530313136336136336139323835223b7d733a343a22666c6167223b693a323b733a31333a226974657261746f72436c617373223b733a31333a2241727261794974657261746f72223b733a31393a2270726f74656374656450726f70657274696573223b613a343a7b693a303b733a373a2273746f72616765223b693a313b733a343a22666c6167223b693a323b733a31333a226974657261746f72436c617373223b693a333b733a31393a2270726f74656374656450726f70657274696573223b7d7d, 1763462059),
('91bnebelht3ih1gfiioat6qi08', 0x5f5f4c616d696e61737c613a353a7b733a32303a225f524551554553545f4143434553535f54494d45223b643a313736333735343631382e3831323636323b733a363a225f56414c4944223b613a313a7b733a32383a224c616d696e61735c53657373696f6e5c56616c696461746f725c4964223b733a32363a22316871756c7136727474696e6f763865717462356c7133667467223b7d733a34323a224c616d696e61735f56616c696461746f725f437372665f73616c745f6c6f67696e666f726d5f63737266223b613a313a7b733a363a22455850495245223b693a313736333739343634393b7d733a33323a224c616d696e61735f56616c696461746f725f437372665f73616c745f63737266223b613a313a7b733a363a22455850495245223b693a313736333739373831383b7d733a34343a224c616d696e61735f56616c696461746f725f437372665f73616c745f636f6e6669726d666f726d5f63737266223b613a313a7b733a363a22455850495245223b693a313736333739363730353b7d7d72656469726563745f75726c7c733a35363a22687474703a2f2f6c6f63616c686f73742f6f6d6b5f544879705f32352d32365f636c6f6e652f6f6d656b612d732f61646d696e2f6974656d223b4c616d696e61735f56616c696461746f725f437372665f73616c745f6c6f67696e666f726d5f637372667c4f3a32363a224c616d696e61735c5374646c69625c41727261794f626a656374223a343a7b733a373a2273746f72616765223b613a323a7b733a393a22746f6b656e4c697374223b613a333a7b733a33323a223061386230343736336536383130393762383265366432306165303934393032223b733a33323a223466353035663737326330376632636134643032303065666534666562633964223b733a33323a223937366165323433656338623637356462303530643138623834373365373166223b733a33323a226564323461346363323634633738373366643338373361643533333431633735223b733a33323a223235376230346634363731386531333263636538376432306130393332313034223b733a33323a223732336562373962383436373566396536323932353131323730393163623164223b7d733a343a2268617368223b733a36353a2237323365623739623834363735663965363239323531313237303931636231642d3235376230346634363731386531333263636538376432306130393332313034223b7d733a343a22666c6167223b693a323b733a31333a226974657261746f72436c617373223b733a31333a2241727261794974657261746f72223b733a31393a2270726f74656374656450726f70657274696573223b613a343a7b693a303b733a373a2273746f72616765223b693a313b733a343a22666c6167223b693a323b733a31333a226974657261746f72436c617373223b693a333b733a31393a2270726f74656374656450726f70657274696573223b7d7d4f6d656b614d657373656e6765727c4f3a32363a224c616d696e61735c5374646c69625c41727261794f626a656374223a343a7b733a373a2273746f72616765223b613a303a7b7d733a343a22666c6167223b693a323b733a31333a226974657261746f72436c617373223b733a31333a2241727261794974657261746f72223b733a31393a2270726f74656374656450726f70657274696573223b613a343a7b693a303b733a373a2273746f72616765223b693a313b733a343a22666c6167223b693a323b733a31333a226974657261746f72436c617373223b693a333b733a31393a2270726f74656374656450726f70657274696573223b7d7d4c616d696e61735f417574687c4f3a32363a224c616d696e61735c5374646c69625c41727261794f626a656374223a343a7b733a373a2273746f72616765223b613a313a7b733a373a2273746f72616765223b693a313b7d733a343a22666c6167223b693a323b733a31333a226974657261746f72436c617373223b733a31333a2241727261794974657261746f72223b733a31393a2270726f74656374656450726f70657274696573223b613a343a7b693a303b733a373a2273746f72616765223b693a313b733a343a22666c6167223b693a323b733a31333a226974657261746f72436c617373223b693a333b733a31393a2270726f74656374656450726f70657274696573223b7d7d4c616d696e61735f56616c696461746f725f437372665f73616c745f637372667c4f3a32363a224c616d696e61735c5374646c69625c41727261794f626a656374223a343a7b733a373a2273746f72616765223b613a323a7b733a393a22746f6b656e4c697374223b613a31313a7b733a33323a223138396232396561376430366238623133326265616331623038623061623166223b733a33323a223962346634636636313462663566616136343731383735373134383961366434223b733a33323a226534303939303832633930663464326165306264633631646639333231356337223b733a33323a223730636531343864656438666566663730613061626231373866616662663531223b733a33323a223962623730633839343534336432623362616231396232653563303031316435223b733a33323a226436303636613033313363633831376165376634313637623636633630643264223b733a33323a223964323664373763646136656564623639623938393865626564653538646430223b733a33323a226563316235343238386366353261353433303261316334383730656531303166223b733a33323a223838643530623161633033313133613634313331393333393963663862636533223b733a33323a223162663837346661636131363037356361346431363766396431376131313833223b733a33323a226166396664353237306332656337393236636363663561646662393563623664223b733a33323a223637336265613132393130393361313238393236383532646333383038636631223b733a33323a223134646362343139383137323232373638366339376338316264353938653530223b733a33323a223337383766633135613862326131396636366439343332656136363831626239223b733a33323a223734316165636563313430663436336661383761376335363130656536326433223b733a33323a223535306536323430386431353735353731356530396239653035666363383362223b733a33323a223135383836633633616162303937613463643366313535663838393462663232223b733a33323a223466396130633935353137366537633032613038316363333837386261303064223b733a33323a223766623964343863306132626337653866313162303730663131343338376561223b733a33323a223638663866356339383930633938363861383133653130366138663937333864223b733a33323a226637633438643562393061353937396330646136336538346630393636636634223b733a33323a223463366230333234626462303364653339626438333130356365656465303133223b7d733a343a2268617368223b733a36353a2234633662303332346264623033646533396264383331303563656564653031332d6637633438643562393061353937396330646136336538346630393636636634223b7d733a343a22666c6167223b693a323b733a31333a226974657261746f72436c617373223b733a31333a2241727261794974657261746f72223b733a31393a2270726f74656374656450726f70657274696573223b613a343a7b693a303b733a373a2273746f72616765223b693a313b733a343a22666c6167223b693a323b733a31333a226974657261746f72436c617373223b693a333b733a31393a2270726f74656374656450726f70657274696573223b7d7d4c616d696e61735f56616c696461746f725f437372665f73616c745f636f6e6669726d666f726d5f637372667c4f3a32363a224c616d696e61735c5374646c69625c41727261794f626a656374223a343a7b733a373a2273746f72616765223b613a323a7b733a393a22746f6b656e4c697374223b613a343a7b733a33323a226137336462633431656636363433303937333162386333393139396264656635223b733a33323a223332306336326365623864363332333164333561383163326636633738626334223b733a33323a223964393133373261666530316534626464356638336136386533653761303639223b733a33323a226634633930663235343664333565653161356266643234613134633061636635223b733a33323a223332373732396436383632313065663466326463316538353361643737653461223b733a33323a223631393839376233613935326464383762613234373635653638373530653038223b733a33323a226435303466643365356630376663396466373832373438636563643963333361223b733a33323a226466376338633466646235326335623464333462663632313034336232383666223b7d733a343a2268617368223b733a36353a2264663763386334666462353263356234643334626636323130343362323836662d6435303466643365356630376663396466373832373438636563643963333361223b7d733a343a22666c6167223b693a323b733a31333a226974657261746f72436c617373223b733a31333a2241727261794974657261746f72223b733a31393a2270726f74656374656450726f70657274696573223b613a343a7b693a303b733a373a2273746f72616765223b693a313b733a343a22666c6167223b693a323b733a31333a226974657261746f72436c617373223b693a333b733a31393a2270726f74656374656450726f70657274696573223b7d7d, 1763754618),
('9at05tssoa4mueps63dac5rb1d', 0x5f5f4c616d696e61737c613a323a7b733a32303a225f524551554553545f4143434553535f54494d45223b643a313736333633333638322e3537383935333b733a363a225f56414c4944223b613a313a7b733a32383a224c616d696e61735c53657373696f6e5c56616c696461746f725c4964223b733a32363a2239617430357473736f61346d7565707336336461633572623164223b7d7d72656469726563745f75726c7c733a35363a22687474703a2f2f6c6f63616c686f73742f6f6d6b5f544879705f32352d32365f636c6f6e652f6f6d656b612d732f61646d696e2f6974656d223b, 1763633683),
('9tp5klghle3vms9l0k3uv4mifo', 0x5f5f4c616d696e61737c613a333a7b733a32303a225f524551554553545f4143434553535f54494d45223b643a313736303936363735332e3435333230313b733a363a225f56414c4944223b613a313a7b733a32383a224c616d696e61735c53657373696f6e5c56616c696461746f725c4964223b733a32363a22397470356b6c67686c6533766d73396c306b337576346d69666f223b7d733a34323a224c616d696e61735f56616c696461746f725f437372665f73616c745f6c6f67696e666f726d5f63737266223b613a313a7b733a363a22455850495245223b693a313736313030393935353b7d7d72656469726563745f75726c7c733a34343a22687474703a2f2f6c6f63616c686f73742f6f6d656b61532f6f6d656b612d732f61646d696e2f6a6f622f3136223b4c616d696e61735f56616c696461746f725f437372665f73616c745f6c6f67696e666f726d5f637372667c4f3a32363a224c616d696e61735c5374646c69625c41727261794f626a656374223a343a7b733a373a2273746f72616765223b613a323a7b733a393a22746f6b656e4c697374223b613a313a7b733a33323a223663316231666661646133356165653933633162336430626136386361376639223b733a33323a223333373538323366376632393235613333623132356565656232626539646131223b7d733a343a2268617368223b733a36353a2233333735383233663766323932356133336231323565656562326265396461312d3663316231666661646133356165653933633162336430626136386361376639223b7d733a343a22666c6167223b693a323b733a31333a226974657261746f72436c617373223b733a31333a2241727261794974657261746f72223b733a31393a2270726f74656374656450726f70657274696573223b613a343a7b693a303b733a373a2273746f72616765223b693a313b733a343a22666c6167223b693a323b733a31333a226974657261746f72436c617373223b693a333b733a31393a2270726f74656374656450726f70657274696573223b7d7d, 1760966757);
INSERT INTO `session` (`id`, `data`, `modified`) VALUES
('alvckmlngr3dqsa99jd61jghn6', 0x5f5f4c616d696e61737c613a353a7b733a32303a225f524551554553545f4143434553535f54494d45223b643a313736313535343231342e3531313330323b733a363a225f56414c4944223b613a313a7b733a32383a224c616d696e61735c53657373696f6e5c56616c696461746f725c4964223b733a32363a2239746534746168393069676365647233317469643432346c676d223b7d733a34323a224c616d696e61735f56616c696461746f725f437372665f73616c745f6c6f67696e666f726d5f63737266223b613a313a7b733a363a22455850495245223b693a313736313539373337353b7d733a34343a224c616d696e61735f56616c696461746f725f437372665f73616c745f636f6e6669726d666f726d5f63737266223b613a313a7b733a363a22455850495245223b693a313736313539373431353b7d733a33323a224c616d696e61735f56616c696461746f725f437372665f73616c745f63737266223b613a313a7b733a363a22455850495245223b693a313736313539373431343b7d7d4c616d696e61735f56616c696461746f725f437372665f73616c745f6c6f67696e666f726d5f637372667c4f3a32363a224c616d696e61735c5374646c69625c41727261794f626a656374223a343a7b733a373a2273746f72616765223b613a323a7b733a393a22746f6b656e4c697374223b613a323a7b733a33323a223464326665353133393761346263666338633661613833353939333130663966223b733a33323a223836303565303062366636653032633230333139613134656564643138663836223b733a33323a223762663534643033613331373037373666336632373536386230313261363131223b733a33323a226135356461626631323134623863313066363336353835363730343266363862223b7d733a343a2268617368223b733a36353a2261353564616266313231346238633130663633363538353637303432663638622d3762663534643033613331373037373666336632373536386230313261363131223b7d733a343a22666c6167223b693a323b733a31333a226974657261746f72436c617373223b733a31333a2241727261794974657261746f72223b733a31393a2270726f74656374656450726f70657274696573223b613a343a7b693a303b733a373a2273746f72616765223b693a313b733a343a22666c6167223b693a323b733a31333a226974657261746f72436c617373223b693a333b733a31393a2270726f74656374656450726f70657274696573223b7d7d72656469726563745f75726c7c733a34323a22687474703a2f2f6c6f63616c686f73742f6f6d656b61532f6f6d656b612d732f61646d696e2f6974656d223b4c616d696e61735f417574687c4f3a32363a224c616d696e61735c5374646c69625c41727261794f626a656374223a343a7b733a373a2273746f72616765223b613a313a7b733a373a2273746f72616765223b693a313b7d733a343a22666c6167223b693a323b733a31333a226974657261746f72436c617373223b733a31333a2241727261794974657261746f72223b733a31393a2270726f74656374656450726f70657274696573223b613a343a7b693a303b733a373a2273746f72616765223b693a313b733a343a22666c6167223b693a323b733a31333a226974657261746f72436c617373223b693a333b733a31393a2270726f74656374656450726f70657274696573223b7d7d4f6d656b614d657373656e6765727c4f3a32363a224c616d696e61735c5374646c69625c41727261794f626a656374223a343a7b733a373a2273746f72616765223b613a303a7b7d733a343a22666c6167223b693a323b733a31333a226974657261746f72436c617373223b733a31333a2241727261794974657261746f72223b733a31393a2270726f74656374656450726f70657274696573223b613a343a7b693a303b733a373a2273746f72616765223b693a313b733a343a22666c6167223b693a323b733a31333a226974657261746f72436c617373223b693a333b733a31393a2270726f74656374656450726f70657274696573223b7d7d4c616d696e61735f56616c696461746f725f437372665f73616c745f636f6e6669726d666f726d5f637372667c4f3a32363a224c616d696e61735c5374646c69625c41727261794f626a656374223a343a7b733a373a2273746f72616765223b613a323a7b733a393a22746f6b656e4c697374223b613a333a7b733a33323a223839393339363030663334616630333266353132353432616662633937343537223b733a33323a223438383832616630613333366633383035656439653665636336353332346136223b733a33323a223566353737376531376335373633636461353032663139616335623064613662223b733a33323a226338623634663361346539613266616530663930326666373636343530616336223b733a33323a226230346364643937643664363765656134643065356339306333643136343638223b733a33323a223637656338663966373935626636613463346434633332653638303563653937223b7d733a343a2268617368223b733a36353a2236376563386639663739356266366134633464346333326536383035636539372d6230346364643937643664363765656134643065356339306333643136343638223b7d733a343a22666c6167223b693a323b733a31333a226974657261746f72436c617373223b733a31333a2241727261794974657261746f72223b733a31393a2270726f74656374656450726f70657274696573223b613a343a7b693a303b733a373a2273746f72616765223b693a313b733a343a22666c6167223b693a323b733a31333a226974657261746f72436c617373223b693a333b733a31393a2270726f74656374656450726f70657274696573223b7d7d4c616d696e61735f56616c696461746f725f437372665f73616c745f637372667c4f3a32363a224c616d696e61735c5374646c69625c41727261794f626a656374223a343a7b733a373a2273746f72616765223b613a323a7b733a393a22746f6b656e4c697374223b613a313a7b733a33323a223735393461663765346535306666396132343337326466346266316465373238223b733a33323a223437613330316539376164313639623633613634656339313734636134633732223b7d733a343a2268617368223b733a36353a2234376133303165393761643136396236336136346563393137346361346337322d3735393461663765346535306666396132343337326466346266316465373238223b7d733a343a22666c6167223b693a323b733a31333a226974657261746f72436c617373223b733a31333a2241727261794974657261746f72223b733a31393a2270726f74656374656450726f70657274696573223b613a343a7b693a303b733a373a2273746f72616765223b693a313b733a343a22666c6167223b693a323b733a31333a226974657261746f72436c617373223b693a333b733a31393a2270726f74656374656450726f70657274696573223b7d7d, 1761554215),
('apd8om31539p68699f42f7t061', 0x5f5f4c616d696e61737c613a323a7b733a32303a225f524551554553545f4143434553535f54494d45223b643a313736313635323135392e3032313431323b733a363a225f56414c4944223b613a313a7b733a32383a224c616d696e61735c53657373696f6e5c56616c696461746f725c4964223b733a32363a22617064386f6d3331353339703638363939663432663774303631223b7d7d72656469726563745f75726c7c733a34393a22687474703a2f2f6c6f63616c686f73742f6f6d656b61532f6f6d656b612d732f61646d696e2f757365722f312f65646974223b, 1761652160),
('arfvsgrf1ti4acjbcqsjpo5j3k', 0x5f5f4c616d696e61737c613a333a7b733a32303a225f524551554553545f4143434553535f54494d45223b643a313736323533383536342e3430333130383b733a363a225f56414c4944223b613a313a7b733a32383a224c616d696e61735c53657373696f6e5c56616c696461746f725c4964223b733a32363a226c63626a396534653936376d756e626d76366b6b3572656a756c223b7d733a34323a224c616d696e61735f56616c696461746f725f437372665f73616c745f6c6f67696e666f726d5f63737266223b613a313a7b733a363a22455850495245223b693a313736323538313734393b7d7d72656469726563745f75726c7c733a35313a22687474703a2f2f6c6f63616c686f73742f6f6d6b5f544879705f32352d32365f636c6f6e652f6f6d656b612d732f61646d696e223b4c616d696e61735f56616c696461746f725f437372665f73616c745f6c6f67696e666f726d5f637372667c4f3a32363a224c616d696e61735c5374646c69625c41727261794f626a656374223a343a7b733a373a2273746f72616765223b613a323a7b733a393a22746f6b656e4c697374223b613a313a7b733a33323a223162396361396536313035326634656533326537313539393833623065386665223b733a33323a223035306131376461303564636138323066336639396630343939646634346635223b7d733a343a2268617368223b733a36353a2230353061313764613035646361383230663366393966303439396466343466352d3162396361396536313035326634656533326537313539393833623065386665223b7d733a343a22666c6167223b693a323b733a31333a226974657261746f72436c617373223b733a31333a2241727261794974657261746f72223b733a31393a2270726f74656374656450726f70657274696573223b613a343a7b693a303b733a373a2273746f72616765223b693a313b733a343a22666c6167223b693a323b733a31333a226974657261746f72436c617373223b693a333b733a31393a2270726f74656374656450726f70657274696573223b7d7d4c616d696e61735f417574687c4f3a32363a224c616d696e61735c5374646c69625c41727261794f626a656374223a343a7b733a373a2273746f72616765223b613a313a7b733a373a2273746f72616765223b693a313b7d733a343a22666c6167223b693a323b733a31333a226974657261746f72436c617373223b733a31333a2241727261794974657261746f72223b733a31393a2270726f74656374656450726f70657274696573223b613a343a7b693a303b733a373a2273746f72616765223b693a313b733a343a22666c6167223b693a323b733a31333a226974657261746f72436c617373223b693a333b733a31393a2270726f74656374656450726f70657274696573223b7d7d4f6d656b614d657373656e6765727c4f3a32363a224c616d696e61735c5374646c69625c41727261794f626a656374223a343a7b733a373a2273746f72616765223b613a303a7b7d733a343a22666c6167223b693a323b733a31333a226974657261746f72436c617373223b733a31333a2241727261794974657261746f72223b733a31393a2270726f74656374656450726f70657274696573223b613a343a7b693a303b733a373a2273746f72616765223b693a313b733a343a22666c6167223b693a323b733a31333a226974657261746f72436c617373223b693a333b733a31393a2270726f74656374656450726f70657274696573223b7d7d, 1762538564),
('c86jdnabpddd0jdcvdl6p9hbic', 0x5f5f4c616d696e61737c613a333a7b733a32303a225f524551554553545f4143434553535f54494d45223b643a313736323738323031352e3834313536323b733a363a225f56414c4944223b613a313a7b733a32383a224c616d696e61735c53657373696f6e5c56616c696461746f725c4964223b733a32363a226338366a646e616270646464306a646376646c36703968626963223b7d733a34323a224c616d696e61735f56616c696461746f725f437372665f73616c745f6c6f67696e666f726d5f63737266223b613a313a7b733a363a22455850495245223b693a313736323832353231353b7d7d4c616d696e61735f56616c696461746f725f437372665f73616c745f6c6f67696e666f726d5f637372667c4f3a32363a224c616d696e61735c5374646c69625c41727261794f626a656374223a343a7b733a373a2273746f72616765223b613a323a7b733a393a22746f6b656e4c697374223b613a323a7b733a33323a226134633437356339653432376430336237383664336238333735313339333562223b733a33323a223539633137323735313238383435323137643130343932363563613434616661223b733a33323a223463343264373237356230393034386661633864363333383966616361303739223b733a33323a223736373235613762363739346263316566393630373661386334326135316636223b7d733a343a2268617368223b733a36353a2237363732356137623637393462633165663936303736613863343261353166362d3463343264373237356230393034386661633864363333383966616361303739223b7d733a343a22666c6167223b693a323b733a31333a226974657261746f72436c617373223b733a31333a2241727261794974657261746f72223b733a31393a2270726f74656374656450726f70657274696573223b613a343a7b693a303b733a373a2273746f72616765223b693a313b733a343a22666c6167223b693a323b733a31333a226974657261746f72436c617373223b693a333b733a31393a2270726f74656374656450726f70657274696573223b7d7d, 1762782015),
('c98r7s2e238jmu6hi3h5tt5urb', 0x5f5f4c616d696e61737c613a323a7b733a32303a225f524551554553545f4143434553535f54494d45223b643a313736333633333638322e35373935393b733a363a225f56414c4944223b613a313a7b733a32383a224c616d696e61735c53657373696f6e5c56616c696461746f725c4964223b733a32363a2263393872377332653233386a6d75366869336835747435757262223b7d7d72656469726563745f75726c7c733a35363a22687474703a2f2f6c6f63616c686f73742f6f6d6b5f544879705f32352d32365f636c6f6e652f6f6d656b612d732f61646d696e2f6974656d223b, 1763633683),
('dvpmtcigmgkfm64rv3ic4gssm0', 0x5f5f4c616d696e61737c613a323a7b733a32303a225f524551554553545f4143434553535f54494d45223b643a313736333633333638322e3537393538383b733a363a225f56414c4944223b613a313a7b733a32383a224c616d696e61735c53657373696f6e5c56616c696461746f725c4964223b733a32363a226476706d746369676d676b666d36347276336963346773736d30223b7d7d72656469726563745f75726c7c733a35363a22687474703a2f2f6c6f63616c686f73742f6f6d6b5f544879705f32352d32365f636c6f6e652f6f6d656b612d732f61646d696e2f6974656d223b, 1763633683),
('eokv32s22471q5l9khlq3p14o0', 0x5f5f4c616d696e61737c613a353a7b733a32303a225f524551554553545f4143434553535f54494d45223b643a313736323434383135322e3739353630333b733a363a225f56414c4944223b613a313a7b733a32383a224c616d696e61735c53657373696f6e5c56616c696461746f725c4964223b733a32363a22746d64367376736c306131386a373767636772327262366e3762223b7d733a34323a224c616d696e61735f56616c696461746f725f437372665f73616c745f6c6f67696e666f726d5f63737266223b613a313a7b733a363a22455850495245223b693a313736323439313030323b7d733a33323a224c616d696e61735f56616c696461746f725f437372665f73616c745f63737266223b613a313a7b733a363a22455850495245223b693a313736323439313331373b7d733a34343a224c616d696e61735f56616c696461746f725f437372665f73616c745f636f6e6669726d666f726d5f63737266223b613a313a7b733a363a22455850495245223b693a313736323439313331383b7d7d72656469726563745f75726c7c733a36343a22687474703a2f2f6c6f63616c686f73742f6f6d6b5f544879705f32352d32365f636c6f6e652f6f6d656b612d732f61646d696e2f6974656d2f35332f65646974223b4c616d696e61735f56616c696461746f725f437372665f73616c745f6c6f67696e666f726d5f637372667c4f3a32363a224c616d696e61735c5374646c69625c41727261794f626a656374223a343a7b733a373a2273746f72616765223b613a323a7b733a393a22746f6b656e4c697374223b613a313a7b733a33323a226331376239326666616465353663396266333532346262316639633538633135223b733a33323a226438666137303537643334363631626534383737636636353132306630356436223b7d733a343a2268617368223b733a36353a2264386661373035376433343636316265343837376366363531323066303564362d6331376239326666616465353663396266333532346262316639633538633135223b7d733a343a22666c6167223b693a323b733a31333a226974657261746f72436c617373223b733a31333a2241727261794974657261746f72223b733a31393a2270726f74656374656450726f70657274696573223b613a343a7b693a303b733a373a2273746f72616765223b693a313b733a343a22666c6167223b693a323b733a31333a226974657261746f72436c617373223b693a333b733a31393a2270726f74656374656450726f70657274696573223b7d7d4c616d696e61735f417574687c4f3a32363a224c616d696e61735c5374646c69625c41727261794f626a656374223a343a7b733a373a2273746f72616765223b613a313a7b733a373a2273746f72616765223b693a313b7d733a343a22666c6167223b693a323b733a31333a226974657261746f72436c617373223b733a31333a2241727261794974657261746f72223b733a31393a2270726f74656374656450726f70657274696573223b613a343a7b693a303b733a373a2273746f72616765223b693a313b733a343a22666c6167223b693a323b733a31333a226974657261746f72436c617373223b693a333b733a31393a2270726f74656374656450726f70657274696573223b7d7d4f6d656b614d657373656e6765727c4f3a32363a224c616d696e61735c5374646c69625c41727261794f626a656374223a343a7b733a373a2273746f72616765223b613a303a7b7d733a343a22666c6167223b693a323b733a31333a226974657261746f72436c617373223b733a31333a2241727261794974657261746f72223b733a31393a2270726f74656374656450726f70657274696573223b613a343a7b693a303b733a373a2273746f72616765223b693a313b733a343a22666c6167223b693a323b733a31333a226974657261746f72436c617373223b693a333b733a31393a2270726f74656374656450726f70657274696573223b7d7d4c616d696e61735f56616c696461746f725f437372665f73616c745f637372667c4f3a32363a224c616d696e61735c5374646c69625c41727261794f626a656374223a343a7b733a373a2273746f72616765223b613a323a7b733a393a22746f6b656e4c697374223b613a313a7b733a33323a226363373330346236363330376432656364323532663761383264633863623837223b733a33323a223434366437356234316536313937396532363536663136383938393461636264223b7d733a343a2268617368223b733a36353a2234343664373562343165363139373965323635366631363839383934616362642d6363373330346236363330376432656364323532663761383264633863623837223b7d733a343a22666c6167223b693a323b733a31333a226974657261746f72436c617373223b733a31333a2241727261794974657261746f72223b733a31393a2270726f74656374656450726f70657274696573223b613a343a7b693a303b733a373a2273746f72616765223b693a313b733a343a22666c6167223b693a323b733a31333a226974657261746f72436c617373223b693a333b733a31393a2270726f74656374656450726f70657274696573223b7d7d4c616d696e61735f56616c696461746f725f437372665f73616c745f636f6e6669726d666f726d5f637372667c4f3a32363a224c616d696e61735c5374646c69625c41727261794f626a656374223a343a7b733a373a2273746f72616765223b613a323a7b733a393a22746f6b656e4c697374223b613a313a7b733a33323a226639393035373134666638373966663333643464363939326636386438323232223b733a33323a226132373439323934313535376364316230653462636565616366356439363236223b7d733a343a2268617368223b733a36353a2261323734393239343135353763643162306534626365656163663564393632362d6639393035373134666638373966663333643464363939326636386438323232223b7d733a343a22666c6167223b693a323b733a31333a226974657261746f72436c617373223b733a31333a2241727261794974657261746f72223b733a31393a2270726f74656374656450726f70657274696573223b613a343a7b693a303b733a373a2273746f72616765223b693a313b733a343a22666c6167223b693a323b733a31333a226974657261746f72436c617373223b693a333b733a31393a2270726f74656374656450726f70657274696573223b7d7d, 1762448152),
('f4p079ta574291247hsh56v843', 0x5f5f4c616d696e61737c613a363a7b733a32303a225f524551554553545f4143434553535f54494d45223b643a313736303633313130352e3532353530353b733a363a225f56414c4944223b613a313a7b733a32383a224c616d696e61735c53657373696f6e5c56616c696461746f725c4964223b733a32363a226236623532316e387333316d6d6d67636c6d696e64766c686664223b7d733a34323a224c616d696e61735f56616c696461746f725f437372665f73616c745f6c6f67696e666f726d5f63737266223b613a313a7b733a363a22455850495245223b693a313736303636393431343b7d733a33323a224c616d696e61735f56616c696461746f725f437372665f73616c745f63737266223b613a313a7b733a363a22455850495245223b693a313736303637343236393b7d733a35333a224c616d696e61735f56616c696461746f725f437372665f73616c745f7265736f7572636574656d706c617465666f726d5f63737266223b613a313a7b733a363a22455850495245223b693a313736303637313834343b7d733a34343a224c616d696e61735f56616c696461746f725f437372665f73616c745f636f6e6669726d666f726d5f63737266223b613a313a7b733a363a22455850495245223b693a313736303637313834343b7d7d72656469726563745f75726c7c733a33373a22687474703a2f2f6c6f63616c686f73742f6f6d656b61532f6f6d656b612d732f61646d696e223b4c616d696e61735f56616c696461746f725f437372665f73616c745f6c6f67696e666f726d5f637372667c4f3a32363a224c616d696e61735c5374646c69625c41727261794f626a656374223a343a7b733a373a2273746f72616765223b613a323a7b733a393a22746f6b656e4c697374223b613a313a7b733a33323a226635653238363337363763633163356362393963316561373533343434323161223b733a33323a223238666236666165313364373835326332393835323862326537383565623437223b7d733a343a2268617368223b733a36353a2232386662366661653133643738353263323938353238623265373835656234372d6635653238363337363763633163356362393963316561373533343434323161223b7d733a343a22666c6167223b693a323b733a31333a226974657261746f72436c617373223b733a31333a2241727261794974657261746f72223b733a31393a2270726f74656374656450726f70657274696573223b613a343a7b693a303b733a373a2273746f72616765223b693a313b733a343a22666c6167223b693a323b733a31333a226974657261746f72436c617373223b693a333b733a31393a2270726f74656374656450726f70657274696573223b7d7d4c616d696e61735f417574687c4f3a32363a224c616d696e61735c5374646c69625c41727261794f626a656374223a343a7b733a373a2273746f72616765223b613a313a7b733a373a2273746f72616765223b693a313b7d733a343a22666c6167223b693a323b733a31333a226974657261746f72436c617373223b733a31333a2241727261794974657261746f72223b733a31393a2270726f74656374656450726f70657274696573223b613a343a7b693a303b733a373a2273746f72616765223b693a313b733a343a22666c6167223b693a323b733a31333a226974657261746f72436c617373223b693a333b733a31393a2270726f74656374656450726f70657274696573223b7d7d4f6d656b614d657373656e6765727c4f3a32363a224c616d696e61735c5374646c69625c41727261794f626a656374223a343a7b733a373a2273746f72616765223b613a303a7b7d733a343a22666c6167223b693a323b733a31333a226974657261746f72436c617373223b733a31333a2241727261794974657261746f72223b733a31393a2270726f74656374656450726f70657274696573223b613a343a7b693a303b733a373a2273746f72616765223b693a313b733a343a22666c6167223b693a323b733a31333a226974657261746f72436c617373223b693a333b733a31393a2270726f74656374656450726f70657274696573223b7d7d4c616d696e61735f56616c696461746f725f437372665f73616c745f637372667c4f3a32363a224c616d696e61735c5374646c69625c41727261794f626a656374223a343a7b733a373a2273746f72616765223b613a323a7b733a393a22746f6b656e4c697374223b613a32323a7b733a33323a223263656333653430663336636462333964636462303833343232653564616561223b733a33323a223430653362346630326438363935363161353264323330306138333638323535223b733a33323a226331633762626461383031333432333932316439376236373039343135396235223b733a33323a223037383965613535616439366462323737333933663138643637373135643438223b733a33323a223535613064643735643438386662353034356561376436306639376630313065223b733a33323a223130313964636363363265333730313164343063393636396534323539313462223b733a33323a223862646266313238666666336631616365333632313461373431653131313432223b733a33323a226461393239613530333563396538663962653066653733323466333437656162223b733a33323a223236316331656363393132356165386630386463643062626236653633633561223b733a33323a223038343266653935383731313632313666316238393164306234383066636162223b733a33323a223339633765633834663531643536326637326237386231323033313830373230223b733a33323a226134353063666433313835643431323161623864623638343162393536633331223b733a33323a226133343234343031656137376464373261646134636137376364646632653265223b733a33323a223537343365656363373431336634343261373436613537653133363231616236223b733a33323a223531636664636266336635336231326336393964663437363163623938303338223b733a33323a223264313831346439343336393237303637326365386666373039646232306534223b733a33323a226264643163313938396439326439393738343336616566633232393635393833223b733a33323a223839396561383261336530333664363061383664666235326438343936663835223b733a33323a223138333565656435636666616530366339376631623962333039643462306433223b733a33323a223862363030333166393931306265326431646530356166613963353839633235223b733a33323a223963393236363835396539343333393834363862616565616133653835303432223b733a33323a226233306161643737656362316133313633653930626563653030366236376331223b733a33323a223933643461613064333066323561323161306665303363653137366335623165223b733a33323a223431623134363836383638303334623665613333653064393861323735313135223b733a33323a223034613066333034656463363662613966663835366165306333633837653731223b733a33323a223332303066353930303531636663613461313336383933636561626539643335223b733a33323a223566313839616165366564333039653339306630333363316537386565633264223b733a33323a226230623338393432633230303730623439326366656635313035393138323664223b733a33323a223339386665323736333733616439633565613364383466333730306333646533223b733a33323a223964373764383036363432353334363064383139373165666334303138373730223b733a33323a223337306431366134313166613161326438376465363938356130383731643765223b733a33323a223665323766646631663535366338333565386334306638326236663432383066223b733a33323a226334306336633035656332653864663436386338663439663034373866643937223b733a33323a223435373764336335333163623865636365393634643462333839303539313130223b733a33323a223835633339613632623134343332333263396663323565373231323034303831223b733a33323a223630393134666539636264653665336233653936636133353133336234383034223b733a33323a226666323533663761333930393462373338313938316164346336326261343132223b733a33323a223038626363663331396461663538393438653038616132346635633232626264223b733a33323a223231393365333138313066383033346431343132373765303734666262373239223b733a33323a226263613762343037393730653036383834656163616531393635663163376666223b733a33323a226437653831643064333165626137303161363361623937336166636137656231223b733a33323a226563326337653938326531653061316533306439653038303038393239376639223b733a33323a226464373333396461326162376162643135626464393163663633346535386436223b733a33323a223566326563346631636561653739373430626634326365633332363939396264223b7d733a343a2268617368223b733a36353a2235663265633466316365616537393734306266343263656333323639393962642d6464373333396461326162376162643135626464393163663633346535386436223b7d733a343a22666c6167223b693a323b733a31333a226974657261746f72436c617373223b733a31333a2241727261794974657261746f72223b733a31393a2270726f74656374656450726f70657274696573223b613a343a7b693a303b733a373a2273746f72616765223b693a313b733a343a22666c6167223b693a323b733a31333a226974657261746f72436c617373223b693a333b733a31393a2270726f74656374656450726f70657274696573223b7d7d4c616d696e61735f56616c696461746f725f437372665f73616c745f7265736f7572636574656d706c617465666f726d5f637372667c4f3a32363a224c616d696e61735c5374646c69625c41727261794f626a656374223a343a7b733a373a2273746f72616765223b613a323a7b733a393a22746f6b656e4c697374223b613a373a7b733a33323a223339353632333764353865323232333630336232353665336261633030393835223b733a33323a223762306164656531366434646161616132396563643062666531613737363430223b733a33323a223939653465363831353462383135313563346562333562656435336465666334223b733a33323a226263326137383837333261393935373034633036313833366438323964656665223b733a33323a223732373234326133333761363536616464306563613365333765643162653162223b733a33323a223361333334396165396436613261393739666436356435346431396636653164223b733a33323a223032356164666330396331373263313435613730343931663137373762643530223b733a33323a223831306139323832623965306530306331366637353861326331376336383233223b733a33323a223961373231653732323731313834386537326339656233336139623938373565223b733a33323a223464383933653831633935653139363366613334656361663237306231326264223b733a33323a223263633561633139313462373862333364363231373438666235383261616564223b733a33323a223835616535383534336462636563346633373231313563613032646637323538223b733a33323a223266633261396461393436643836313331643730623564623433326162613462223b733a33323a226466616163306438633364363862356333316661656336353033343664616433223b7d733a343a2268617368223b733a36353a2264666161633064386333643638623563333166616563363530333436646164332d3266633261396461393436643836313331643730623564623433326162613462223b7d733a343a22666c6167223b693a323b733a31333a226974657261746f72436c617373223b733a31333a2241727261794974657261746f72223b733a31393a2270726f74656374656450726f70657274696573223b613a343a7b693a303b733a373a2273746f72616765223b693a313b733a343a22666c6167223b693a323b733a31333a226974657261746f72436c617373223b693a333b733a31393a2270726f74656374656450726f70657274696573223b7d7d4c616d696e61735f56616c696461746f725f437372665f73616c745f636f6e6669726d666f726d5f637372667c4f3a32363a224c616d696e61735c5374646c69625c41727261794f626a656374223a343a7b733a373a2273746f72616765223b613a323a7b733a393a22746f6b656e4c697374223b613a323a7b733a33323a226263363133373634656338383463396534343230326632363633656137663666223b733a33323a223333343638663363336439316663366139333439333461663333623930393765223b733a33323a226364323362623330353230363232613035373661306266346531333035316138223b733a33323a223038353866316239303762656264663363633836646136626635306632623166223b7d733a343a2268617368223b733a36353a2230383538663162393037626562646633636338366461366266353066326231662d6364323362623330353230363232613035373661306266346531333035316138223b7d733a343a22666c6167223b693a323b733a31333a226974657261746f72436c617373223b733a31333a2241727261794974657261746f72223b733a31393a2270726f74656374656450726f70657274696573223b613a343a7b693a303b733a373a2273746f72616765223b693a313b733a343a22666c6167223b693a323b733a31333a226974657261746f72436c617373223b693a333b733a31393a2270726f74656374656450726f70657274696573223b7d7d, 1760631105),
('f6ur50dap9cnr0kk1mlt1c1n47', 0x5f5f4c616d696e61737c613a363a7b733a32303a225f524551554553545f4143434553535f54494d45223b643a313736303634303832382e3034333336343b733a363a225f56414c4944223b613a313a7b733a32383a224c616d696e61735c53657373696f6e5c56616c696461746f725c4964223b733a32363a2239687273376e686438683965633438726d39396a333866746635223b7d733a34323a224c616d696e61735f56616c696461746f725f437372665f73616c745f6c6f67696e666f726d5f63737266223b613a313a7b733a363a22455850495245223b693a313736303638313837303b7d733a33323a224c616d696e61735f56616c696461746f725f437372665f73616c745f63737266223b613a313a7b733a363a22455850495245223b693a313736303638333938353b7d733a35333a224c616d696e61735f56616c696461746f725f437372665f73616c745f7265736f7572636574656d706c617465666f726d5f63737266223b613a313a7b733a363a22455850495245223b693a313736303638323835393b7d733a34343a224c616d696e61735f56616c696461746f725f437372665f73616c745f636f6e6669726d666f726d5f63737266223b613a313a7b733a363a22455850495245223b693a313736303638323835393b7d7d72656469726563745f75726c7c733a36303a22687474703a2f2f6c6f63616c686f73742f6f6d656b61532f6f6d656b612d732f61646d696e2f637376696d706f72742f706173742d696d706f727473223b4c616d696e61735f56616c696461746f725f437372665f73616c745f6c6f67696e666f726d5f637372667c4f3a32363a224c616d696e61735c5374646c69625c41727261794f626a656374223a343a7b733a373a2273746f72616765223b613a323a7b733a393a22746f6b656e4c697374223b613a333a7b733a33323a223830643463326234393738316636376631663564333037353563336365333137223b733a33323a226436633239663634643765356635383163303164336566666538633939383836223b733a33323a223537393765393436373231356133386333393161343861623431386663393565223b733a33323a223863366631333238616263373835393337653138313066356233373830626533223b733a33323a226231363233616636373931326465623265643736303430313631313466333465223b733a33323a223932353666343833393733666134653434346661663562366364616331353364223b7d733a343a2268617368223b733a36353a2239323536663438333937336661346534343466616635623663646163313533642d6231363233616636373931326465623265643736303430313631313466333465223b7d733a343a22666c6167223b693a323b733a31333a226974657261746f72436c617373223b733a31333a2241727261794974657261746f72223b733a31393a2270726f74656374656450726f70657274696573223b613a343a7b693a303b733a373a2273746f72616765223b693a313b733a343a22666c6167223b693a323b733a31333a226974657261746f72436c617373223b693a333b733a31393a2270726f74656374656450726f70657274696573223b7d7d4c616d696e61735f417574687c4f3a32363a224c616d696e61735c5374646c69625c41727261794f626a656374223a343a7b733a373a2273746f72616765223b613a313a7b733a373a2273746f72616765223b693a313b7d733a343a22666c6167223b693a323b733a31333a226974657261746f72436c617373223b733a31333a2241727261794974657261746f72223b733a31393a2270726f74656374656450726f70657274696573223b613a343a7b693a303b733a373a2273746f72616765223b693a313b733a343a22666c6167223b693a323b733a31333a226974657261746f72436c617373223b693a333b733a31393a2270726f74656374656450726f70657274696573223b7d7d4f6d656b614d657373656e6765727c4f3a32363a224c616d696e61735c5374646c69625c41727261794f626a656374223a343a7b733a373a2273746f72616765223b613a303a7b7d733a343a22666c6167223b693a323b733a31333a226974657261746f72436c617373223b733a31333a2241727261794974657261746f72223b733a31393a2270726f74656374656450726f70657274696573223b613a343a7b693a303b733a373a2273746f72616765223b693a313b733a343a22666c6167223b693a323b733a31333a226974657261746f72436c617373223b693a333b733a31393a2270726f74656374656450726f70657274696573223b7d7d4c616d696e61735f56616c696461746f725f437372665f73616c745f637372667c4f3a32363a224c616d696e61735c5374646c69625c41727261794f626a656374223a343a7b733a373a2273746f72616765223b613a323a7b733a393a22746f6b656e4c697374223b613a31363a7b733a33323a223932633332666566643833313561623932646161323138303965653662643337223b733a33323a223864373039303661306437313363353634626561646337373630616466616131223b733a33323a223165663063323966303035393331616362303830633339656661663736666139223b733a33323a223565346232343761316437633965393363306338636237643736323738303535223b733a33323a223934346537383263663666393664343531636138623238366461613931373430223b733a33323a223633363762336536313462326463353737323362666666336134396531383438223b733a33323a223636373835313766636539356465353938323738373266383263396131313838223b733a33323a226232336464393332343361663764393230613635313832353539666133303961223b733a33323a223065326164353530353737643365363636346335613735373162613233653439223b733a33323a226530666361336333386437326365336661633664303438396537643136303233223b733a33323a223433323235633732356531633634613665393736363633663234656662666663223b733a33323a223437373461393139373739653033346234306134343532633034613231616465223b733a33323a223964666130336631643836386430333739313164343264313063333334643563223b733a33323a223063313130656130383338363562363566313765316431383561633830333932223b733a33323a226232636261343331343064636232646662653036346430326133316631386665223b733a33323a223861376466353930356538316434323630663238353236613864623564643630223b733a33323a226535656534353134386561666430343663656635333061663037633839383661223b733a33323a223666346131393662366337626164613666303635366236366666306432376136223b733a33323a223732616332373066393336653266623864323061353937373037633565343563223b733a33323a223066333432626462373437303664316631396166613039383333386134313530223b733a33323a223930386536366137316534663562636139646666613135633638383732633866223b733a33323a226364646236616265663533373263643261306564633164663838643831356662223b733a33323a226630663165623661383833383437653634316166626233383332613135386633223b733a33323a223564306430663731353862626266333637356336343463626434626336393336223b733a33323a226638656465396137343937633539653934316266643238393530333062313538223b733a33323a226161356632363263346265393466383436663962376438326433353932643537223b733a33323a223365356236313738613934363932363839343333613264306465663965393932223b733a33323a223234616633316562646463316538346130323063663663653731373039376331223b733a33323a223232326632623132346536373037393535376433343637353038373461333762223b733a33323a223665636531366161373565656262373263346564643031613437326131613264223b733a33323a226436336461663866303437383765383935353765653965613561353166653437223b733a33323a223563346439343434643232346465626265313132393366353064346262623365223b7d733a343a2268617368223b733a36353a2235633464393434346432323464656262653131323933663530643462626233652d6436336461663866303437383765383935353765653965613561353166653437223b7d733a343a22666c6167223b693a323b733a31333a226974657261746f72436c617373223b733a31333a2241727261794974657261746f72223b733a31393a2270726f74656374656450726f70657274696573223b613a343a7b693a303b733a373a2273746f72616765223b693a313b733a343a22666c6167223b693a323b733a31333a226974657261746f72436c617373223b693a333b733a31393a2270726f74656374656450726f70657274696573223b7d7d4c616d696e61735f56616c696461746f725f437372665f73616c745f7265736f7572636574656d706c617465666f726d5f637372667c4f3a32363a224c616d696e61735c5374646c69625c41727261794f626a656374223a343a7b733a373a2273746f72616765223b613a323a7b733a393a22746f6b656e4c697374223b613a313a7b733a33323a223631356261663838393664326239623434343735613732626533363533333163223b733a33323a223935393562323730326632663734376235393964353632373430336337313638223b7d733a343a2268617368223b733a36353a2239353935623237303266326637343762353939643536323734303363373136382d3631356261663838393664326239623434343735613732626533363533333163223b7d733a343a22666c6167223b693a323b733a31333a226974657261746f72436c617373223b733a31333a2241727261794974657261746f72223b733a31393a2270726f74656374656450726f70657274696573223b613a343a7b693a303b733a373a2273746f72616765223b693a313b733a343a22666c6167223b693a323b733a31333a226974657261746f72436c617373223b693a333b733a31393a2270726f74656374656450726f70657274696573223b7d7d4c616d696e61735f56616c696461746f725f437372665f73616c745f636f6e6669726d666f726d5f637372667c4f3a32363a224c616d696e61735c5374646c69625c41727261794f626a656374223a343a7b733a373a2273746f72616765223b613a323a7b733a393a22746f6b656e4c697374223b613a313a7b733a33323a223533616233666632636133353132653861323634653933303036313666366531223b733a33323a223130616235643633356366396433653539303635363937353234656461646636223b7d733a343a2268617368223b733a36353a2231306162356436333563663964336535393036353639373532346564616466362d3533616233666632636133353132653861323634653933303036313666366531223b7d733a343a22666c6167223b693a323b733a31333a226974657261746f72436c617373223b733a31333a2241727261794974657261746f72223b733a31393a2270726f74656374656450726f70657274696573223b613a343a7b693a303b733a373a2273746f72616765223b693a313b733a343a22666c6167223b693a323b733a31333a226974657261746f72436c617373223b693a333b733a31393a2270726f74656374656450726f70657274696573223b7d7d, 1760640828),
('faop4emn9d9r36m5av59vdd671', 0x5f5f4c616d696e61737c613a353a7b733a32303a225f524551554553545f4143434553535f54494d45223b643a313736333633383130312e3230383737393b733a363a225f56414c4944223b613a313a7b733a32383a224c616d696e61735c53657373696f6e5c56616c696461746f725c4964223b733a32363a227434626b6273636b65706c6539666830397571696d3834307233223b7d733a34323a224c616d696e61735f56616c696461746f725f437372665f73616c745f6c6f67696e666f726d5f63737266223b613a313a7b733a363a22455850495245223b693a313736333637363933363b7d733a34343a224c616d696e61735f56616c696461746f725f437372665f73616c745f636f6e6669726d666f726d5f63737266223b613a313a7b733a363a22455850495245223b693a313736333638313239353b7d733a33323a224c616d696e61735f56616c696461746f725f437372665f73616c745f63737266223b613a313a7b733a363a22455850495245223b693a313736333638313330313b7d7d72656469726563745f75726c7c733a35363a22687474703a2f2f6c6f63616c686f73742f6f6d6b5f544879705f32352d32365f636c6f6e652f6f6d656b612d732f61646d696e2f6974656d223b4c616d696e61735f56616c696461746f725f437372665f73616c745f6c6f67696e666f726d5f637372667c4f3a32363a224c616d696e61735c5374646c69625c41727261794f626a656374223a343a7b733a373a2273746f72616765223b613a323a7b733a393a22746f6b656e4c697374223b613a313a7b733a33323a226436363436646235393364613130616238643164663961623632313763376131223b733a33323a226661666134626461666361646331383632663563643236393665633535633233223b7d733a343a2268617368223b733a36353a2266616661346264616663616463313836326635636432363936656335356332332d6436363436646235393364613130616238643164663961623632313763376131223b7d733a343a22666c6167223b693a323b733a31333a226974657261746f72436c617373223b733a31333a2241727261794974657261746f72223b733a31393a2270726f74656374656450726f70657274696573223b613a343a7b693a303b733a373a2273746f72616765223b693a313b733a343a22666c6167223b693a323b733a31333a226974657261746f72436c617373223b693a333b733a31393a2270726f74656374656450726f70657274696573223b7d7d4c616d696e61735f417574687c4f3a32363a224c616d696e61735c5374646c69625c41727261794f626a656374223a343a7b733a373a2273746f72616765223b613a313a7b733a373a2273746f72616765223b693a313b7d733a343a22666c6167223b693a323b733a31333a226974657261746f72436c617373223b733a31333a2241727261794974657261746f72223b733a31393a2270726f74656374656450726f70657274696573223b613a343a7b693a303b733a373a2273746f72616765223b693a313b733a343a22666c6167223b693a323b733a31333a226974657261746f72436c617373223b693a333b733a31393a2270726f74656374656450726f70657274696573223b7d7d4f6d656b614d657373656e6765727c4f3a32363a224c616d696e61735c5374646c69625c41727261794f626a656374223a343a7b733a373a2273746f72616765223b613a303a7b7d733a343a22666c6167223b693a323b733a31333a226974657261746f72436c617373223b733a31333a2241727261794974657261746f72223b733a31393a2270726f74656374656450726f70657274696573223b613a343a7b693a303b733a373a2273746f72616765223b693a313b733a343a22666c6167223b693a323b733a31333a226974657261746f72436c617373223b693a333b733a31393a2270726f74656374656450726f70657274696573223b7d7d4c616d696e61735f56616c696461746f725f437372665f73616c745f636f6e6669726d666f726d5f637372667c4f3a32363a224c616d696e61735c5374646c69625c41727261794f626a656374223a343a7b733a373a2273746f72616765223b613a323a7b733a393a22746f6b656e4c697374223b613a31323a7b733a33323a226666383531386538663763333134303963303666336235633163376130633036223b733a33323a223338663537333366346435613566396561633334343437626166636338353433223b733a33323a223930326366313130656165626665383830373730613134323163666164663466223b733a33323a223438343063396335316132613231353130306365393034363961636162616636223b733a33323a223561393134633962343430383137653131613233323334303131646163386134223b733a33323a223735323639613035643865643233626439643539653237333834306539353835223b733a33323a226332353262356436326338663931613662383435346230393932623131386462223b733a33323a226538646237343738666135336434393038633134663831363830623230613532223b733a33323a223036353131393639343035313133366138303133336263666464663837663133223b733a33323a226333643263366430333639666139376533313963623531303339666439356266223b733a33323a223339353431316138386439386431626133323537646338383764303461306430223b733a33323a226539313462336235333130653461333939633836633161343936323036356661223b733a33323a226262313432633339386233313165633864353334313336353562356439383465223b733a33323a223536363861663065306337363030626238626132343033626238373536393262223b733a33323a223634366638663338313838646162363235323765393565323061616631343163223b733a33323a226234343863323333383633366637633565346161333030313561636232346635223b733a33323a223466343161616164623732373935633732666561303131666239356538376631223b733a33323a223239393433363664386566643134613539623237343663313762393537363562223b733a33323a226630333036393733336435636431623636313730376231323435353837316161223b733a33323a223130636631366138336439643732396330656262663365636237623135373662223b733a33323a223336626238373631393662613130623861396461373564613930633365623038223b733a33323a226331636134316338386461626335313466326162663538626637313464633730223b733a33323a223331353564303563303561373334353062353561343130626333346134623330223b733a33323a223833613138356537336564636466303237393534653832363432343566656335223b7d733a343a2268617368223b733a36353a2238336131383565373365646364663032373935346538323634323435666563352d3331353564303563303561373334353062353561343130626333346134623330223b7d733a343a22666c6167223b693a323b733a31333a226974657261746f72436c617373223b733a31333a2241727261794974657261746f72223b733a31393a2270726f74656374656450726f70657274696573223b613a343a7b693a303b733a373a2273746f72616765223b693a313b733a343a22666c6167223b693a323b733a31333a226974657261746f72436c617373223b693a333b733a31393a2270726f74656374656450726f70657274696573223b7d7d4c616d696e61735f56616c696461746f725f437372665f73616c745f637372667c4f3a32363a224c616d696e61735c5374646c69625c41727261794f626a656374223a343a7b733a373a2273746f72616765223b613a323a7b733a393a22746f6b656e4c697374223b613a31313a7b733a33323a223839336134316335653334383662626666633265336636633735343536346465223b733a33323a223534333130383432613935623830303161396335663032643332663830353031223b733a33323a226635376263633931393433323436323662393930653530376263373131666663223b733a33323a223462336633333339353032653933333463303536313965396633656530393632223b733a33323a226230313736306133386638333834666166323331383138626365633630616163223b733a33323a223933323865353737316661633762376664316362623363323431633166323734223b733a33323a226539376663663932333934653761386530653435376139646566633737386164223b733a33323a223266633164633362313935326333303364313261616133656339383131343064223b733a33323a223836663438376130636433313766636361373365636463366538353230303332223b733a33323a223239316637613237613930393839626637366134653237353762663763363838223b733a33323a223065326666343066316337343032316635356464346366653531386362613734223b733a33323a223362346337663165343031353639653634643538373461663932336463383836223b733a33323a226532306334656534643164623238623533366332373736303933323264636431223b733a33323a223138366632353062393766623836636232376536373664333730613664303539223b733a33323a223066346635323531306136613234373163633737336433626332633131343066223b733a33323a226533623437633832623535383633303337396234363332363934653639393830223b733a33323a223963343434306161336537633036623461623134346333316361653237316238223b733a33323a223538386439613833353566643732346130363962646265376165346237613761223b733a33323a226437393638626136363933643736396262623330626166353937326433356339223b733a33323a226238333963326233363663393337356362353235343364363331313866366262223b733a33323a223561393465633930613732626331633836653837623261373866333231353037223b733a33323a223865353536353261666362363538383036633566323030373433626538633064223b7d733a343a2268617368223b733a36353a2238653535363532616663623635383830366335663230303734336265386330642d3561393465633930613732626331633836653837623261373866333231353037223b7d733a343a22666c6167223b693a323b733a31333a226974657261746f72436c617373223b733a31333a2241727261794974657261746f72223b733a31393a2270726f74656374656450726f70657274696573223b613a343a7b693a303b733a373a2273746f72616765223b693a313b733a343a22666c6167223b693a323b733a31333a226974657261746f72436c617373223b693a333b733a31393a2270726f74656374656450726f70657274696573223b7d7d, 1763638101);
INSERT INTO `session` (`id`, `data`, `modified`) VALUES
('fh8o7s1aq5npmns61a858gshli', 0x5f5f4c616d696e61737c613a353a7b733a32303a225f524551554553545f4143434553535f54494d45223b643a313736333933333331382e3232313135313b733a363a225f56414c4944223b613a313a7b733a32383a224c616d696e61735c53657373696f6e5c56616c696461746f725c4964223b733a32363a22616164756f6c3431736b73676a6f626a6c6e3839663274713262223b7d733a34323a224c616d696e61735f56616c696461746f725f437372665f73616c745f6c6f67696e666f726d5f63737266223b613a313a7b733a363a22455850495245223b693a313736333936393534313b7d733a34343a224c616d696e61735f56616c696461746f725f437372665f73616c745f636f6e6669726d666f726d5f63737266223b613a313a7b733a363a22455850495245223b693a313736333937363531383b7d733a33323a224c616d696e61735f56616c696461746f725f437372665f73616c745f63737266223b613a313a7b733a363a22455850495245223b693a313736333937363236373b7d7d72656469726563745f75726c7c733a35363a22687474703a2f2f6c6f63616c686f73742f6f6d6b5f544879705f32352d32365f636c6f6e652f6f6d656b612d732f61646d696e2f6974656d223b4c616d696e61735f56616c696461746f725f437372665f73616c745f6c6f67696e666f726d5f637372667c4f3a32363a224c616d696e61735c5374646c69625c41727261794f626a656374223a343a7b733a373a2273746f72616765223b613a323a7b733a393a22746f6b656e4c697374223b613a313a7b733a33323a223231383364356530323033383131386532613630616133306430623632373033223b733a33323a223833356461373530366663323961326666393432313434316466656233396331223b7d733a343a2268617368223b733a36353a2238333564613735303666633239613266663934323134343164666562333963312d3231383364356530323033383131386532613630616133306430623632373033223b7d733a343a22666c6167223b693a323b733a31333a226974657261746f72436c617373223b733a31333a2241727261794974657261746f72223b733a31393a2270726f74656374656450726f70657274696573223b613a343a7b693a303b733a373a2273746f72616765223b693a313b733a343a22666c6167223b693a323b733a31333a226974657261746f72436c617373223b693a333b733a31393a2270726f74656374656450726f70657274696573223b7d7d4c616d696e61735f417574687c4f3a32363a224c616d696e61735c5374646c69625c41727261794f626a656374223a343a7b733a373a2273746f72616765223b613a313a7b733a373a2273746f72616765223b693a313b7d733a343a22666c6167223b693a323b733a31333a226974657261746f72436c617373223b733a31333a2241727261794974657261746f72223b733a31393a2270726f74656374656450726f70657274696573223b613a343a7b693a303b733a373a2273746f72616765223b693a313b733a343a22666c6167223b693a323b733a31333a226974657261746f72436c617373223b693a333b733a31393a2270726f74656374656450726f70657274696573223b7d7d4f6d656b614d657373656e6765727c4f3a32363a224c616d696e61735c5374646c69625c41727261794f626a656374223a343a7b733a373a2273746f72616765223b613a303a7b7d733a343a22666c6167223b693a323b733a31333a226974657261746f72436c617373223b733a31333a2241727261794974657261746f72223b733a31393a2270726f74656374656450726f70657274696573223b613a343a7b693a303b733a373a2273746f72616765223b693a313b733a343a22666c6167223b693a323b733a31333a226974657261746f72436c617373223b693a333b733a31393a2270726f74656374656450726f70657274696573223b7d7d4c616d696e61735f56616c696461746f725f437372665f73616c745f636f6e6669726d666f726d5f637372667c4f3a32363a224c616d696e61735c5374646c69625c41727261794f626a656374223a343a7b733a373a2273746f72616765223b613a323a7b733a393a22746f6b656e4c697374223b613a33343a7b733a33323a226532383838643162316432373139373839666139333061316664326266313830223b733a33323a223031666636353665383638663135653032313439643366396538376562306466223b733a33323a226536646430343865666338626165396564623037383230646637633435396562223b733a33323a226361653031333238386662623262653638656261343734306662363266343630223b733a33323a223433393139663331383761376663383961343264633265313539346439623361223b733a33323a226466643033363065613266316339316430396337663237396266303530643133223b733a33323a223364633764393864363937376665623934346130373337623462343130333632223b733a33323a223664306364303061333566623032343733316533663562616637326632303834223b733a33323a223939633665396634376438313736623835333963396537646236323732323034223b733a33323a223166323536313764356465366261343534623865623635633735663536373265223b733a33323a223331376364613236626431613333356137646430613232356438653261646563223b733a33323a226232333263363531663835346531643130393735353031353438643362363762223b733a33323a223836343963323663366663663834386561303963643364616361333565356164223b733a33323a223261316163663465306165663339666439366338363839316562646262383331223b733a33323a223133356530373436393338373435383437633966343938316432646530646232223b733a33323a223230313963396238393637306532306366636639383363373365323033653733223b733a33323a223362653361316537613834396564636437346166653533666163336630306139223b733a33323a223365386163303161323139663065623338613466346235616638653065633930223b733a33323a226539313736373039653739353939343133653035666438613664323061333632223b733a33323a223032646262653736666233343534316431343936623261653732323465346535223b733a33323a223230616361643464376231666332336363373235363565636661663937653530223b733a33323a223961653434356661333036323133323464373632313466323462313932373132223b733a33323a223665353762373662653532383464383234333961376237356131336535633564223b733a33323a223431356434643861343438303132373134363266633539393139373139626166223b733a33323a223032643766336334356163326530313732656363306166393737346161316365223b733a33323a223230313766646161633834626430313335643636666135316339613038626432223b733a33323a223933666136363333346135626433326235666433383933313837663437323134223b733a33323a226664613865313166383762663335633532373962326134356338396632386639223b733a33323a223966653361353963333539326337316165363233626234336562336431666632223b733a33323a223431626333323961356234623264313037386230353063326436616534383230223b733a33323a223337303434653431656664343431633537663733623435383436313132633664223b733a33323a223638383133646465633335623039373963333262353663336238356339393065223b733a33323a223239653839666639396631313965613736623166303533346237356435363531223b733a33323a223233633862303831653666326139323734316665343934383330383161643862223b733a33323a223339393532643961306636333332303662656264353732623938393961373834223b733a33323a226435663964616566313361396139363661346631616264366661323431353138223b733a33323a223862323033633662363734643265616265616439363433333661316637353531223b733a33323a226635353366643236393661353433613665313462653632643262383032383332223b733a33323a223336363434393034323565616632313365316538333865313061653765383865223b733a33323a226637303662336131323966343039333463386439653937376332356230326137223b733a33323a223263326535646161303135653362376535343435396532343366306630363739223b733a33323a223038356236323430313630386135643735633362313466353634326662323365223b733a33323a223961383738353464313766666631383466646234313232393264316163353339223b733a33323a226538613933643339643362623364373333303430663866316131663462353933223b733a33323a226434333362366263343039643765613966633862356266383832343666363533223b733a33323a226336643833376564316237646662336266623266613862343136333266633637223b733a33323a226533646639343461336565356435643632303032383735666561643731353533223b733a33323a223333613630666434336561333635316334393462623465313831366535363361223b733a33323a226439303033643035653339613438333637346234366636373963303038613661223b733a33323a223730616362313064373036356533303338313837353361373830666561363532223b733a33323a223834373064333335343561663931306230633266323830326133376339393639223b733a33323a223165363231616332633134313232623537353938303663316539366261383961223b733a33323a223163646630643433393739636637393735666438316566353335656361653133223b733a33323a223531343537303566666133353434373265386138383635333531383535346166223b733a33323a226533663337353330623738383536313531666237343063336639636537623764223b733a33323a226633333032633965663539356664646537373035666437633533613937323066223b733a33323a223362653166333832393634373931623230393933633331623934306465363864223b733a33323a223638383861363863616362333061636338613464613664313263343030623765223b733a33323a226564383562366336323333313038396164633034346166643562393333633963223b733a33323a223865313763326634326166656130666162396637336636303431373866623833223b733a33323a223064373461346465306665653433353762393733303364393163373531663239223b733a33323a223665653438373631336133313031323532326636343063656432363664356264223b733a33323a226465366634653737313438623536353637323336393832613862373431633432223b733a33323a226163613034633634336264373138303861303130343730326631323431333063223b733a33323a226430303133323461376561663130616131316536373965386461303831343762223b733a33323a223732343233666536353764303437636465643061366464363030353366366236223b733a33323a226538363934616531303861633565363237633861393933356163626136333537223b733a33323a223739653661306261656630643035333338393865393565373533376138653161223b7d733a343a2268617368223b733a36353a2237396536613062616566306430353333383938653935653735333761386531612d6538363934616531303861633565363237633861393933356163626136333537223b7d733a343a22666c6167223b693a323b733a31333a226974657261746f72436c617373223b733a31333a2241727261794974657261746f72223b733a31393a2270726f74656374656450726f70657274696573223b613a343a7b693a303b733a373a2273746f72616765223b693a313b733a343a22666c6167223b693a323b733a31333a226974657261746f72436c617373223b693a333b733a31393a2270726f74656374656450726f70657274696573223b7d7d4c616d696e61735f56616c696461746f725f437372665f73616c745f637372667c4f3a32363a224c616d696e61735c5374646c69625c41727261794f626a656374223a343a7b733a373a2273746f72616765223b613a323a7b733a393a22746f6b656e4c697374223b613a393a7b733a33323a223534663236323730366331663239303538653566323766656132373061343036223b733a33323a226236366230613864326230346534343937366338663864656431343137366164223b733a33323a223433353662656362333063636366376636336132363431373365653366633665223b733a33323a223133396135363732616662376339383634303737326362326564356465633034223b733a33323a226465646661643538353338616161656137333635633433363766633338643164223b733a33323a226465376637373530653435363932656633333430643435346164653065353866223b733a33323a226136623831363361343733366262363063353339323835633063346439633865223b733a33323a223531396333333739326261616163643630333133363763623534333666366533223b733a33323a226631373436663561346531376335363731636438336163623937646439646162223b733a33323a223331396633313539316236666462363566646161386135353762336337316530223b733a33323a223464326134343466343531393236303537653438643863663733336461656264223b733a33323a223034323066653330313861306632663338663031623130366237613061393230223b733a33323a223162383032363035646639666133623462336232313832353834666361303332223b733a33323a223964333864323866356162386236323033343035653137343730636130313237223b733a33323a223435313539643737316531396334623133643531343436386239623461666439223b733a33323a226366636661303839366166653662333162646631326337616337616131663339223b733a33323a226231616662653963376138633661353466613563613461343463383434313139223b733a33323a223236663463396136303534303239653639366233383731363234653565663237223b7d733a343a2268617368223b733a36353a2232366634633961363035343032396536393662333837313632346535656632372d6231616662653963376138633661353466613563613461343463383434313139223b7d733a343a22666c6167223b693a323b733a31333a226974657261746f72436c617373223b733a31333a2241727261794974657261746f72223b733a31393a2270726f74656374656450726f70657274696573223b613a343a7b693a303b733a373a2273746f72616765223b693a313b733a343a22666c6167223b693a323b733a31333a226974657261746f72436c617373223b693a333b733a31393a2270726f74656374656450726f70657274696573223b7d7d, 1763933318),
('fkhtgsfaqtg424h0pn12fpjb39', 0x5f5f4c616d696e61737c613a323a7b733a32303a225f524551554553545f4143434553535f54494d45223b643a313736333436323031382e3930383132363b733a363a225f56414c4944223b613a313a7b733a32383a224c616d696e61735c53657373696f6e5c56616c696461746f725c4964223b733a32363a22666b6874677366617174673432346830706e313266706a623339223b7d7d72656469726563745f75726c7c733a35363a22687474703a2f2f6c6f63616c686f73742f6f6d6b5f544879705f32352d32365f636c6f6e652f6f6d656b612d732f61646d696e2f6974656d223b, 1763462019),
('gta49pss6m33enfvo3dto2g27b', 0x5f5f4c616d696e61737c613a353a7b733a32303a225f524551554553545f4143434553535f54494d45223b643a313736343538313935302e3235323437343b733a363a225f56414c4944223b613a313a7b733a32383a224c616d696e61735c53657373696f6e5c56616c696461746f725c4964223b733a32363a2239737435356269343861366f6e76336f693630306c6b72757364223b7d733a34323a224c616d696e61735f56616c696461746f725f437372665f73616c745f6c6f67696e666f726d5f63737266223b613a313a7b733a363a22455850495245223b693a313736343632343631383b7d733a33323a224c616d696e61735f56616c696461746f725f437372665f73616c745f63737266223b613a313a7b733a363a22455850495245223b693a313736343632353131393b7d733a34343a224c616d696e61735f56616c696461746f725f437372665f73616c745f636f6e6669726d666f726d5f63737266223b613a313a7b733a363a22455850495245223b693a313736343632353133333b7d7d72656469726563745f75726c7c733a35383a22687474703a2f2f6c6f63616c686f73742f6f6d6b5f544879705f32352d32365f636c6f6e652f6f6d656b612d732f61646d696e2f6d6f64756c65223b4c616d696e61735f56616c696461746f725f437372665f73616c745f6c6f67696e666f726d5f637372667c4f3a32363a224c616d696e61735c5374646c69625c41727261794f626a656374223a343a7b733a373a2273746f72616765223b613a323a7b733a393a22746f6b656e4c697374223b613a313a7b733a33323a223063653861663263613366306630303331623133303461626436323462623538223b733a33323a223062653939303032623530306634326638313636303666663835323364353061223b7d733a343a2268617368223b733a36353a2230626539393030326235303066343266383136363036666638353233643530612d3063653861663263613366306630303331623133303461626436323462623538223b7d733a343a22666c6167223b693a323b733a31333a226974657261746f72436c617373223b733a31333a2241727261794974657261746f72223b733a31393a2270726f74656374656450726f70657274696573223b613a343a7b693a303b733a373a2273746f72616765223b693a313b733a343a22666c6167223b693a323b733a31333a226974657261746f72436c617373223b693a333b733a31393a2270726f74656374656450726f70657274696573223b7d7d4c616d696e61735f417574687c4f3a32363a224c616d696e61735c5374646c69625c41727261794f626a656374223a343a7b733a373a2273746f72616765223b613a313a7b733a373a2273746f72616765223b693a313b7d733a343a22666c6167223b693a323b733a31333a226974657261746f72436c617373223b733a31333a2241727261794974657261746f72223b733a31393a2270726f74656374656450726f70657274696573223b613a343a7b693a303b733a373a2273746f72616765223b693a313b733a343a22666c6167223b693a323b733a31333a226974657261746f72436c617373223b693a333b733a31393a2270726f74656374656450726f70657274696573223b7d7d4f6d656b614d657373656e6765727c4f3a32363a224c616d696e61735c5374646c69625c41727261794f626a656374223a343a7b733a373a2273746f72616765223b613a303a7b7d733a343a22666c6167223b693a323b733a31333a226974657261746f72436c617373223b733a31333a2241727261794974657261746f72223b733a31393a2270726f74656374656450726f70657274696573223b613a343a7b693a303b733a373a2273746f72616765223b693a313b733a343a22666c6167223b693a323b733a31333a226974657261746f72436c617373223b693a333b733a31393a2270726f74656374656450726f70657274696573223b7d7d4c616d696e61735f56616c696461746f725f437372665f73616c745f637372667c4f3a32363a224c616d696e61735c5374646c69625c41727261794f626a656374223a343a7b733a373a2273746f72616765223b613a323a7b733a393a22746f6b656e4c697374223b613a32323a7b733a33323a223866396566343037656432633965326330313732663432643634626362613535223b733a33323a226465646566383234383761653732323732393466353035626437303334393963223b733a33323a223966666435316535626534333164613838386461363461346636363162356563223b733a33323a223061353133373631666466393532396565343637663965613766313565326263223b733a33323a223839633663623166643662306165643166363233323933656437663466656666223b733a33323a223033363332623637393536613664633030343538653163633230393938656664223b733a33323a223536613363313233316237656561656138373237656365303363323635313633223b733a33323a226465316166633234356139373431616137326463386235333434373563316332223b733a33323a226232363835333630623031316561643936383133393431376361396230613362223b733a33323a226238383564376165333665313962656435653961343061643666663735343061223b733a33323a223330323139313936393239396539666630663835636530646264393366386132223b733a33323a223264666237653735313239343831333364303463333831343034303437666638223b733a33323a223664616134373266303437623365323332666161306430616232356134623262223b733a33323a226336303565643362366530313438653336623538326634613365633130313835223b733a33323a223836623564323065343137383765313064396165663538366531356138646631223b733a33323a226632396436353062623865336635393466656639393537306364656232376666223b733a33323a226565363664313539633631326539343264366438386431623530333864626463223b733a33323a223664623766636464323465653432396365316334613337656261326361316462223b733a33323a226535393638393739366462333362656661623937393534383531613834333839223b733a33323a226566653430313933633064353432316437623662326165313232316430343166223b733a33323a223530393032623737386561656434316131616266666665333239616337363431223b733a33323a223633343963326137643632396537343936636462353630363265643030656135223b733a33323a226132336531646338316438643465613733326530366562613037643539623930223b733a33323a226363333235393938316337613333313134666665393566346463653935316536223b733a33323a223863663837333064316263613130373035313736383133376333383431356465223b733a33323a226534333362356261393762313831363935306363323336626233653762363035223b733a33323a223432666661336130326439633332663337653037643733313237333264346435223b733a33323a226463613830326430613164343337396233346365366163306263666565376330223b733a33323a223964613533646631613537303464616564306663663462386165383936613761223b733a33323a223434613939376632313263616636313139303561316232353063646535383662223b733a33323a223064383865333438353064366636653064373634376633323734303532326161223b733a33323a223133356637316538613662313166343138663561346166313534373538643332223b733a33323a223035373931626262303439663530306634326363333934646432393430656563223b733a33323a226438616565393066336436616338313833626532303637373235303736336237223b733a33323a223932663135373932353937373236643338656531323232363433326366343333223b733a33323a223062653837313930613830383037306631363162373763613865623131336431223b733a33323a223066313130396438383761616637393638346336626337373834666137623663223b733a33323a226164306136343836313534396462666433643739613031306630313261663834223b733a33323a226266333665396465613366393833636630336561623837366563613964643736223b733a33323a226265363066313939353362346533613264633539303037623162356461326533223b733a33323a223861313731333166306163623562326630343939383833393135376136663234223b733a33323a223139633131343430636562333866303838333463616637636131656365623766223b733a33323a226239363435343261613065616164353538393935376636646637373239343230223b733a33323a223462363131633766633133336465663164613739383236636339363932303035223b7d733a343a2268617368223b733a36353a2234623631316337666331333364656631646137393832366363393639323030352d6239363435343261613065616164353538393935376636646637373239343230223b7d733a343a22666c6167223b693a323b733a31333a226974657261746f72436c617373223b733a31333a2241727261794974657261746f72223b733a31393a2270726f74656374656450726f70657274696573223b613a343a7b693a303b733a373a2273746f72616765223b693a313b733a343a22666c6167223b693a323b733a31333a226974657261746f72436c617373223b693a333b733a31393a2270726f74656374656450726f70657274696573223b7d7d4c616d696e61735f56616c696461746f725f437372665f73616c745f636f6e6669726d666f726d5f637372667c4f3a32363a224c616d696e61735c5374646c69625c41727261794f626a656374223a343a7b733a373a2273746f72616765223b613a323a7b733a393a22746f6b656e4c697374223b613a333a7b733a33323a226435383166336264653235316134643663613436666435383464383065323033223b733a33323a226264663465643131373734363134356163343839643334613166376438373466223b733a33323a223330313633613236323234383463643234623032323537353037623562666634223b733a33323a223335363330353430366265633838363238336262646564353334636265623763223b733a33323a223866316363656336613265313233653634666265303566303236353163616535223b733a33323a226634623235313835313665383337323034653333323664656565366264633135223b7d733a343a2268617368223b733a36353a2266346232353138353136653833373230346533333236646565653662646331352d3866316363656336613265313233653634666265303566303236353163616535223b7d733a343a22666c6167223b693a323b733a31333a226974657261746f72436c617373223b733a31333a2241727261794974657261746f72223b733a31393a2270726f74656374656450726f70657274696573223b613a343a7b693a303b733a373a2273746f72616765223b693a313b733a343a22666c6167223b693a323b733a31333a226974657261746f72436c617373223b693a333b733a31393a2270726f74656374656450726f70657274696573223b7d7d, 1764581950),
('hrg49upb3kbtf2tpmp2uvnelt4', 0x5f5f4c616d696e61737c613a323a7b733a32303a225f524551554553545f4143434553535f54494d45223b643a313736333633333638322e35373935393b733a363a225f56414c4944223b613a313a7b733a32383a224c616d696e61735c53657373696f6e5c56616c696461746f725c4964223b733a32363a226872673439757062336b6274663274706d703275766e656c7434223b7d7d72656469726563745f75726c7c733a35363a22687474703a2f2f6c6f63616c686f73742f6f6d6b5f544879705f32352d32365f636c6f6e652f6f6d656b612d732f61646d696e2f6974656d223b, 1763633683),
('hu8bna6hruvo7bqgl6o6k0h0vo', 0x5f5f4c616d696e61737c613a353a7b733a32303a225f524551554553545f4143434553535f54494d45223b643a313736343631313432302e3232303031353b733a363a225f56414c4944223b613a313a7b733a32383a224c616d696e61735c53657373696f6e5c56616c696461746f725c4964223b733a32363a22656a67316e356d35686c71616b76636b336163686c387236396e223b7d733a34323a224c616d696e61735f56616c696461746f725f437372665f73616c745f6c6f67696e666f726d5f63737266223b613a313a7b733a363a22455850495245223b693a313736343634383437333b7d733a34343a224c616d696e61735f56616c696461746f725f437372665f73616c745f636f6e6669726d666f726d5f63737266223b613a313a7b733a363a22455850495245223b693a313736343635333631353b7d733a33323a224c616d696e61735f56616c696461746f725f437372665f73616c745f63737266223b613a313a7b733a363a22455850495245223b693a313736343635333931383b7d7d72656469726563745f75726c7c733a35363a22687474703a2f2f6c6f63616c686f73742f6f6d6b5f544879705f32352d32365f636c6f6e652f6f6d656b612d732f61646d696e2f6974656d223b4c616d696e61735f56616c696461746f725f437372665f73616c745f6c6f67696e666f726d5f637372667c4f3a32363a224c616d696e61735c5374646c69625c41727261794f626a656374223a343a7b733a373a2273746f72616765223b613a323a7b733a393a22746f6b656e4c697374223b613a313a7b733a33323a223766663933303539626361303966373066393930653962653031313430363238223b733a33323a223033393037396334646366393230326430656534393035633964303337323164223b7d733a343a2268617368223b733a36353a2230333930373963346463663932303264306565343930356339643033373231642d3766663933303539626361303966373066393930653962653031313430363238223b7d733a343a22666c6167223b693a323b733a31333a226974657261746f72436c617373223b733a31333a2241727261794974657261746f72223b733a31393a2270726f74656374656450726f70657274696573223b613a343a7b693a303b733a373a2273746f72616765223b693a313b733a343a22666c6167223b693a323b733a31333a226974657261746f72436c617373223b693a333b733a31393a2270726f74656374656450726f70657274696573223b7d7d4c616d696e61735f417574687c4f3a32363a224c616d696e61735c5374646c69625c41727261794f626a656374223a343a7b733a373a2273746f72616765223b613a313a7b733a373a2273746f72616765223b693a313b7d733a343a22666c6167223b693a323b733a31333a226974657261746f72436c617373223b733a31333a2241727261794974657261746f72223b733a31393a2270726f74656374656450726f70657274696573223b613a343a7b693a303b733a373a2273746f72616765223b693a313b733a343a22666c6167223b693a323b733a31333a226974657261746f72436c617373223b693a333b733a31393a2270726f74656374656450726f70657274696573223b7d7d4f6d656b614d657373656e6765727c4f3a32363a224c616d696e61735c5374646c69625c41727261794f626a656374223a343a7b733a373a2273746f72616765223b613a303a7b7d733a343a22666c6167223b693a323b733a31333a226974657261746f72436c617373223b733a31333a2241727261794974657261746f72223b733a31393a2270726f74656374656450726f70657274696573223b613a343a7b693a303b733a373a2273746f72616765223b693a313b733a343a22666c6167223b693a323b733a31333a226974657261746f72436c617373223b693a333b733a31393a2270726f74656374656450726f70657274696573223b7d7d4c616d696e61735f56616c696461746f725f437372665f73616c745f636f6e6669726d666f726d5f637372667c4f3a32363a224c616d696e61735c5374646c69625c41727261794f626a656374223a343a7b733a373a2273746f72616765223b613a323a7b733a393a22746f6b656e4c697374223b613a363a7b733a33323a223834323732613133376666323638366364653534653034646361313439343337223b733a33323a223032393439346532336461663432633532653864656536303966353237653738223b733a33323a223233396462316436636639343034356365353565363939313530633233336663223b733a33323a223239343965393464326262346530356361313561303933303739373262656335223b733a33323a223732363361363963656665396135393334396436616338376630303066306231223b733a33323a226535313234346236343666326331666633363331303266663566393461353733223b733a33323a223666613636343433363131313539636664303965356263626635383234636461223b733a33323a223438323632353135343061353833643535336435356366643533343537393331223b733a33323a223230373532633138323939353165393230333766343735333234613864396563223b733a33323a223737356136343138663762613265663538666334653535663332633834363238223b733a33323a226232303637636131666232336665333964306134623931643063353334363033223b733a33323a226431383162383438643133616539316431623933313265616365303064393738223b7d733a343a2268617368223b733a36353a2264313831623834386431336165393164316239333132656163653030643937382d6232303637636131666232336665333964306134623931643063353334363033223b7d733a343a22666c6167223b693a323b733a31333a226974657261746f72436c617373223b733a31333a2241727261794974657261746f72223b733a31393a2270726f74656374656450726f70657274696573223b613a343a7b693a303b733a373a2273746f72616765223b693a313b733a343a22666c6167223b693a323b733a31333a226974657261746f72436c617373223b693a333b733a31393a2270726f74656374656450726f70657274696573223b7d7d4c616d696e61735f56616c696461746f725f437372665f73616c745f637372667c4f3a32363a224c616d696e61735c5374646c69625c41727261794f626a656374223a343a7b733a373a2273746f72616765223b613a323a7b733a393a22746f6b656e4c697374223b613a38303a7b733a33323a226636623764363133343833313936346139656433343966636236303233656635223b733a33323a223865386438646361343033376637633562343338626530666538343461376563223b733a33323a223965323338643939376136386332356466646138353537383564346561646162223b733a33323a226665333633383762306366633238363566323463323331316264333864363265223b733a33323a226439336137376661343466633530636464633663333138333931363762613237223b733a33323a223430343430373535636530306664366436653733333835306330616531363731223b733a33323a223365366263383734643561363930303331653732326432613731373230366265223b733a33323a223035623565616265663037396631393265373630316565333637363562333165223b733a33323a226665383632303436373964373434323737356466313833623437376664656163223b733a33323a223638633362666632373434383265346339333334383462616665343663633233223b733a33323a223562376530326536356233653338336162343564376466613230643733306564223b733a33323a226331636666653631363136613963313162613162323966623132333830613236223b733a33323a223664633964656537393664663237656632383838383939303435393739653264223b733a33323a226530346231306339393938323738656630336237346262343430303438313239223b733a33323a223865636437623239306165323939333465366137666237396261306632363666223b733a33323a223836653035653162663664666237366233366361646631613961633236626439223b733a33323a223937373233316663653466333565326439316435346637616665306235656233223b733a33323a226439376664363861376233613462666263613966633362323931633063396331223b733a33323a223532643439333833393337653631363264383632383438323366366131303865223b733a33323a223766303436656130323363353763653336666665386163396130663765323431223b733a33323a223334316162376137383532623734373032336263666633383435623436646237223b733a33323a223934613936396163353732346365323665656332646536336633316166393535223b733a33323a226530633734626563646538323834353566306531626336613138393334343338223b733a33323a223036656566336562373732636132333933316631366664383364316231303234223b733a33323a223338343833393565343037396564333734646563636166316564663630356639223b733a33323a226261316234313136653462393335646539613932376463343231636630386137223b733a33323a223933653934363431336263386364663136306261653433373738316435343132223b733a33323a226466373539316466363736623566396332636665633363393531636462653762223b733a33323a223462636436316635363863656564326465666336633430326631653431343431223b733a33323a223338383862613763666661346533613862336531663239353033366235623733223b733a33323a223337623238613138313561373164323832336431626563323962386338653238223b733a33323a223665306434353130396133306139333263663733653063336139323162646637223b733a33323a223338613064353436366230373038393264613762383363336337313439333435223b733a33323a223436636435343932326666303434656663323232663535386633643433376164223b733a33323a226139383130666337336161363364306666303462623836623734353330313332223b733a33323a226239373864386533396135353532656234346336333364323037346635353163223b733a33323a223163323664656662313963343837393035656363363535373632616633356665223b733a33323a223933636433613563616666623162343439363835306338653963616639616135223b733a33323a226665656139333134313931623031353936396131386436636436373732346339223b733a33323a226234363137333863346139376565663835373337343632656630636637316333223b733a33323a223061366632363932646632636636623766303131663162333236386362386134223b733a33323a226533326165353162366131396464666461646432366263326331383663313734223b733a33323a226439643564653131666635643737666635623933313936393266383864383637223b733a33323a223237343962613266666365653961306639623634363934636265396335333262223b733a33323a223531643730643735623236663832363233306165376537333235613837633735223b733a33323a223365383263663938663865353334613932613732623334626133326163313163223b733a33323a226136333131396639396535616432666631323735623338323131393130636437223b733a33323a223938353937626139376331336366333239306261653463386262613531393663223b733a33323a223566636432393164666435666535316539353261646434346639643734356333223b733a33323a226261613230373933353065646339653964343630656138626234343766393864223b733a33323a223465393865616434643333376166326162366333383834306136323232316333223b733a33323a226331386265666264336432303731323761336432643634393632636361623332223b733a33323a226231356665646437636437333536306239663630366662356561386461303131223b733a33323a223534356465363536633634643233643736666337363832333232616663353661223b733a33323a223061616630393234326162363762356332353335643463616530376531366639223b733a33323a223165363631616331633763393765656462376664383764323232653537323163223b733a33323a226331326363316538636433343334653833633861653464396235313931326239223b733a33323a226134373430663033336339313165303332313330656333383066333863633061223b733a33323a223863616539653638316666646433356466646261613465646230613035373235223b733a33323a226462643765626665633736306662306133366432313264363664363639303736223b733a33323a223432313536643938653562343837343265396561653364326366356365633236223b733a33323a226135366537393266386331353864303962653065353337346338353631616565223b733a33323a223138663238373765363130343662333839393034373261616539346365356330223b733a33323a223930653131373563653232653461613266306165376432393164626333613831223b733a33323a223535383539666562333836326230333564323065613661666138333134343966223b733a33323a223363396334623864663466373064376432633066646162363636626338636165223b733a33323a226266356637346562646561623335373134353539383065653565366634666534223b733a33323a226236333666343335663964663162623263383537346133613934616565643633223b733a33323a223838316230346366316130623334303136353835386365663234623437646364223b733a33323a223233386665626361633461313939313030663666376166633232353432653737223b733a33323a223239633361303132386663383739376139303638366232613431656465383337223b733a33323a223266613036623134626364623865333238623638396237353061396532336635223b733a33323a223634643865373336363230343866323137623231613565373838383639656563223b733a33323a223836616563353965343633336264373439346266323363326366353366323430223b733a33323a226263633231333034633531346432343438646136316130306233616463633734223b733a33323a223833316633386364386433663433656163633961626264633963653064363334223b733a33323a223364653361363633346234623834616462666266613531363139313034343832223b733a33323a226130326235326364633331316636616239636265323835383066623937633638223b733a33323a226362643130663632626464653835323863313334633330363537323664373732223b733a33323a223665613563313863313538616165386238653463313562303439323839396530223b733a33323a226231323335306165636365346330346138383835393566396432656231306261223b733a33323a223532353333303639303065346634343230383139616339666630633634313336223b733a33323a226137366262633437343163386334353264633236313430383935353432343036223b733a33323a223366373863326635333033333439393736386363626466626465376464343362223b733a33323a223430393038303238366561336137616436666434316538393332376532323161223b733a33323a226263346337663737366237366132333665373965663636393338356538646439223b733a33323a223030383739646361323236313866336266643564333264353137323131333763223b733a33323a223736313065323831396535393166366565363936346663653463353733643035223b733a33323a226133666130366339343332623032616537613361376561643739633465663533223b733a33323a226135383461356463623366386539333833313930653966613866363032646533223b733a33323a223032666265353536643231386566616632393663633363623435376637626165223b733a33323a223830313239356261373637386562643736353862623835613764383665343437223b733a33323a223661383734316330366266656135613236653139356261623333366337653966223b733a33323a223330656233353766343436386430633861303863393165643064656139653933223b733a33323a223434363363373139303565353634643937663532653530373536313264316332223b733a33323a223233346533616462613038333531643632613038366562393261306533353335223b733a33323a223863323366643331333437386263383538323562373362383431613134613235223b733a33323a223138333833653133653738323362373661366132346266383932343131386337223b733a33323a226330643132366639633766636666393232646337333338613733386164636132223b733a33323a223364613164383962396632626162326562386637393061316364626132616333223b733a33323a223833663062616636346163633733313665653334376631393532633665373631223b733a33323a223637353634356666303164656233313038326462393534653538633434386531223b733a33323a226339383630616364323131643531306330626566376366353730363237613537223b733a33323a223132313533623031623964316664646235633231663862663036663163353033223b733a33323a226364303562623531376566383563396265383037393962303831663438653438223b733a33323a223739646539613036653833646130343762663139383930336665656331363036223b733a33323a223637666435346338643734343762336238623930373636353036643066666163223b733a33323a223962626635393131306335346561396330633565613533343738623931303264223b733a33323a223264356462346236623430663330363731633736643536373531623633306532223b733a33323a226237316664356665366337313535396235343735336430646635663631353764223b733a33323a223932333933363862663066383735333731323664393538353932313463386534223b733a33323a226632363335656236613530613663373763643963303436636266633562353333223b733a33323a226335363035623536373236393535653430303163633364323832383166383132223b733a33323a226132613063613338346230376239386130383331376634326630376237633830223b733a33323a223431323331626330313934316430666464336539643538393734363836393939223b733a33323a223134646232613936386237623439393935643131386339313161383336306632223b733a33323a223363383138383138613432653935643363376461353933613664643034313133223b733a33323a223530326463326266303530383166333733636635626637373134613166326664223b733a33323a226663303964643663626664613631316538663862373537343663613231653434223b733a33323a226662313735316430653566666363393062346362663166633166396261626230223b733a33323a223535393136333563343839383631613437316539373734316634633861323265223b733a33323a226663346331323336623866393538373431313835333237383861373937306362223b733a33323a223331663533383261336431383135656331636233643566316536623837313037223b733a33323a223166626563373064306434636338386530613433393239373931356134336134223b733a33323a226562666161356263343764333130393235643835383237376637353830356265223b733a33323a223938303961376233393861353963326335363131323262303365316465333231223b733a33323a223136343238646131623339643630623364663263643262386166636233666265223b733a33323a223262383730303332386236353631636435366539373433343965366335383566223b733a33323a226438633665613539663764653561343534636463373531393935346436363565223b733a33323a223364633565316262663366323839656665663162333161363166303130333535223b733a33323a223033363133326664653037623534613834386130373065383433623265376461223b733a33323a226638306633346561633064666465383232353933663565333638383563626635223b733a33323a226434616462613933323339396663333465393134626336313561306334306637223b733a33323a223131326637313735303730626138646139303365616537393331313861613232223b733a33323a223330373664313338303466656330383661326138313431366564663364353134223b733a33323a226564636464333232623735626236373630643564386630396339323230343963223b733a33323a223630386539636664343137633331663138323366626262353763623765643965223b733a33323a226466356536666463303461613261373030353866373166383166333965396564223b733a33323a223138613830373636346265353732313730663062633536653039376262626439223b733a33323a223832346131373335623836633165306131336135616264333665323434656461223b733a33323a223530396135643630646635343338356131626633323164306265303038666635223b733a33323a226434663734643365323562633934393036356664633834356535633866363332223b733a33323a226335333030636362323335376661313461353162663165346462373663626537223b733a33323a226134646237376133303737323237623231633166313564663939633863303865223b733a33323a223333366235616236316662393835656631653138633666623433333339376566223b733a33323a223861366532386462663335613164343535623937383361383136623136616134223b733a33323a223231643261383661343733666134633761373632386637623866653338383334223b733a33323a226162383137643966373138353735393534336463386337323566623065363436223b733a33323a223031306664316461656534343866363933393264623335383533623935656335223b733a33323a226435363039616165633261393666383433383132613039656634653561383563223b733a33323a223330663235303633336663316533613064353137653335643033376331303633223b733a33323a226162616336363134646135396562386266323839313231346131303064363433223b733a33323a223863363462373763333466656234323365313538323234616537666438623036223b733a33323a226637306531633635623037666661643362343737643834373631343930393030223b733a33323a223832616535343137643232363638656235353639633434346134313664663435223b733a33323a223235313437636661353036383165613632613463336132616533626463366332223b733a33323a226336626236643538363966626237353934363439396536663830366438373263223b733a33323a223937323930623465323066333739623232303331663532613231613961366234223b733a33323a226135383938613137633333633739346631393834383364316561336435393237223b733a33323a223038663762363365323564613561303435623261383337656463316435636639223b7d733a343a2268617368223b733a36353a2230386637623633653235646135613034356232613833376564633164356366392d6135383938613137633333633739346631393834383364316561336435393237223b7d733a343a22666c6167223b693a323b733a31333a226974657261746f72436c617373223b733a31333a2241727261794974657261746f72223b733a31393a2270726f74656374656450726f70657274696573223b613a343a7b693a303b733a373a2273746f72616765223b693a313b733a343a22666c6167223b693a323b733a31333a226974657261746f72436c617373223b693a333b733a31393a2270726f74656374656450726f70657274696573223b7d7d, 1764611420),
('i35lt0216nssq7t1jauuhc8ckh', 0x5f5f4c616d696e61737c613a323a7b733a32303a225f524551554553545f4143434553535f54494d45223b643a313736333633333638322e3537393835373b733a363a225f56414c4944223b613a313a7b733a32383a224c616d696e61735c53657373696f6e5c56616c696461746f725c4964223b733a32363a226933356c74303231366e7373713774316a617575686338636b68223b7d7d72656469726563745f75726c7c733a36343a22687474703a2f2f6c6f63616c686f73742f6f6d6b5f544879705f32352d32365f636c6f6e652f6f6d656b612d732f61646d696e2f6974656d2f36362f65646974223b, 1763633683);
INSERT INTO `session` (`id`, `data`, `modified`) VALUES
('i6q7cirtg7h4h997h15rs9ndbp', 0x5f5f4c616d696e61737c613a363a7b733a32303a225f524551554553545f4143434553535f54494d45223b643a313736323234353530342e3534343938343b733a363a225f56414c4944223b613a313a7b733a32383a224c616d696e61735c53657373696f6e5c56616c696461746f725c4964223b733a32363a2273666967386b306b33306e737575676b3074666562756e733368223b7d733a34323a224c616d696e61735f56616c696461746f725f437372665f73616c745f6c6f67696e666f726d5f63737266223b613a313a7b733a363a22455850495245223b693a313736323238373135323b7d733a34343a224c616d696e61735f56616c696461746f725f437372665f73616c745f636f6e6669726d666f726d5f63737266223b613a313a7b733a363a22455850495245223b693a313736323238383730353b7d733a35333a224c616d696e61735f56616c696461746f725f437372665f73616c745f7265736f7572636574656d706c617465666f726d5f63737266223b613a313a7b733a363a22455850495245223b693a313736323238383537343b7d733a33323a224c616d696e61735f56616c696461746f725f437372665f73616c745f63737266223b613a313a7b733a363a22455850495245223b693a313736323238383632343b7d7d72656469726563745f75726c7c733a34323a22687474703a2f2f6c6f63616c686f73742f6f6d656b61532f6f6d656b612d732f61646d696e2f75736572223b4c616d696e61735f56616c696461746f725f437372665f73616c745f6c6f67696e666f726d5f637372667c4f3a32363a224c616d696e61735c5374646c69625c41727261794f626a656374223a343a7b733a373a2273746f72616765223b613a323a7b733a393a22746f6b656e4c697374223b613a313a7b733a33323a223963313932656331353330323135333833373632613332386566393139643730223b733a33323a223264643234613063323932386262356439303130343165396635376165383564223b7d733a343a2268617368223b733a36353a2232646432346130633239323862623564393031303431653966353761653835642d3963313932656331353330323135333833373632613332386566393139643730223b7d733a343a22666c6167223b693a323b733a31333a226974657261746f72436c617373223b733a31333a2241727261794974657261746f72223b733a31393a2270726f74656374656450726f70657274696573223b613a343a7b693a303b733a373a2273746f72616765223b693a313b733a343a22666c6167223b693a323b733a31333a226974657261746f72436c617373223b693a333b733a31393a2270726f74656374656450726f70657274696573223b7d7d4c616d696e61735f417574687c4f3a32363a224c616d696e61735c5374646c69625c41727261794f626a656374223a343a7b733a373a2273746f72616765223b613a313a7b733a373a2273746f72616765223b693a313b7d733a343a22666c6167223b693a323b733a31333a226974657261746f72436c617373223b733a31333a2241727261794974657261746f72223b733a31393a2270726f74656374656450726f70657274696573223b613a343a7b693a303b733a373a2273746f72616765223b693a313b733a343a22666c6167223b693a323b733a31333a226974657261746f72436c617373223b693a333b733a31393a2270726f74656374656450726f70657274696573223b7d7d4f6d656b614d657373656e6765727c4f3a32363a224c616d696e61735c5374646c69625c41727261794f626a656374223a343a7b733a373a2273746f72616765223b613a303a7b7d733a343a22666c6167223b693a323b733a31333a226974657261746f72436c617373223b733a31333a2241727261794974657261746f72223b733a31393a2270726f74656374656450726f70657274696573223b613a343a7b693a303b733a373a2273746f72616765223b693a313b733a343a22666c6167223b693a323b733a31333a226974657261746f72436c617373223b693a333b733a31393a2270726f74656374656450726f70657274696573223b7d7d4c616d696e61735f56616c696461746f725f437372665f73616c745f636f6e6669726d666f726d5f637372667c4f3a32363a224c616d696e61735c5374646c69625c41727261794f626a656374223a343a7b733a373a2273746f72616765223b613a323a7b733a393a22746f6b656e4c697374223b613a33323a7b733a33323a223963663665323036373435363762393332343239326661356339383835633231223b733a33323a226237343063636362623438346234363530303931633331393531396432633538223b733a33323a223938646539656435383637343533353866303463313731396365633636666430223b733a33323a223730633036383330313238653466393862396163356466323534663064383232223b733a33323a226338363562653831643162373366373063363139356463313666306631643736223b733a33323a223566646137633664633335653463323662353233626661656262646636666230223b733a33323a226564363538613836663330303133346335666166393639663732316432323664223b733a33323a226639393261383362336561663034356337313665393764653239346463643136223b733a33323a223336636434653565363537373032363266326561376339373865393365393166223b733a33323a226666376336366438636538366563316334333731353766613337636431386334223b733a33323a223961303861303261636462313164316161633963343765323034346263363333223b733a33323a226362346664616332356361396435306565356337383765613636373766396465223b733a33323a223630363432633639323862313461623562373461376431613861323738373532223b733a33323a226438656533653461373865303837636334666264343036376461373562386464223b733a33323a223839666634643437353761663133613731323264613363306133373934346463223b733a33323a223438336237363436626439633234633265383731653938343639326161336161223b733a33323a226634653734363465356431653233353532306463363963353937623466303835223b733a33323a226362353330393134643533636231353364333461393230323734306231333661223b733a33323a223262653734396138326365376161303138323232363466663161363633303264223b733a33323a226433633437313461643233636237613338643831313261633965303666346165223b733a33323a223735383234386465333932613165623666303731366636626635653664393432223b733a33323a226563356137376564656337313333616234356265636566613032393164346662223b733a33323a223133363439386661623062663663346361373333366430326635383331356334223b733a33323a223464313832613065303634613138303631353233326238306236616261306163223b733a33323a223934383433346531363764316634333666636537346534393563666235313535223b733a33323a223937666632626138663762316264373037326139393634373239373366326530223b733a33323a223936623037323930333665643533343232626232636635633162316632343766223b733a33323a223864336137323064363739663865353863636666633061333236656635333433223b733a33323a226161656432373632396131663635346262363061363033336133643137653132223b733a33323a226232613239623039353466653163333630653233636339663835303464323366223b733a33323a226239326237623563343666396539633163633862303861646230616638646464223b733a33323a223866333039376138393938333039616631643430646365356439303334323239223b733a33323a226461353733623561663136303535626162383039313966666662653232353337223b733a33323a223064636234383234323233633636323466366465396264326336396630353761223b733a33323a223061393365356465656532373335393834323531376333666534366134313031223b733a33323a226535313238656434313863376132353739386634613165393164333761613261223b733a33323a226565663234613739653139373535343563343037323462373530613164336632223b733a33323a223435376235383036633236393066643661343031616633383030353264343163223b733a33323a226233316236646238383735336337386166363666353432643932303731326166223b733a33323a223933343132643730393439633134376430656535626632346333383134353265223b733a33323a223937656462653863653937643161376634316330373930323361626535666562223b733a33323a223937343336636238653465626266306666666162366365303039623264666430223b733a33323a226363653536356462366434626631346361656334663064636430316265303762223b733a33323a223430656634333835316464393536383839336633663132346662636262303631223b733a33323a226632346337353263323737363833343238353438396437346366383538623732223b733a33323a226632343163343934656331316533366330626236663835303030313535323334223b733a33323a223437323933353961316336396235333237396338653963366532333338316333223b733a33323a223265373239643533653565393730666237346465333938633165353566616133223b733a33323a226634336236626262323132653966316665383264346163633631616239353761223b733a33323a223035313337313939366431663830383633666432316537323161616337643138223b733a33323a223035383835363632346438643062313364376161386236353933616338323534223b733a33323a223364313533386533643237653536613663396365646264306166343366343134223b733a33323a226533646130383431613864646362653537663239316133333262373432363536223b733a33323a226631333561323436333663366261323539656436366533343736623330333463223b733a33323a226535373836373235626664383961313065383061373635646561653037356534223b733a33323a223033313236353165353930376566616336656466633733333832333066356230223b733a33323a223766366163626565366566393636336465666332636430376231343930653036223b733a33323a223339633238613534616464626639636230343931613737323762636337333435223b733a33323a226336643564313166653833653862653739646339623964663162336562356230223b733a33323a223832356635363866343437313730343332646561623639306534643966633866223b733a33323a223636663761366635376637633166646334383163636531623235363433633234223b733a33323a226261326662323338653463653036326433333864333336343138653435393834223b733a33323a223638313336616335396163633638353137353334346566373266646135373034223b733a33323a223230373639386538313466326330663331303631346532633636616137653865223b7d733a343a2268617368223b733a36353a2232303736393865383134663263306633313036313465326336366161376538652d3638313336616335396163633638353137353334346566373266646135373034223b7d733a343a22666c6167223b693a323b733a31333a226974657261746f72436c617373223b733a31333a2241727261794974657261746f72223b733a31393a2270726f74656374656450726f70657274696573223b613a343a7b693a303b733a373a2273746f72616765223b693a313b733a343a22666c6167223b693a323b733a31333a226974657261746f72436c617373223b693a333b733a31393a2270726f74656374656450726f70657274696573223b7d7d4c616d696e61735f56616c696461746f725f437372665f73616c745f7265736f7572636574656d706c617465666f726d5f637372667c4f3a32363a224c616d696e61735c5374646c69625c41727261794f626a656374223a343a7b733a373a2273746f72616765223b613a323a7b733a393a22746f6b656e4c697374223b613a393a7b733a33323a223733323935323532306435313430643531373033333030633138343133313133223b733a33323a223365323961623933656431333539326435383533343832623061646333663661223b733a33323a223963646538376333313132356162386262653262383262643932663564363962223b733a33323a223466346631643631316632363533383535366465366462343265653539346262223b733a33323a223263616264363130626534353737656461366337386235333761383465383731223b733a33323a223335636562653930613037313761306531643265623632326664303561613135223b733a33323a223462373731373161633432633430303838633834663838343564633737613731223b733a33323a226263346235633161643639306432653135356232363062353232333334636633223b733a33323a223334643961336639613135323762323339316663613363313530633066343766223b733a33323a226536336335643132636431323638343766346336343464313161393638383937223b733a33323a223538393430373138653261626235666336353734643234326665356239373564223b733a33323a226333656332376239373436653934643765386365373631373162333630353332223b733a33323a223638363932663765343062343761396536333265396661303563313064623131223b733a33323a223261383964393934613265366662396238333832373761616664623263613864223b733a33323a223061393135623962366563653339316132323363616431326330323265333664223b733a33323a226335316163653133393364346633653738306331633031313436656562383039223b733a33323a226634663433373732626363323330376333316433303331363933396639333135223b733a33323a223261653938323733323132636263623864653733613934383933643830346363223b7d733a343a2268617368223b733a36353a2232616539383237333231326362636238646537336139343839336438303463632d6634663433373732626363323330376333316433303331363933396639333135223b7d733a343a22666c6167223b693a323b733a31333a226974657261746f72436c617373223b733a31333a2241727261794974657261746f72223b733a31393a2270726f74656374656450726f70657274696573223b613a343a7b693a303b733a373a2273746f72616765223b693a313b733a343a22666c6167223b693a323b733a31333a226974657261746f72436c617373223b693a333b733a31393a2270726f74656374656450726f70657274696573223b7d7d4c616d696e61735f56616c696461746f725f437372665f73616c745f637372667c4f3a32363a224c616d696e61735c5374646c69625c41727261794f626a656374223a343a7b733a373a2273746f72616765223b613a323a7b733a393a22746f6b656e4c697374223b613a373a7b733a33323a223733336435386430323238633163366461643664303464613430323639646635223b733a33323a226131623964646337323536616462333539656364653366303131333438353364223b733a33323a226266323765626137353963366363336161313731643733656132393664386461223b733a33323a226331373433653334636433303364373536616266313364653331653333316535223b733a33323a223631393562323566653232653364313763336334326131396237623136616462223b733a33323a226532326439303733643434393838613437303231303632626135316562666635223b733a33323a223833386533663261643136363732343433616335333832613334663763383461223b733a33323a223930353430333830646339333033636235343061393566323962626438636261223b733a33323a226137383537666434326430663932613666313630626636656637643233373965223b733a33323a223936666562363965343533653335626365656230333461383464363961666262223b733a33323a223765633233623139353231633932376138326436616636373939396137396434223b733a33323a226165303436653431336533363430396566333430363535643538613561336139223b733a33323a223637616132383462306364623639393730343633373938626431383661346231223b733a33323a223538363635346632643963373738643163393934356536336539643434353635223b7d733a343a2268617368223b733a36353a2235383636353466326439633737386431633939343565363365396434343536352d3637616132383462306364623639393730343633373938626431383661346231223b7d733a343a22666c6167223b693a323b733a31333a226974657261746f72436c617373223b733a31333a2241727261794974657261746f72223b733a31393a2270726f74656374656450726f70657274696573223b613a343a7b693a303b733a373a2273746f72616765223b693a313b733a343a22666c6167223b693a323b733a31333a226974657261746f72436c617373223b693a333b733a31393a2270726f74656374656450726f70657274696573223b7d7d, 1762245505),
('irdnfqjcb08799a9nvp6rhkeet', 0x5f5f4c616d696e61737c613a323a7b733a32303a225f524551554553545f4143434553535f54494d45223b643a313736333633333638322e3537393636343b733a363a225f56414c4944223b613a313a7b733a32383a224c616d696e61735c53657373696f6e5c56616c696461746f725c4964223b733a32363a226972646e66716a6362303837393961396e76703672686b656574223b7d7d72656469726563745f75726c7c733a35313a22687474703a2f2f6c6f63616c686f73742f6f6d6b5f544879705f32352d32365f636c6f6e652f6f6d656b612d732f61646d696e223b, 1763633683),
('j2kjsuresrf2f0orbl8totd4u9', 0x5f5f4c616d696e61737c613a323a7b733a32303a225f524551554553545f4143434553535f54494d45223b643a313736333633333638322e35373935373b733a363a225f56414c4944223b613a313a7b733a32383a224c616d696e61735c53657373696f6e5c56616c696461746f725c4964223b733a32363a226a326b6a737572657372663266306f72626c38746f7464347539223b7d7d72656469726563745f75726c7c733a35363a22687474703a2f2f6c6f63616c686f73742f6f6d6b5f544879705f32352d32365f636c6f6e652f6f6d656b612d732f61646d696e2f6974656d223b, 1763633683),
('jsbgf36adln15deigearinr4es', 0x5f5f4c616d696e61737c613a323a7b733a32303a225f524551554553545f4143434553535f54494d45223b643a313736303731343633312e3332353538393b733a363a225f56414c4944223b613a313a7b733a32383a224c616d696e61735c53657373696f6e5c56616c696461746f725c4964223b733a32363a226a73626766333661646c6e313564656967656172696e72346573223b7d7d72656469726563745f75726c7c733a34343a22687474703a2f2f6c6f63616c686f73742f6f6d656b61532f6f6d656b612d732f61646d696e2f6a6f622f3131223b, 1760714631),
('k8bcegk63tadmbrblb9dk2e0ai', 0x5f5f4c616d696e61737c613a333a7b733a32303a225f524551554553545f4143434553535f54494d45223b643a313736323030353634392e3033373139313b733a363a225f56414c4944223b613a313a7b733a32383a224c616d696e61735c53657373696f6e5c56616c696461746f725c4964223b733a32363a226b38626365676b36337461646d6272626c6239646b3265306169223b7d733a34323a224c616d696e61735f56616c696461746f725f437372665f73616c745f6c6f67696e666f726d5f63737266223b613a313a7b733a363a22455850495245223b693a313736323034383835323b7d7d72656469726563745f75726c7c733a34323a22687474703a2f2f6c6f63616c686f73742f6f6d656b61532f6f6d656b612d732f61646d696e2f6974656d223b4c616d696e61735f56616c696461746f725f437372665f73616c745f6c6f67696e666f726d5f637372667c4f3a32363a224c616d696e61735c5374646c69625c41727261794f626a656374223a343a7b733a373a2273746f72616765223b613a323a7b733a393a22746f6b656e4c697374223b613a313a7b733a33323a223864313835383033633130633831333566366633623263343938623935356264223b733a33323a226163323564323764333736323165313165303537636535366137323663336263223b7d733a343a2268617368223b733a36353a2261633235643237643337363231653131653035376365353661373236633362632d3864313835383033633130633831333566366633623263343938623935356264223b7d733a343a22666c6167223b693a323b733a31333a226974657261746f72436c617373223b733a31333a2241727261794974657261746f72223b733a31393a2270726f74656374656450726f70657274696573223b613a343a7b693a303b733a373a2273746f72616765223b693a313b733a343a22666c6167223b693a323b733a31333a226974657261746f72436c617373223b693a333b733a31393a2270726f74656374656450726f70657274696573223b7d7d, 1762005653),
('kdp3lpjqbnqdpd7djt4tle5mkp', 0x5f5f4c616d696e61737c613a353a7b733a32303a225f524551554553545f4143434553535f54494d45223b643a313736313735383138372e3736333836313b733a363a225f56414c4944223b613a313a7b733a32383a224c616d696e61735c53657373696f6e5c56616c696461746f725c4964223b733a32363a226a7238653967323336626f68616f6c3662693361313235723961223b7d733a34323a224c616d696e61735f56616c696461746f725f437372665f73616c745f6c6f67696e666f726d5f63737266223b613a313a7b733a363a22455850495245223b693a313736313830303932343b7d733a34343a224c616d696e61735f56616c696461746f725f437372665f73616c745f636f6e6669726d666f726d5f63737266223b613a313a7b733a363a22455850495245223b693a313736313830313338383b7d733a33323a224c616d696e61735f56616c696461746f725f437372665f73616c745f63737266223b613a313a7b733a363a22455850495245223b693a313736313830313336333b7d7d72656469726563745f75726c7c733a34323a22687474703a2f2f6c6f63616c686f73742f6f6d656b61532f6f6d656b612d732f61646d696e2f6974656d223b4c616d696e61735f56616c696461746f725f437372665f73616c745f6c6f67696e666f726d5f637372667c4f3a32363a224c616d696e61735c5374646c69625c41727261794f626a656374223a343a7b733a373a2273746f72616765223b613a323a7b733a393a22746f6b656e4c697374223b613a313a7b733a33323a223937393738636435613262303461386339323135633431613036613239383264223b733a33323a223835383937373561376431393633303663323634323766383235373564383861223b7d733a343a2268617368223b733a36353a2238353839373735613764313936333036633236343237663832353735643838612d3937393738636435613262303461386339323135633431613036613239383264223b7d733a343a22666c6167223b693a323b733a31333a226974657261746f72436c617373223b733a31333a2241727261794974657261746f72223b733a31393a2270726f74656374656450726f70657274696573223b613a343a7b693a303b733a373a2273746f72616765223b693a313b733a343a22666c6167223b693a323b733a31333a226974657261746f72436c617373223b693a333b733a31393a2270726f74656374656450726f70657274696573223b7d7d4c616d696e61735f417574687c4f3a32363a224c616d696e61735c5374646c69625c41727261794f626a656374223a343a7b733a373a2273746f72616765223b613a313a7b733a373a2273746f72616765223b693a313b7d733a343a22666c6167223b693a323b733a31333a226974657261746f72436c617373223b733a31333a2241727261794974657261746f72223b733a31393a2270726f74656374656450726f70657274696573223b613a343a7b693a303b733a373a2273746f72616765223b693a313b733a343a22666c6167223b693a323b733a31333a226974657261746f72436c617373223b693a333b733a31393a2270726f74656374656450726f70657274696573223b7d7d4f6d656b614d657373656e6765727c4f3a32363a224c616d696e61735c5374646c69625c41727261794f626a656374223a343a7b733a373a2273746f72616765223b613a303a7b7d733a343a22666c6167223b693a323b733a31333a226974657261746f72436c617373223b733a31333a2241727261794974657261746f72223b733a31393a2270726f74656374656450726f70657274696573223b613a343a7b693a303b733a373a2273746f72616765223b693a313b733a343a22666c6167223b693a323b733a31333a226974657261746f72436c617373223b693a333b733a31393a2270726f74656374656450726f70657274696573223b7d7d4c616d696e61735f56616c696461746f725f437372665f73616c745f636f6e6669726d666f726d5f637372667c4f3a32363a224c616d696e61735c5374646c69625c41727261794f626a656374223a343a7b733a373a2273746f72616765223b613a323a7b733a393a22746f6b656e4c697374223b613a37323a7b733a33323a226661396163646132356431353130303565313836383037313364373661396464223b733a33323a226232386338653166663533613535373231643435313038393564316531623466223b733a33323a223433623536636361326232613833373334303835646236313735666239333135223b733a33323a226230383131316231323837393937346265613231663062626131383838613966223b733a33323a223033633966373033646663613830336132396538373934643030353638633539223b733a33323a223336363961633537356430393663616134326238626163613265663631363863223b733a33323a223663386638343633306432313765363234643664616265653639633031633765223b733a33323a226334653362383837613930313865323261353466623061616130373535353165223b733a33323a226663346635623166393462616231623962636561306461306635633532303739223b733a33323a223938363864316538646263333032643335643261356534656662366534643236223b733a33323a223335303431333665383135316461373335316666636663323861613535616535223b733a33323a223036383563663638663839663031656665616233396563646266396633646638223b733a33323a223633333263356566633335376632383931386632346462343434633162356537223b733a33323a226634373130353764646261343337396163393838643762316161396535353730223b733a33323a223032646534616334643033613534363533633233353064626334373433343735223b733a33323a223436363435346263643035626464646263656238613434303134323635633363223b733a33323a223966646235356135366563373439623436303930323738613730333136653361223b733a33323a226265643734356464333565663130396264656539623737653838613162613732223b733a33323a223633393465386464323662323865396432646536326461623861666563343463223b733a33323a223861653166303530303664643832646430656338306563326263643230653764223b733a33323a223861663638333339636465643964313833393466333037303737343965613230223b733a33323a226135333763346465323764643034663531376634306363656635376461393032223b733a33323a223834363635373636323566336330333430663962646539376635346362303432223b733a33323a223965616563353135316133666362356166313437323362326534396636366364223b733a33323a223832653134623161363665393439653834613737333234303634616130636431223b733a33323a223532653135653564336437376635333165353734323363373362663334633539223b733a33323a223333363631323838303161343438643235323764656663373531633264376364223b733a33323a223962346636623536633235313832663736376466623130373433366131313435223b733a33323a223765303063613638643631383133363637376336636135636534626639633038223b733a33323a223633626366323764383361373438656339656464623632376434323936376162223b733a33323a223564393563336662383234363637626439623764396332323235356530346461223b733a33323a223361323763346662636561313866363132353034313230616432666638656531223b733a33323a223637373063386539303736356332343131353234363035303162323736343834223b733a33323a223939316235346664636564353066346534306432393435366334616162663332223b733a33323a223164666539656438353733623366366561633364396563303862343466643138223b733a33323a223032376636323331353038306332626436643938373639626136323335653066223b733a33323a223336303234663065363531306434316266313135336162343266643437313433223b733a33323a223935653537313732633362623663333237313661646138333239386530633664223b733a33323a223434653534666262373436653833326563343030643162316139303962343432223b733a33323a223934353633323262326163386532376134363864343265343533653262626663223b733a33323a226561346232666437383266633738333037353338343139306665666637326634223b733a33323a223666656139313136353661303439613537373964386230663862376632336437223b733a33323a223839616331663766613832393034623561393464616163366564343739663435223b733a33323a226137626433376463636637633633306436343062396335376231316237373066223b733a33323a226433306163336534616531326435376639376362626563636332663630306366223b733a33323a223436353065323230386430366361343564353663636464333164623639326236223b733a33323a226538383964396232323861663763633430616463646365316663353937356661223b733a33323a223230356565623164366538396466393965343264393466336561363836633535223b733a33323a223233656433653938373531663965613963313432393861323639333363333463223b733a33323a223836613036376662633938636530303336663537343961613662653966313661223b733a33323a223734333633613031633431326239393639613235353161323565643634653038223b733a33323a226637663133323833343135363864643964373563616665633731633832336333223b733a33323a223835623062646339646237313939346630396231363064306335346462653639223b733a33323a226262326235353065393033386538623435316531373834333734633035626233223b733a33323a226665336332653332336661623731323035366232343036663135323863643561223b733a33323a223239613437343632386564643439383730653538323031353661643732366133223b733a33323a223862643961316337353932656335646538373939366532333236373063646539223b733a33323a226538633266326139356164326433323136613232366462373236396139366436223b733a33323a226132336362343138636166343735306430306332353536356330373463396465223b733a33323a223533653366356662306232643464336632653339383363306365323731643934223b733a33323a226638656464633938626137333964643732356162363032326462356165633866223b733a33323a223134373639636231373330313130646237616262363865613730303762336263223b733a33323a223035396232323336343036386664393430316335613930353863316536353633223b733a33323a223438666633336633623330303534383433616335316364336538373435346366223b733a33323a223535616134366534356666356235373662623636353839396231616162343966223b733a33323a223264353034633238366136386263663230633563363938326665653834623831223b733a33323a226231666165373536363635346133663031363334373033613534366263336135223b733a33323a226439643465663431316565346534386431356463393333623531313135353862223b733a33323a223338316337326363323362653435386635643234633934663531303465306533223b733a33323a226165653530646566356362326635373063333066346237393337336365643637223b733a33323a226130613865633633343733376566313033313466313765666163653839313937223b733a33323a226265303164363463643634363335393930643161313138616365623862613831223b733a33323a223833346130326330623630333865633537313334663830363832363865303037223b733a33323a223636616465363166643133383533316166356336383863633362643565356137223b733a33323a223061383636613535343839316537303465326666376234393962396131663538223b733a33323a223833643135366432616265656533616339663335316632663434383564383065223b733a33323a223334633133333033653138373532303766656130353538646539633634613131223b733a33323a223166303730633334353262663330313764373564306234363336333035333536223b733a33323a226332356261323433656366336161303131336632306663346233636539623762223b733a33323a226234303839643762623964366435323235383430653537306131383339653866223b733a33323a226136633662626664343663313433623630323162353338383939646661313664223b733a33323a223139326665623230323439666630623334343438363438396364326530353631223b733a33323a223366306137363764303334356138353033383038616162303237353464393161223b733a33323a226533666336346163306539643431313962623339313232353439333331363964223b733a33323a223838643432616465313439346235336364363061393430303335643334616430223b733a33323a223163643864373439306434383563346663316334616537366634376234623435223b733a33323a226333356532356634313364326536623462656331663633653830323464323733223b733a33323a226663633261376635613838656439373532613333363837363735393864666539223b733a33323a223136616430343663376563356661626361323835346236613432343339366337223b733a33323a226536646166353361343437616339356139353164656433646563333638353832223b733a33323a223734623564623532316361373066663837613533393532366334653063663266223b733a33323a223330633738323838633030303937666139653166653535316234386232656339223b733a33323a223662383335326138633433643731623638643761633937623961363333626636223b733a33323a226336666663396332626463366135393462356562373531313033303464333264223b733a33323a223461343437323365393931663539653732336138626465666366646434313834223b733a33323a223231646431346561636531666635633163653038386436623430633732653235223b733a33323a226466353765613431316533646662316166656665343264353761383761376238223b733a33323a226139376530343831313462626630333131386632393438333864663033353637223b733a33323a226139623235613765343762363032626531306530643363396530393564663030223b733a33323a226565613965346534346238336535306232303064373765326230333933353264223b733a33323a226333336263386135373932663930636133333661306432303836346635346133223b733a33323a223531623135383033313733313662653265666234323734633938323635323465223b733a33323a223530616237646164653162333364316334386436396336626239396663383539223b733a33323a223566383337613630633533653864653962376237343431646330323564336438223b733a33323a223061623962313666386434303034633830396133636532653532323138316533223b733a33323a223032323039636566303563323262633962626530393338333763613632323237223b733a33323a223930356132623363313634373635346135613464616561326263656164373633223b733a33323a223439633233626632616232353038326263666632346331386136313264633666223b733a33323a223630363762373839623633646537646530303333313836373735316531383038223b733a33323a226337303762323637356665303634393136623630616638383130656466303639223b733a33323a226139356563663635643166396534363035343337373966366235383565653961223b733a33323a223631303764303435396539613133626565663937386230636136613330326237223b733a33323a226362616464616434663961623765313065376162313266353065363637333464223b733a33323a223364383931656630646235383438376538363633643031373330656533653534223b733a33323a223634643231616537383734303138333264626637366234356363303062326533223b733a33323a223337376266316139356663636566643763333966616135373738343937373534223b733a33323a223035313563623935633833323565313061346635326461646338376662663563223b733a33323a223939646439326539316535306266666366303731643465633162633462323364223b733a33323a223936343662353461393131343430613538326135333334656237383739663931223b733a33323a223537343930623734613938636636653334616630656538316164626439626665223b733a33323a223966363866346161636565363734306434343534363232323561393663346439223b733a33323a226464343736343464323864346138303361353165396433356361396663346433223b733a33323a226237323462633161333434333062323963326662363432343738346566303931223b733a33323a223939653739663764643965333433373061636131653532363839346564386136223b733a33323a223437376139323533306363623730636239303438623032626132653838626330223b733a33323a223434303862653036633136623365616633323438323934666335626165616365223b733a33323a223234346565333937383033303662333333333565373639383236653064633861223b733a33323a223866393130363137626363653064663532313263616565623561383235376264223b733a33323a226564306339333237313438323866386565313539306437363265303761393932223b733a33323a223864656539323934626363393264303638313164343535373134336330376130223b733a33323a226363626231656234623333393835356633623036613432666135663536613834223b733a33323a226463616430376137613833643330653232313539313864376461383834343839223b733a33323a223931343935386431383465306135633839303065353362396231656537383634223b733a33323a223139663134336634643063376431626636323633613036626164353733656332223b733a33323a226330653266323030643932396439633535366433346639333362636230363762223b733a33323a226163633435393864343731333765336437646235646234653332613133323162223b733a33323a223764623965636162633664306535623466663039636332366162613632326134223b733a33323a226333353633623931323463366265346330343766666335346439666263326537223b733a33323a223663366466613839363036316162383066353538626366343862386163366165223b733a33323a223139656161653364336664646130313936316438633534303662663434353164223b733a33323a223432393961656664643737616632633235393464333538613232653133636163223b733a33323a223832336366366563633734616232303730313562316331613062373339313634223b733a33323a226536393038653634636432613430316237396439373933663338316563613633223b733a33323a223561376136383633336164623234363034613964353063393039383962643962223b7d733a343a2268617368223b733a36353a2235613761363836333361646232343630346139643530633930393839626439622d6536393038653634636432613430316237396439373933663338316563613633223b7d733a343a22666c6167223b693a323b733a31333a226974657261746f72436c617373223b733a31333a2241727261794974657261746f72223b733a31393a2270726f74656374656450726f70657274696573223b613a343a7b693a303b733a373a2273746f72616765223b693a313b733a343a22666c6167223b693a323b733a31333a226974657261746f72436c617373223b693a333b733a31393a2270726f74656374656450726f70657274696573223b7d7d4c616d696e61735f56616c696461746f725f437372665f73616c745f637372667c4f3a32363a224c616d696e61735c5374646c69625c41727261794f626a656374223a343a7b733a373a2273746f72616765223b613a323a7b733a393a22746f6b656e4c697374223b613a31333a7b733a33323a223833366139616561323434633639326237366466353631633633633133656465223b733a33323a223939376631636464616564343662396432656635356631366537626461343830223b733a33323a223364623639643537336234663566363130666537373866383131383132343538223b733a33323a226635616663343836363938366133636432363732333133343631653839396635223b733a33323a223538316466343639356466623739343938316162646134353763623731643664223b733a33323a223138313561373738623339346234353233653663396533353361393130653263223b733a33323a223338346135326231653034663231383735643263646132373634633261376630223b733a33323a226339343864313231356237303436393963643432343961366462623335646335223b733a33323a223731303933623962393031393238376263336239316333323038633734323966223b733a33323a226431333266363765396130663637623839663730393361393763613437333561223b733a33323a223835366334373539383035616232633231633831303534343362356463616262223b733a33323a223231313939353837626338616438646666333633616438383134373666323566223b733a33323a226533353633663832356464346662353766303562356133653166323662346630223b733a33323a226636333662613137316333646565656439343732303836613262343933316363223b733a33323a226639393738353937663330636330303035336161393866356636303931393134223b733a33323a223533636239633639366137373663623762383933626535623564623536653736223b733a33323a226338633333643732663834393933333232333665313939393134616664613965223b733a33323a226465323539313638316232356138353734656639393164303539323763393936223b733a33323a226530666134613961336631636131616136313938623336646564313563633332223b733a33323a226131343366653238383264373930643732353864336635646539613534386233223b733a33323a223733646236386637643161313962643262353564623938366138306239356337223b733a33323a223730363064353234336664316364633733363562646134386133383231666336223b733a33323a223536326237633663346165383438336135396263666433363566653634633364223b733a33323a223138363161353865643466323463313665616631626266326663393136366634223b733a33323a226566663233613939373532366232356238353738353930666536376533383031223b733a33323a223837663537626565633563663062396261336433366334353165323236323538223b7d733a343a2268617368223b733a36353a2238376635376265656335636630623962613364333663343531653232363235382d6566663233613939373532366232356238353738353930666536376533383031223b7d733a343a22666c6167223b693a323b733a31333a226974657261746f72436c617373223b733a31333a2241727261794974657261746f72223b733a31393a2270726f74656374656450726f70657274696573223b613a343a7b693a303b733a373a2273746f72616765223b693a313b733a343a22666c6167223b693a323b733a31333a226974657261746f72436c617373223b693a333b733a31393a2270726f74656374656450726f70657274696573223b7d7d, 1761758188),
('kfr0ghg3jq12af1pecefdqjbs5', 0x5f5f4c616d696e61737c613a353a7b733a32303a225f524551554553545f4143434553535f54494d45223b643a313736333937373036382e34323537353b733a363a225f56414c4944223b613a313a7b733a32383a224c616d696e61735c53657373696f6e5c56616c696461746f725c4964223b733a32363a226f6e736b706c6a6e3164636837386f36397168696d3572373337223b7d733a34323a224c616d696e61735f56616c696461746f725f437372665f73616c745f6c6f67696e666f726d5f63737266223b613a313a7b733a363a22455850495245223b693a313736343031353437313b7d733a34343a224c616d696e61735f56616c696461746f725f437372665f73616c745f636f6e6669726d666f726d5f63737266223b613a313a7b733a363a22455850495245223b693a313736343031363031333b7d733a33323a224c616d696e61735f56616c696461746f725f437372665f73616c745f63737266223b613a313a7b733a363a22455850495245223b693a313736343032303236383b7d7d72656469726563745f75726c7c733a3132353a22687474703a2f2f6c6f63616c686f73742f6f6d6b5f544879705f32352d32365f636c6f6e652f6f6d656b612d732f61646d696e2f6974656d3f736f72745f62795f64656661756c743d26736f72745f6f726465725f64656661756c743d26736f72745f62793d6372656174656426736f72745f6f726465723d64657363223b4c616d696e61735f56616c696461746f725f437372665f73616c745f6c6f67696e666f726d5f637372667c4f3a32363a224c616d696e61735c5374646c69625c41727261794f626a656374223a343a7b733a373a2273746f72616765223b613a323a7b733a393a22746f6b656e4c697374223b613a313a7b733a33323a223265346436636166613834326665363432386161656533313263323436633266223b733a33323a226164643663613033393130636630656331663934373264303261356662313739223b7d733a343a2268617368223b733a36353a2261646436636130333931306366306563316639343732643032613566623137392d3265346436636166613834326665363432386161656533313263323436633266223b7d733a343a22666c6167223b693a323b733a31333a226974657261746f72436c617373223b733a31333a2241727261794974657261746f72223b733a31393a2270726f74656374656450726f70657274696573223b613a343a7b693a303b733a373a2273746f72616765223b693a313b733a343a22666c6167223b693a323b733a31333a226974657261746f72436c617373223b693a333b733a31393a2270726f74656374656450726f70657274696573223b7d7d4c616d696e61735f417574687c4f3a32363a224c616d696e61735c5374646c69625c41727261794f626a656374223a343a7b733a373a2273746f72616765223b613a313a7b733a373a2273746f72616765223b693a313b7d733a343a22666c6167223b693a323b733a31333a226974657261746f72436c617373223b733a31333a2241727261794974657261746f72223b733a31393a2270726f74656374656450726f70657274696573223b613a343a7b693a303b733a373a2273746f72616765223b693a313b733a343a22666c6167223b693a323b733a31333a226974657261746f72436c617373223b693a333b733a31393a2270726f74656374656450726f70657274696573223b7d7d4f6d656b614d657373656e6765727c4f3a32363a224c616d696e61735c5374646c69625c41727261794f626a656374223a343a7b733a373a2273746f72616765223b613a303a7b7d733a343a22666c6167223b693a323b733a31333a226974657261746f72436c617373223b733a31333a2241727261794974657261746f72223b733a31393a2270726f74656374656450726f70657274696573223b613a343a7b693a303b733a373a2273746f72616765223b693a313b733a343a22666c6167223b693a323b733a31333a226974657261746f72436c617373223b693a333b733a31393a2270726f74656374656450726f70657274696573223b7d7d4c616d696e61735f56616c696461746f725f437372665f73616c745f636f6e6669726d666f726d5f637372667c4f3a32363a224c616d696e61735c5374646c69625c41727261794f626a656374223a343a7b733a373a2273746f72616765223b613a323a7b733a393a22746f6b656e4c697374223b613a343a7b733a33323a226561323432373063666632653764323033366631356536376464356164653337223b733a33323a223633363235313134633665636266313364386562613866333031666533396239223b733a33323a226138386438313465663064346138663463333065383734376166616462663938223b733a33323a226339613237623439613231613931353430623231366564336261396165336532223b733a33323a226230376639326634323966666332383266316362643339393764626131633331223b733a33323a223532636439373566333337346233306462613464616261326431386362373663223b733a33323a226138613534386534353037326335303965383266316463323761303165636561223b733a33323a226130343865623432316661356138323331353735366438343165613865613331223b7d733a343a2268617368223b733a36353a2261303438656234323166613561383233313537353664383431656138656133312d6138613534386534353037326335303965383266316463323761303165636561223b7d733a343a22666c6167223b693a323b733a31333a226974657261746f72436c617373223b733a31333a2241727261794974657261746f72223b733a31393a2270726f74656374656450726f70657274696573223b613a343a7b693a303b733a373a2273746f72616765223b693a313b733a343a22666c6167223b693a323b733a31333a226974657261746f72436c617373223b693a333b733a31393a2270726f74656374656450726f70657274696573223b7d7d4c616d696e61735f56616c696461746f725f437372665f73616c745f637372667c4f3a32363a224c616d696e61735c5374646c69625c41727261794f626a656374223a343a7b733a373a2273746f72616765223b613a323a7b733a393a22746f6b656e4c697374223b613a33343a7b733a33323a226166333437613966393336653361363432346462316534623830336561653538223b733a33323a226232643431316361326666356163316639626337303539336230353962653030223b733a33323a223734643262653937306233326533666665303138383864613538663666323161223b733a33323a226637363265306164383832373961646163663137663630313736646233323164223b733a33323a223462303763333538303038613639343365313433656265326464643931353634223b733a33323a226134643637653735626338663732373765636236633565333436626234306336223b733a33323a223765376531646134663730623337316231313833333938353964396533643130223b733a33323a223765393233643235663830656339373530393565623332333138376637623632223b733a33323a223762343635373235616665326261316564643538663363303639613631343537223b733a33323a223235643036653930333737366231393238616531636237386631643965643462223b733a33323a223762303532323766663131666664643161623961346665323963383162653832223b733a33323a226234656461316563346132646132393237366164393439383462613962326461223b733a33323a223764666337633762343232653563383230643063646439656533353936626666223b733a33323a226236323936373566663334633365313630336132626464326237613334623133223b733a33323a226365343630336132373830303733356632323064353835633434623332366232223b733a33323a226535623262343534383333323066343136383737633539353432633963363766223b733a33323a223933326337623262326332623933356665363461373338633532336263333034223b733a33323a226439303633316338633564613433386637313833373866343936633130356430223b733a33323a226631343562646532343363623861396337396433386630323939343162633332223b733a33323a223632643261343030353439666164333865343136613531373466316237653864223b733a33323a226630333031373861313638663364343635343131656566666361353838333438223b733a33323a226230333533616131653538623435313166346165643161336563313435653932223b733a33323a226564366338346266663135656531306163393861626162316462343034626465223b733a33323a223761643637323930346233343030363439656562626338343338383438643830223b733a33323a223862643164336632656231376366656565383032633538303338366135336333223b733a33323a223136626137393133626666306132323439636166353062313066313939366333223b733a33323a226630353932613061353136393838356265336365313763663335373630613863223b733a33323a223066663933346634626130306161663333363861396664353838336530393766223b733a33323a226136643666376133346132653265373438343439353733383335386338373033223b733a33323a223237326166346532383031646634333037623862303536386331373732636233223b733a33323a226139613966316633336662666330303530623236383331326530663461376633223b733a33323a226634353861366365383532343761636336666539383262616262346235393238223b733a33323a223632383437356663633463386461326666623737343830663065613131643761223b733a33323a223738353536306333343232646362306264663532383466613733643836303061223b733a33323a223730636161633663333935353066653733353639343865633861356532663361223b733a33323a223661373364386131316238383562653031303237663637626665393663333562223b733a33323a223935386362646263303061343962303935343838633435656661646464343663223b733a33323a223632653765373933313938383534326364356261393133313734303736643331223b733a33323a223430356339646464383538356231663761636562616131313335383566313132223b733a33323a223739356438386330643763306239623861343665666332376662646365393932223b733a33323a223133356466313339356162356266656332386134366432653937303563666336223b733a33323a226161373639396464343731373236323230656330323636306564383435633731223b733a33323a223666346535643464393637666238353963623539333235333735343236356164223b733a33323a223164386262343631646332383632623762626532643632333631336532353939223b733a33323a226439623137646630323534303965376135323538343865306633613837366635223b733a33323a223639393032343835306635363335303338636234386332633237336230323166223b733a33323a223231323464313032363330313230353631626437663862386239653930646638223b733a33323a226663626131646332663435376331383461643232306363366162626565643066223b733a33323a223761663166616337336261646337303261366462643264376362303233373539223b733a33323a226232376336636136633434626666663963663761666338626139393564643538223b733a33323a223362323934636632373735326536303539636335376662653839336535626565223b733a33323a226534333364363135313937616135326538366630313335363731343937396135223b733a33323a226563613931366565663136396338666363386132353136326632343232646166223b733a33323a223864393961323239353963366531306630343466636635393966383133356562223b733a33323a223762383363373833623364383734613364323836663633666230393335643532223b733a33323a223064373262376161633766373366373762653931356266306338393561343661223b733a33323a223064333533303762366239366466316138376330643238653162376535303339223b733a33323a223431333363356661613331323633333833353234356131326433623831326435223b733a33323a226662343863306663666336323462346361363830383434376561343037393461223b733a33323a223439653137663131626339613735383662363434323062643236373231363663223b733a33323a223630633232633434323439306265306330666464376166353066376237636535223b733a33323a223331663937653462333335613834663565653036316539646465346234333365223b733a33323a226534366461306665333238376231333466383963396239636233353937663664223b733a33323a226135366363356539386365306534616264663737323037663435363966623039223b733a33323a223435386434316332643732333335653666373339343466356237656137643565223b733a33323a223164666231666166643466613663653735363438343266393965376236383136223b733a33323a223562336530353366646631336536356235633130646439303731383063303137223b733a33323a226438303538356139653066326138353161393930303362373464626532633631223b7d733a343a2268617368223b733a36353a2264383035383561396530663261383531613939303033623734646265326336312d3562336530353366646631336536356235633130646439303731383063303137223b7d733a343a22666c6167223b693a323b733a31333a226974657261746f72436c617373223b733a31333a2241727261794974657261746f72223b733a31393a2270726f74656374656450726f70657274696573223b613a343a7b693a303b733a373a2273746f72616765223b693a313b733a343a22666c6167223b693a323b733a31333a226974657261746f72436c617373223b693a333b733a31393a2270726f74656374656450726f70657274696573223b7d7d, 1763977068);
INSERT INTO `session` (`id`, `data`, `modified`) VALUES
('laafkfsne6r52l8l5o9628fhef', 0x5f5f4c616d696e61737c613a343a7b733a32303a225f524551554553545f4143434553535f54494d45223b643a313736333034333832302e3931393234353b733a363a225f56414c4944223b613a313a7b733a32383a224c616d696e61735c53657373696f6e5c56616c696461746f725c4964223b733a32363a2265613230327574623367326e31656b6f366d38356e346f633276223b7d733a34323a224c616d696e61735f56616c696461746f725f437372665f73616c745f6c6f67696e666f726d5f63737266223b613a313a7b733a363a22455850495245223b693a313736333038353338383b7d733a34343a224c616d696e61735f56616c696461746f725f437372665f73616c745f636f6e6669726d666f726d5f63737266223b613a313a7b733a363a22455850495245223b693a313736333038373031393b7d7d4c616d696e61735f56616c696461746f725f437372665f73616c745f6c6f67696e666f726d5f637372667c4f3a32363a224c616d696e61735c5374646c69625c41727261794f626a656374223a343a7b733a373a2273746f72616765223b613a323a7b733a393a22746f6b656e4c697374223b613a313a7b733a33323a226134326434313337653139303935316531663634323666303834326266653964223b733a33323a226430366631366536383536363333323864653461363333323238626535386461223b7d733a343a2268617368223b733a36353a2264303666313665363835363633333238646534613633333232386265353864612d6134326434313337653139303935316531663634323666303834326266653964223b7d733a343a22666c6167223b693a323b733a31333a226974657261746f72436c617373223b733a31333a2241727261794974657261746f72223b733a31393a2270726f74656374656450726f70657274696573223b613a343a7b693a303b733a373a2273746f72616765223b693a313b733a343a22666c6167223b693a323b733a31333a226974657261746f72436c617373223b693a333b733a31393a2270726f74656374656450726f70657274696573223b7d7d4c616d696e61735f417574687c4f3a32363a224c616d696e61735c5374646c69625c41727261794f626a656374223a343a7b733a373a2273746f72616765223b613a313a7b733a373a2273746f72616765223b693a313b7d733a343a22666c6167223b693a323b733a31333a226974657261746f72436c617373223b733a31333a2241727261794974657261746f72223b733a31393a2270726f74656374656450726f70657274696573223b613a343a7b693a303b733a373a2273746f72616765223b693a313b733a343a22666c6167223b693a323b733a31333a226974657261746f72436c617373223b693a333b733a31393a2270726f74656374656450726f70657274696573223b7d7d4f6d656b614d657373656e6765727c4f3a32363a224c616d696e61735c5374646c69625c41727261794f626a656374223a343a7b733a373a2273746f72616765223b613a303a7b7d733a343a22666c6167223b693a323b733a31333a226974657261746f72436c617373223b733a31333a2241727261794974657261746f72223b733a31393a2270726f74656374656450726f70657274696573223b613a343a7b693a303b733a373a2273746f72616765223b693a313b733a343a22666c6167223b693a323b733a31333a226974657261746f72436c617373223b693a333b733a31393a2270726f74656374656450726f70657274696573223b7d7d72656469726563745f75726c7c4e3b4c616d696e61735f56616c696461746f725f437372665f73616c745f636f6e6669726d666f726d5f637372667c4f3a32363a224c616d696e61735c5374646c69625c41727261794f626a656374223a343a7b733a373a2273746f72616765223b613a323a7b733a393a22746f6b656e4c697374223b613a31343a7b733a33323a226636303534633661303162623865646265643966366564346430666530626536223b733a33323a223137666636336165346234656632353432393232666638316536626630393463223b733a33323a223031633763653463646265333861383861333535373338333535623737373864223b733a33323a223363646436653032303162323334666366333365376336326333313761643233223b733a33323a226338306363343337306261393435656333643863303564303862343432323036223b733a33323a223732666261323736373532363236643335636235383139663464396562613462223b733a33323a223339316437313134623932633437636531613834356361336564383836376132223b733a33323a226438643736653661393333313763376466323663303664353562666231613133223b733a33323a223963633036663137326531306130633661303533386636633534363938663762223b733a33323a223035623662393934663064353061343731393039393039393231363030343662223b733a33323a223032393062363638623635333634333632633135313063643436323562656537223b733a33323a226234333331333133653365626461666664346365396133653863343065326339223b733a33323a223564623336626133613038306536646635346137616134353135313937333434223b733a33323a223235393563396565636633653763346639303537636135396131663965343033223b733a33323a223166333631623936656539663434663666353530373332353836306263316634223b733a33323a223338336433366333326462633134656632373964616333636138663863356535223b733a33323a223264343536633230616437323766313335386637333739393662373931363032223b733a33323a226333653639666266653331373861653535643363373936386666656630356663223b733a33323a223334393637363637613735316539633361303636343935623234326336386461223b733a33323a223733613065313964346235633438393963333431666661383364316463376132223b733a33323a226331323930346239653130653339336536386363346231306239656139386131223b733a33323a223535323738616665393166343361653665346466346361393762323063626536223b733a33323a226239306233336433613431646331626161353638383331326237663735626334223b733a33323a226636623761313965626163313538383537313664666339653863333465663566223b733a33323a223131396166643862306532303361373530363130383239396139313834313663223b733a33323a226163396638613564366463646437373730623632313834333738343861653762223b733a33323a223430653231626433613765313833613861613533383630633134383730373064223b733a33323a223236393735363338396134363863656239666164386534396638393139353061223b7d733a343a2268617368223b733a36353a2232363937353633383961343638636562396661643865343966383931393530612d3430653231626433613765313833613861613533383630633134383730373064223b7d733a343a22666c6167223b693a323b733a31333a226974657261746f72436c617373223b733a31333a2241727261794974657261746f72223b733a31393a2270726f74656374656450726f70657274696573223b613a343a7b693a303b733a373a2273746f72616765223b693a313b733a343a22666c6167223b693a323b733a31333a226974657261746f72436c617373223b693a333b733a31393a2270726f74656374656450726f70657274696573223b7d7d, 1763043821),
('lunlr3ae9sl1o7lsbvrvj7hln9', 0x5f5f4c616d696e61737c613a363a7b733a32303a225f524551554553545f4143434553535f54494d45223b643a313736313635333733322e353132323b733a363a225f56414c4944223b613a313a7b733a32383a224c616d696e61735c53657373696f6e5c56616c696461746f725c4964223b733a32363a2264733974347164703968356f646b726a746c65763363646f6c6a223b7d733a34323a224c616d696e61735f56616c696461746f725f437372665f73616c745f6c6f67696e666f726d5f63737266223b613a313a7b733a363a22455850495245223b693a313736313639353336383b7d733a33323a224c616d696e61735f56616c696461746f725f437372665f73616c745f63737266223b613a313a7b733a363a22455850495245223b693a313736313639363432363b7d733a34343a224c616d696e61735f56616c696461746f725f437372665f73616c745f636f6e6669726d666f726d5f63737266223b613a313a7b733a363a22455850495245223b693a313736313639363336313b7d733a35333a224c616d696e61735f56616c696461746f725f437372665f73616c745f7265736f7572636574656d706c617465666f726d5f63737266223b613a313a7b733a363a22455850495245223b693a313736313639363331363b7d7d72656469726563745f75726c7c733a33373a22687474703a2f2f6c6f63616c686f73742f6f6d656b61532f6f6d656b612d732f61646d696e223b4c616d696e61735f56616c696461746f725f437372665f73616c745f6c6f67696e666f726d5f637372667c4f3a32363a224c616d696e61735c5374646c69625c41727261794f626a656374223a343a7b733a373a2273746f72616765223b613a323a7b733a393a22746f6b656e4c697374223b613a323a7b733a33323a223461393835653230363839363463323965636332386338373261326166383232223b733a33323a223932386636303565626165383235393831353138636163333731373761623036223b733a33323a226561663230613132336265306532353032613361393339663336333131616466223b733a33323a226566333139616666303933333966386531636235353862653036616261376439223b7d733a343a2268617368223b733a36353a2265663331396166663039333339663865316362353538626530366162613764392d6561663230613132336265306532353032613361393339663336333131616466223b7d733a343a22666c6167223b693a323b733a31333a226974657261746f72436c617373223b733a31333a2241727261794974657261746f72223b733a31393a2270726f74656374656450726f70657274696573223b613a343a7b693a303b733a373a2273746f72616765223b693a313b733a343a22666c6167223b693a323b733a31333a226974657261746f72436c617373223b693a333b733a31393a2270726f74656374656450726f70657274696573223b7d7d4f6d656b614d657373656e6765727c4f3a32363a224c616d696e61735c5374646c69625c41727261794f626a656374223a343a7b733a373a2273746f72616765223b613a313a7b733a383a226d65737361676573223b613a313a7b693a313b613a313a7b693a303b733a32333a225375636365737366756c6c79206c6f67676564206f7574223b7d7d7d733a343a22666c6167223b693a323b733a31333a226974657261746f72436c617373223b733a31333a2241727261794974657261746f72223b733a31393a2270726f74656374656450726f70657274696573223b613a343a7b693a303b733a373a2273746f72616765223b693a313b733a343a22666c6167223b693a323b733a31333a226974657261746f72436c617373223b693a333b733a31393a2270726f74656374656450726f70657274696573223b7d7d4c616d696e61735f417574687c4f3a32363a224c616d696e61735c5374646c69625c41727261794f626a656374223a343a7b733a373a2273746f72616765223b613a303a7b7d733a343a22666c6167223b693a323b733a31333a226974657261746f72436c617373223b733a31333a2241727261794974657261746f72223b733a31393a2270726f74656374656450726f70657274696573223b613a343a7b693a303b733a373a2273746f72616765223b693a313b733a343a22666c6167223b693a323b733a31333a226974657261746f72436c617373223b693a333b733a31393a2270726f74656374656450726f70657274696573223b7d7d4c616d696e61735f56616c696461746f725f437372665f73616c745f637372667c4f3a32363a224c616d696e61735c5374646c69625c41727261794f626a656374223a343a7b733a373a2273746f72616765223b613a323a7b733a393a22746f6b656e4c697374223b613a31313a7b733a33323a223435386430366666353065393431633362346237326535613231316533396234223b733a33323a226265346166626236653663373166353333643636326364333062653736333333223b733a33323a226361366431326636353635656237386433656361363733643837663034653961223b733a33323a226264616439383030396335386263323261323634623237323532663930616136223b733a33323a223432343961376233636139303339323866623633336332393834316337656461223b733a33323a223533643438383136643430386530663763383733386539623536303539666238223b733a33323a223432373361383334666465623739336536333438626562633337323537386133223b733a33323a223335383537356337636563623135663638376464643436303034313462373862223b733a33323a223230366364346164353666313239613334343330663736346336303432656563223b733a33323a223366633664613165623139613664656130383062336237363838396561316462223b733a33323a226133366331343934366364386130303735343139386332643631346237333234223b733a33323a223137616564663330666362633736643734363666303739306139613135366137223b733a33323a223166393966326564663964353632323862616436353565643464343661303837223b733a33323a223766666534393138613331373762393634613133653164373166623836653637223b733a33323a223764333431666463383063323863326639636162633531396138333634393238223b733a33323a223439356262343433313939633531313338363461333633336266636139343163223b733a33323a226139333837646237336363356234313665303638313830353835323336646339223b733a33323a226331363965326464383330376465616237386131393139653866613634633037223b733a33323a223939663832663132353162303064303066303562646232333261653931663261223b733a33323a226330323731313763303261663734346431343363363739393832666332623230223b733a33323a223231326466613238363933376234396638633862353363383861663533373561223b733a33323a223538393934373863353034376133636337363437376236333262363139636466223b7d733a343a2268617368223b733a36353a2235383939343738633530343761336363373634373762363332623631396364662d3231326466613238363933376234396638633862353363383861663533373561223b7d733a343a22666c6167223b693a323b733a31333a226974657261746f72436c617373223b733a31333a2241727261794974657261746f72223b733a31393a2270726f74656374656450726f70657274696573223b613a343a7b693a303b733a373a2273746f72616765223b693a313b733a343a22666c6167223b693a323b733a31333a226974657261746f72436c617373223b693a333b733a31393a2270726f74656374656450726f70657274696573223b7d7d4c616d696e61735f56616c696461746f725f437372665f73616c745f636f6e6669726d666f726d5f637372667c4f3a32363a224c616d696e61735c5374646c69625c41727261794f626a656374223a343a7b733a373a2273746f72616765223b613a323a7b733a393a22746f6b656e4c697374223b613a393a7b733a33323a226539393737393263626434343061353536396632396430396633643435386137223b733a33323a226130623364363233376534366432663439663062343131393464326166326664223b733a33323a223162353663653264643939333231663131386464656463353863373064623632223b733a33323a223230323831643732396663396537356631366465333965623734333064656239223b733a33323a223761643761393432333565623534613237636334336336363331333566336133223b733a33323a226534636230356132646664323733393433633465393264636362333232663735223b733a33323a223637323166656636313731653435363634663061363538333235663639313161223b733a33323a226534323536633634316439303434646231303961623338363833306233663161223b733a33323a226233643037383463626336643230646231363939636465376135633539363138223b733a33323a223437383334663330333238353331326535663761333734623963313861373734223b733a33323a226462376231366363666462656532303734313061303839306332343637623337223b733a33323a223534366432356635306566333632373532626533346635323533313138326431223b733a33323a226137666234366162373734653663636131333263663661623961363538306230223b733a33323a223032326332646462666462373437303464376338396133613866323432633630223b733a33323a226232386236633332303962343530366463303933376339396665613462633137223b733a33323a223265393833383664656539383064643764643665633066333036363839313335223b733a33323a223562313533303866303832306131326233373036646366616539356230363763223b733a33323a223436336361666463616630363761306262363837316133303764343665613236223b7d733a343a2268617368223b733a36353a2234363363616664636166303637613062623638373161333037643436656132362d3562313533303866303832306131326233373036646366616539356230363763223b7d733a343a22666c6167223b693a323b733a31333a226974657261746f72436c617373223b733a31333a2241727261794974657261746f72223b733a31393a2270726f74656374656450726f70657274696573223b613a343a7b693a303b733a373a2273746f72616765223b693a313b733a343a22666c6167223b693a323b733a31333a226974657261746f72436c617373223b693a333b733a31393a2270726f74656374656450726f70657274696573223b7d7d4c616d696e61735f56616c696461746f725f437372665f73616c745f7265736f7572636574656d706c617465666f726d5f637372667c4f3a32363a224c616d696e61735c5374646c69625c41727261794f626a656374223a343a7b733a373a2273746f72616765223b613a323a7b733a393a22746f6b656e4c697374223b613a313a7b733a33323a226534366537316239326239393435303837393630373163323536656133626537223b733a33323a226339303739323962656262633562646264373632373766313635306235646165223b7d733a343a2268617368223b733a36353a2263393037393239626562626335626462643736323737663136353062356461652d6534366537316239326239393435303837393630373163323536656133626537223b7d733a343a22666c6167223b693a323b733a31333a226974657261746f72436c617373223b733a31333a2241727261794974657261746f72223b733a31393a2270726f74656374656450726f70657274696573223b613a343a7b693a303b733a373a2273746f72616765223b693a313b733a343a22666c6167223b693a323b733a31333a226974657261746f72436c617373223b693a333b733a31393a2270726f74656374656450726f70657274696573223b7d7d, 1761653732),
('m0saonbof6l8i89qe4g3mian0a', 0x5f5f4c616d696e61737c613a323a7b733a32303a225f524551554553545f4143434553535f54494d45223b643a313736333735313434312e3537323932343b733a363a225f56414c4944223b613a313a7b733a32383a224c616d696e61735c53657373696f6e5c56616c696461746f725c4964223b733a32363a226d3073616f6e626f66366c3869383971653467336d69616e3061223b7d7d72656469726563745f75726c7c733a35383a22687474703a2f2f6c6f63616c686f73742f6f6d6b5f544879705f32352d32365f636c6f6e652f6f6d656b612d732f61646d696e2f6d6f64756c65223b, 1763751442),
('m8j9rvdqpcf1hl9l1bsguupd6c', 0x5f5f4c616d696e61737c613a353a7b733a32303a225f524551554553545f4143434553535f54494d45223b643a313736313634333132342e33343735313b733a363a225f56414c4944223b613a313a7b733a32383a224c616d696e61735c53657373696f6e5c56616c696461746f725c4964223b733a32363a2237327465393464656533326e6535646b35326766753337756e6b223b7d733a34323a224c616d696e61735f56616c696461746f725f437372665f73616c745f6c6f67696e666f726d5f63737266223b613a313a7b733a363a22455850495245223b693a313736313638343335363b7d733a34343a224c616d696e61735f56616c696461746f725f437372665f73616c745f636f6e6669726d666f726d5f63737266223b613a313a7b733a363a22455850495245223b693a313736313638363331383b7d733a33323a224c616d696e61735f56616c696461746f725f437372665f73616c745f63737266223b613a313a7b733a363a22455850495245223b693a313736313638363332323b7d7d4f6d656b614d657373656e6765727c4f3a32363a224c616d696e61735c5374646c69625c41727261794f626a656374223a343a7b733a373a2273746f72616765223b613a303a7b7d733a343a22666c6167223b693a323b733a31333a226974657261746f72436c617373223b733a31333a2241727261794974657261746f72223b733a31393a2270726f74656374656450726f70657274696573223b613a343a7b693a303b733a373a2273746f72616765223b693a313b733a343a22666c6167223b693a323b733a31333a226974657261746f72436c617373223b693a333b733a31393a2270726f74656374656450726f70657274696573223b7d7d4c616d696e61735f56616c696461746f725f437372665f73616c745f6c6f67696e666f726d5f637372667c4f3a32363a224c616d696e61735c5374646c69625c41727261794f626a656374223a343a7b733a373a2273746f72616765223b613a323a7b733a393a22746f6b656e4c697374223b613a313a7b733a33323a223435383237303438363335386532333635366137623737306233633435663364223b733a33323a223434396439373834386230303362373837616165346332646536363861663262223b7d733a343a2268617368223b733a36353a2234343964393738343862303033623738376161653463326465363638616632622d3435383237303438363335386532333635366137623737306233633435663364223b7d733a343a22666c6167223b693a323b733a31333a226974657261746f72436c617373223b733a31333a2241727261794974657261746f72223b733a31393a2270726f74656374656450726f70657274696573223b613a343a7b693a303b733a373a2273746f72616765223b693a313b733a343a22666c6167223b693a323b733a31333a226974657261746f72436c617373223b693a333b733a31393a2270726f74656374656450726f70657274696573223b7d7d4c616d696e61735f417574687c4f3a32363a224c616d696e61735c5374646c69625c41727261794f626a656374223a343a7b733a373a2273746f72616765223b613a313a7b733a373a2273746f72616765223b693a313b7d733a343a22666c6167223b693a323b733a31333a226974657261746f72436c617373223b733a31333a2241727261794974657261746f72223b733a31393a2270726f74656374656450726f70657274696573223b613a343a7b693a303b733a373a2273746f72616765223b693a313b733a343a22666c6167223b693a323b733a31333a226974657261746f72436c617373223b693a333b733a31393a2270726f74656374656450726f70657274696573223b7d7d72656469726563745f75726c7c4e3b4c616d696e61735f56616c696461746f725f437372665f73616c745f636f6e6669726d666f726d5f637372667c4f3a32363a224c616d696e61735c5374646c69625c41727261794f626a656374223a343a7b733a373a2273746f72616765223b613a323a7b733a393a22746f6b656e4c697374223b613a31343a7b733a33323a226331316662393931316165376335323730343431386431366638323265653930223b733a33323a226431636162316132636130346532343838376532653461396561373463343337223b733a33323a223831646263623538353134303033383433663461326366626331323363323336223b733a33323a223239373339383961333930386163626131376164313934616638393466623463223b733a33323a226132663037623363643633336162363630353633353237343162306666613737223b733a33323a223663656233333936396530636130613836353461666435616564316466613032223b733a33323a223930333134623965353231363238666563326634333432303237333665656439223b733a33323a226465376637353532623434313432643234373531373063336235386363353564223b733a33323a226637313363613337323465343733663064656636366361376230386432393861223b733a33323a223334326337346636373836653239623936333663616335393837366332393436223b733a33323a223936343935323663366631303464376465633833613831323765366161616264223b733a33323a223536373235396262353265616235653661396264656434643037656633303634223b733a33323a226630343532356130613564346630366635363266633530616333386562626166223b733a33323a223964383537613834346330393363613730323639386532323365356332616663223b733a33323a223861633438396531386239303733313263313136353765356131623536646632223b733a33323a226563376131616439323635316231643761323763306138343661626136306463223b733a33323a226538303061373535396432353032353936623539386132363536333865353737223b733a33323a223565376334363834616162376138636532343261366336663264616435373635223b733a33323a223562343864616630323839323836656432646538623733616562643333653232223b733a33323a226161303838373863316466636637353565663931346661633265316261333036223b733a33323a226235343662333239333061613738646565646231616437353337646336663561223b733a33323a223935653837633566636662353531323761623333343663396362333135326335223b733a33323a223335623232303330373566386465643530323233666338616666636234363263223b733a33323a226562316636376666643038366262383936356564646261613339346261313639223b733a33323a226433643065653661333732343663663930656234363165366438633464333863223b733a33323a223031366635323165393131323833383239333039653264613130616465333836223b733a33323a226335653832613831646662396662386563363130336162303263373963313738223b733a33323a223563353133313461636166653865613333626165616461633861316563336535223b7d733a343a2268617368223b733a36353a2235633531333134616361666538656133336261656164616338613165633365352d6335653832613831646662396662386563363130336162303263373963313738223b7d733a343a22666c6167223b693a323b733a31333a226974657261746f72436c617373223b733a31333a2241727261794974657261746f72223b733a31393a2270726f74656374656450726f70657274696573223b613a343a7b693a303b733a373a2273746f72616765223b693a313b733a343a22666c6167223b693a323b733a31333a226974657261746f72436c617373223b693a333b733a31393a2270726f74656374656450726f70657274696573223b7d7d4c616d696e61735f56616c696461746f725f437372665f73616c745f637372667c4f3a32363a224c616d696e61735c5374646c69625c41727261794f626a656374223a343a7b733a373a2273746f72616765223b613a323a7b733a393a22746f6b656e4c697374223b613a313a7b733a33323a226566663437623261373133323337393434626466316361653833303536323463223b733a33323a223465306133663462633435353334333530656234356439326462363232653137223b7d733a343a2268617368223b733a36353a2234653061336634626334353533343335306562343564393264623632326531372d6566663437623261373133323337393434626466316361653833303536323463223b7d733a343a22666c6167223b693a323b733a31333a226974657261746f72436c617373223b733a31333a2241727261794974657261746f72223b733a31393a2270726f74656374656450726f70657274696573223b613a343a7b693a303b733a373a2273746f72616765223b693a313b733a343a22666c6167223b693a323b733a31333a226974657261746f72436c617373223b693a333b733a31393a2270726f74656374656450726f70657274696573223b7d7d, 1761643124),
('mirnu55er0pp6ojqsb31chpal3', 0x5f5f4c616d696e61737c613a333a7b733a32303a225f524551554553545f4143434553535f54494d45223b643a313736343336343030342e3738323532373b733a363a225f56414c4944223b613a313a7b733a32383a224c616d696e61735c53657373696f6e5c56616c696461746f725c4964223b733a32363a226f3162697265686635717371357633747336636e727638396870223b7d733a34323a224c616d696e61735f56616c696461746f725f437372665f73616c745f6c6f67696e666f726d5f63737266223b613a313a7b733a363a22455850495245223b693a313736343430333437383b7d7d4c616d696e61735f56616c696461746f725f437372665f73616c745f6c6f67696e666f726d5f637372667c4f3a32363a224c616d696e61735c5374646c69625c41727261794f626a656374223a343a7b733a373a2273746f72616765223b613a323a7b733a393a22746f6b656e4c697374223b613a323a7b733a33323a223335326162366163623366633033333337306163623664393538396237626632223b733a33323a223030366361303665383536623532333435346231373130646335666536346535223b733a33323a226365366239663130656633393065316434306164396432336438373961353838223b733a33323a226234313639303933666336343439633663626539363130633733393530656532223b7d733a343a2268617368223b733a36353a2262343136393039336663363434396336636265393631306337333935306565322d6365366239663130656633393065316434306164396432336438373961353838223b7d733a343a22666c6167223b693a323b733a31333a226974657261746f72436c617373223b733a31333a2241727261794974657261746f72223b733a31393a2270726f74656374656450726f70657274696573223b613a343a7b693a303b733a373a2273746f72616765223b693a313b733a343a22666c6167223b693a323b733a31333a226974657261746f72436c617373223b693a333b733a31393a2270726f74656374656450726f70657274696573223b7d7d4c616d696e61735f417574687c4f3a32363a224c616d696e61735c5374646c69625c41727261794f626a656374223a343a7b733a373a2273746f72616765223b613a313a7b733a373a2273746f72616765223b693a313b7d733a343a22666c6167223b693a323b733a31333a226974657261746f72436c617373223b733a31333a2241727261794974657261746f72223b733a31393a2270726f74656374656450726f70657274696573223b613a343a7b693a303b733a373a2273746f72616765223b693a313b733a343a22666c6167223b693a323b733a31333a226974657261746f72436c617373223b693a333b733a31393a2270726f74656374656450726f70657274696573223b7d7d4f6d656b614d657373656e6765727c4f3a32363a224c616d696e61735c5374646c69625c41727261794f626a656374223a343a7b733a373a2273746f72616765223b613a303a7b7d733a343a22666c6167223b693a323b733a31333a226974657261746f72436c617373223b733a31333a2241727261794974657261746f72223b733a31393a2270726f74656374656450726f70657274696573223b613a343a7b693a303b733a373a2273746f72616765223b693a313b733a343a22666c6167223b693a323b733a31333a226974657261746f72436c617373223b693a333b733a31393a2270726f74656374656450726f70657274696573223b7d7d72656469726563745f75726c7c4e3b, 1764364004),
('mpq6262037rq3l7ivn1tqk18ic', 0x5f5f4c616d696e61737c613a343a7b733a32303a225f524551554553545f4143434553535f54494d45223b643a313736343639303430302e3631323931393b733a363a225f56414c4944223b613a313a7b733a32383a224c616d696e61735c53657373696f6e5c56616c696461746f725c4964223b733a32363a22636d363461656d303536336171613033646d643964366d74356f223b7d733a34323a224c616d696e61735f56616c696461746f725f437372665f73616c745f6c6f67696e666f726d5f63737266223b613a313a7b733a363a22455850495245223b693a313736343733303132353b7d733a33323a224c616d696e61735f56616c696461746f725f437372665f73616c745f63737266223b613a313a7b733a363a22455850495245223b693a313736343733333536333b7d7d72656469726563745f75726c7c733a35383a22687474703a2f2f6c6f63616c686f73742f6f6d6b5f746879705f32352d32365f636c6f6e652f6f6d656b612d732f61646d696e2f6d6f64756c65223b4c616d696e61735f56616c696461746f725f437372665f73616c745f6c6f67696e666f726d5f637372667c4f3a32363a224c616d696e61735c5374646c69625c41727261794f626a656374223a343a7b733a373a2273746f72616765223b613a323a7b733a393a22746f6b656e4c697374223b613a323a7b733a33323a226565646333396433373038636437376230306165633662376565396438303639223b733a33323a226334313331393136356137653066623138623661666538333839643965333136223b733a33323a226336323839303066326432653266393165323438323235323835386233323830223b733a33323a223965353361336438386638316238323436663339366665646464373463636335223b7d733a343a2268617368223b733a36353a2239653533613364383866383162383234366633393666656464643734636363352d6336323839303066326432653266393165323438323235323835386233323830223b7d733a343a22666c6167223b693a323b733a31333a226974657261746f72436c617373223b733a31333a2241727261794974657261746f72223b733a31393a2270726f74656374656450726f70657274696573223b613a343a7b693a303b733a373a2273746f72616765223b693a313b733a343a22666c6167223b693a323b733a31333a226974657261746f72436c617373223b693a333b733a31393a2270726f74656374656450726f70657274696573223b7d7d4c616d696e61735f417574687c4f3a32363a224c616d696e61735c5374646c69625c41727261794f626a656374223a343a7b733a373a2273746f72616765223b613a313a7b733a373a2273746f72616765223b693a313b7d733a343a22666c6167223b693a323b733a31333a226974657261746f72436c617373223b733a31333a2241727261794974657261746f72223b733a31393a2270726f74656374656450726f70657274696573223b613a343a7b693a303b733a373a2273746f72616765223b693a313b733a343a22666c6167223b693a323b733a31333a226974657261746f72436c617373223b693a333b733a31393a2270726f74656374656450726f70657274696573223b7d7d4f6d656b614d657373656e6765727c4f3a32363a224c616d696e61735c5374646c69625c41727261794f626a656374223a343a7b733a373a2273746f72616765223b613a303a7b7d733a343a22666c6167223b693a323b733a31333a226974657261746f72436c617373223b733a31333a2241727261794974657261746f72223b733a31393a2270726f74656374656450726f70657274696573223b613a343a7b693a303b733a373a2273746f72616765223b693a313b733a343a22666c6167223b693a323b733a31333a226974657261746f72436c617373223b693a333b733a31393a2270726f74656374656450726f70657274696573223b7d7d4c616d696e61735f56616c696461746f725f437372665f73616c745f637372667c4f3a32363a224c616d696e61735c5374646c69625c41727261794f626a656374223a343a7b733a373a2273746f72616765223b613a323a7b733a393a22746f6b656e4c697374223b613a323a7b733a33323a223837353361303935376665313162633830616166363439316434313730623761223b733a33323a226666373032316230353635326638623361396535633066653337376338373931223b733a33323a223633653866656636663232353035396164396461663433366335643935343130223b733a33323a226362313432653138633737616536386133346439313861633461353231353330223b7d733a343a2268617368223b733a36353a2263623134326531386337376165363861333464393138616334613532313533302d3633653866656636663232353035396164396461663433366335643935343130223b7d733a343a22666c6167223b693a323b733a31333a226974657261746f72436c617373223b733a31333a2241727261794974657261746f72223b733a31393a2270726f74656374656450726f70657274696573223b613a343a7b693a303b733a373a2273746f72616765223b693a313b733a343a22666c6167223b693a323b733a31333a226974657261746f72436c617373223b693a333b733a31393a2270726f74656374656450726f70657274696573223b7d7d, 1764690400),
('o88ds2lmv3pjfu5v5eh89r14uf', 0x5f5f4c616d696e61737c613a353a7b733a32303a225f524551554553545f4143434553535f54494d45223b643a313736343633323033362e3639343931353b733a363a225f56414c4944223b613a313a7b733a32383a224c616d696e61735c53657373696f6e5c56616c696461746f725c4964223b733a32363a226835706470306469306776743373383269723665366e34743037223b7d733a34323a224c616d696e61735f56616c696461746f725f437372665f73616c745f6c6f67696e666f726d5f63737266223b613a313a7b733a363a22455850495245223b693a313736343636383839353b7d733a33323a224c616d696e61735f56616c696461746f725f437372665f73616c745f63737266223b613a313a7b733a363a22455850495245223b693a313736343637353134303b7d733a34343a224c616d696e61735f56616c696461746f725f437372665f73616c745f636f6e6669726d666f726d5f63737266223b613a313a7b733a363a22455850495245223b693a313736343637353030363b7d7d72656469726563745f75726c7c733a35393a22687474703a2f2f6c6f63616c686f73742f6f6d6b5f746879705f32352d32365f636c6f6e652f6f6d656b612d732f61646d696e2f70616e646f7265223b4c616d696e61735f56616c696461746f725f437372665f73616c745f6c6f67696e666f726d5f637372667c4f3a32363a224c616d696e61735c5374646c69625c41727261794f626a656374223a343a7b733a373a2273746f72616765223b613a323a7b733a393a22746f6b656e4c697374223b613a313a7b733a33323a226664353931653230333366666434616630363034393666353838623261653431223b733a33323a223837336464356137366261626133613334356232316338346664633735646630223b7d733a343a2268617368223b733a36353a2238373364643561373662616261336133343562323163383466646337356466302d6664353931653230333366666434616630363034393666353838623261653431223b7d733a343a22666c6167223b693a323b733a31333a226974657261746f72436c617373223b733a31333a2241727261794974657261746f72223b733a31393a2270726f74656374656450726f70657274696573223b613a343a7b693a303b733a373a2273746f72616765223b693a313b733a343a22666c6167223b693a323b733a31333a226974657261746f72436c617373223b693a333b733a31393a2270726f74656374656450726f70657274696573223b7d7d4c616d696e61735f417574687c4f3a32363a224c616d696e61735c5374646c69625c41727261794f626a656374223a343a7b733a373a2273746f72616765223b613a313a7b733a373a2273746f72616765223b693a313b7d733a343a22666c6167223b693a323b733a31333a226974657261746f72436c617373223b733a31333a2241727261794974657261746f72223b733a31393a2270726f74656374656450726f70657274696573223b613a343a7b693a303b733a373a2273746f72616765223b693a313b733a343a22666c6167223b693a323b733a31333a226974657261746f72436c617373223b693a333b733a31393a2270726f74656374656450726f70657274696573223b7d7d4f6d656b614d657373656e6765727c4f3a32363a224c616d696e61735c5374646c69625c41727261794f626a656374223a343a7b733a373a2273746f72616765223b613a303a7b7d733a343a22666c6167223b693a323b733a31333a226974657261746f72436c617373223b733a31333a2241727261794974657261746f72223b733a31393a2270726f74656374656450726f70657274696573223b613a343a7b693a303b733a373a2273746f72616765223b693a313b733a343a22666c6167223b693a323b733a31333a226974657261746f72436c617373223b693a333b733a31393a2270726f74656374656450726f70657274696573223b7d7d4c616d696e61735f56616c696461746f725f437372665f73616c745f637372667c4f3a32363a224c616d696e61735c5374646c69625c41727261794f626a656374223a343a7b733a373a2273746f72616765223b613a323a7b733a393a22746f6b656e4c697374223b613a37343a7b733a33323a226438303062343130643930636437373237666232333836633738353831303332223b733a33323a223130316363643762643838313239343135643032366530613737383136656362223b733a33323a223631366135393938343063303831393137646431646138393264396438333533223b733a33323a226137303662666630613333363233303664353631623538353437356138393638223b733a33323a223533666562313865323961633638366235623766643837613466393435346232223b733a33323a223861636334303733393764363163306238373235653835373732303661393231223b733a33323a223533333064373861343337353061613532376631613530646465303662616335223b733a33323a223030393131623339643833333537326363373164316362623863346362646230223b733a33323a226137646639383764303136666235626633633030316632613439626465636633223b733a33323a223966373463313766646162303137616233646531303561666433333566353161223b733a33323a226639396438613535623732663535313965366134323330343232663634373934223b733a33323a223264373566623238636462396139626561323037653962356262353439346330223b733a33323a226133376238623262313432313436393833653131363338623663393137663261223b733a33323a223064656662613033633837393635656665653239626135303334616564663834223b733a33323a223364633935316436326262313865323636633636356164643162626539653531223b733a33323a223235363363396561343838343937393935306631663732393962353163323561223b733a33323a226166306336396230356364663263633034656235383337303330383566656637223b733a33323a226637666335623062333636356338623034396366666163656161356536316436223b733a33323a226337626232646563383833663962343166363233633331363735663763656533223b733a33323a223936363464323964336233363135643661323964633261323264356266373134223b733a33323a226532313230623331653965633663666436396435663563303934646535656131223b733a33323a223836366234323734346666616134313732653536643333333462316435663137223b733a33323a223664346632373766306162396636353138623963333033323766366636326562223b733a33323a223963323233366364393735616430616534306238353430663536646137326364223b733a33323a226663396533636566343963653036643638393436313963663133356337343661223b733a33323a223366613562373936323564383731343733356532323935313539623362303632223b733a33323a223339633663346633643766346630313462366262636164653364653965363632223b733a33323a226335333861623461613632633336336630383831343939313436373465373764223b733a33323a226432386431326633323534376233386136313763306138613038353664646366223b733a33323a223337643161386339623664303136326638333030346666373738306662333265223b733a33323a226532303433666633663036386361373131393935323538643735363963323666223b733a33323a223664663438323433373439663536623832343439613065396561316638363437223b733a33323a223135366165613836336461323861356566666537653737623465623238353263223b733a33323a226138656265343738636630333630333934373832623731323164666434353162223b733a33323a226631343637623330363339646664393162356634613761306634393732336635223b733a33323a223863646136663938363238656535363438343037306363353364343365613430223b733a33323a226631386534323863396238636136663463306561613163316539323230383938223b733a33323a223530623730306434363137613430393731373730373166323365363866316436223b733a33323a223033313164353863333461663162303563386430653665326162303230666130223b733a33323a226239303037663162326333313564613365333935363563663562616631656566223b733a33323a223163306663663661323562393864663039373266373564343235356436323531223b733a33323a223533376361373063643361313832656138653061663165353431663365623039223b733a33323a223238636162373632613965326638663665333564633764623331343865663264223b733a33323a226564373031383739613233366538643831646330346531356333643733383764223b733a33323a223532343566393266383431356466373265663339353366323038353339633062223b733a33323a223963343038663266336233313165383438626366613232376365373034303534223b733a33323a226233663764353735393361623331313163623139646235616232376435393833223b733a33323a223334333034643531383539353564656262383030636539643664383233633836223b733a33323a223135646531666665333062623037353237346131613734386433396333646436223b733a33323a223139333531663938326633636666633362616662613934656165396565383333223b733a33323a223765383566656462626534336639353465346138393732356338313333333639223b733a33323a223663656635613266663430396330353063336437616138363037366234326561223b733a33323a226565633661636562636433336632373632333561303631643734363762363838223b733a33323a223337356335303062393833393266366437646236643561383837386166386533223b733a33323a226330336561653132393332656430653934623739383235316361623031633565223b733a33323a223266386639356135306261393637626263656563303063633231653932396261223b733a33323a223964396532316363313434333461633464396339303933633935373233656639223b733a33323a226631643936373663373038623437343965323034333732346261306163383036223b733a33323a223166663139393230383934613534653363363865346135623639363531656664223b733a33323a226631396263663861346537346438316666313934613837366232313439623732223b733a33323a223630353232383034366130623938623031373337663063336538613439356363223b733a33323a223262663230613739353735636363356532323235366465376136353135333939223b733a33323a226466323766626435316263373730393462653434616538663739353565313336223b733a33323a226432363465326435363436666632353565346331633737613036623330613936223b733a33323a226264313936636237343331356235363863323331646361366237656139633761223b733a33323a223366653062613031363263386436353565306237353961663165646232666361223b733a33323a223965623732373866363737383935336237376663313831663166383435353437223b733a33323a223233326238366431333365633630653735356537646334643835656330323663223b733a33323a223531386637653931626235363939633061613761613466646637386530396639223b733a33323a226138396661656135363337626431613737303032366461643733623639616666223b733a33323a223763646538393830343964613034323436336636376638353836396233636561223b733a33323a226663393235386637653661643533613064353835656130643134666433633933223b733a33323a223837353637333738646131653337326165306536343134393761366330366438223b733a33323a223864646461306431393563386663316631616532336237663830613632623237223b733a33323a226164633061633661653762336637323563323633313465636666346133356531223b733a33323a223864323362303432393537653865353765313134623839643633356530636163223b733a33323a226661633061366164616339383133343930386539613736363238376630353363223b733a33323a223962376661613539333063643731646364396131323566393464383066613035223b733a33323a226366323630643030396437623437643061356364383135313534393236353730223b733a33323a226532623365616261363331303862303332656366326630383563313233646335223b733a33323a223864353034333962366465663530353334373231336139393535633264313663223b733a33323a223830363564613565373263643762616162376634306130316239323336623066223b733a33323a223561663539336338653731393836343064623339343964643634353538363538223b733a33323a223237323031613333376365396566626161393935663465333733333138336634223b733a33323a223565346265396438623935333533643736303265666463363165313432343830223b733a33323a223366663531633838316533373938616331336639646137656432343730343862223b733a33323a223937656461636136633461343438346632616337313865363532303033313466223b733a33323a223130633764363266313637626364653565666538393533333535373030316434223b733a33323a226434616665363063663235333462666663356136336265393536353635396561223b733a33323a223033613832666463353039643738613561636436353663313164323361313266223b733a33323a226531333562306438333264633631326530633637326563636132633462626263223b733a33323a223132613065383038656136366361396639653735613334303066356430646662223b733a33323a223231326366626133643637376465366234323734613435356231343731366431223b733a33323a226565653939643136643334316331353238313237653430333761383630643566223b733a33323a226261346433353837343938373331653937643761393434393436653664383464223b733a33323a223239313864306131333939646536653364376331633639343130633831316537223b733a33323a226261623062343139626534313661366463333065346164613936353534363332223b733a33323a226239303634633437633236313039313231623561366135373138386465636132223b733a33323a223832343865303330623637663330626563376663346637613761353131353764223b733a33323a223333616634663964356639393866343739343439653536356635613339333965223b733a33323a223263633430623165633561653336623663303839323538653065393532653234223b733a33323a226331303436613161336532623936623162623738633633396164333538383035223b733a33323a223638386435353839393362323765363339343265313933663163353032313435223b733a33323a223464353332663538616635333964343261643735663465626632613264613166223b733a33323a223930336635623735613663393738356236353837643465653966643535633434223b733a33323a223838623435386135303133363564333630323637356465636133366537663230223b733a33323a226530336265396530636264633137376137336463653766373263636536383163223b733a33323a223736313364386534613364613832623735313739323261396462633431303561223b733a33323a223936373636346662386134353935346335373861636230306662373636663866223b733a33323a226231653831383635386166343338613561336366646331643931353432666464223b733a33323a223064306364643964633963343037613263653939616237653739336333373866223b733a33323a223663313366653031383866666566393831663139373465636562353662643736223b733a33323a223764323763336131396164386230353131376539323137313331613732323962223b733a33323a223465366463376361633732353131623835323962353333373830623433346263223b733a33323a223161653239303539636265303137323864303231326339613265363464633036223b733a33323a223262663933396534623337303733666536303861343062643662396230663536223b733a33323a226261373535343838353238666234613332336630356330653263326463323035223b733a33323a223436646365643131666662393136343436323365366232666566383739356230223b733a33323a223237396564316463343737326664373434373337313936316235313632633536223b733a33323a223965363761636231373335316439363963323930323032666434623331326134223b733a33323a226665333533636137303836396132643961346431626539393338646532616237223b733a33323a223362346436643266346163313639393565376430366163656339653337313438223b733a33323a223332393966366638346161663039323561376664386537383537326237626434223b733a33323a223464326266663836363839386265376563323166656630633731623165663331223b733a33323a226563616138376630653964343262646437373739313434316364326162393335223b733a33323a223430363033306633326362323833613432373438383962376364373537313732223b733a33323a223065643233326432356538646337353037366164393534386635393065396165223b733a33323a223965613332313434396566323863333931396265643737366537343934333366223b733a33323a226638636366303234616661636232663837633065666632373466346165303431223b733a33323a223365653934646332353164333235333562363365653564613135653635653566223b733a33323a226430663539343535316535353934656363313538343863613137323464383039223b733a33323a226537636135626330386331376263623962323965643865316632316130323464223b733a33323a226663353663373237363666663464633865343366316135373339363366653936223b733a33323a223034653063633264326663343334303665303464383161393465386437393039223b733a33323a226131386165623138623065303031656165373363613766616566626232623161223b733a33323a226139376438663837656236663436343139376135623565366464616132373863223b733a33323a223934396533623962393435616236323463333738326531623834666266316433223b733a33323a226330383838353963393832656266323131313532643163383435373062373966223b733a33323a226662646131636462346466373535623334653365643439613231363562353539223b733a33323a223530326338316531616565303038343266326136633633393839363338313739223b733a33323a223565333962346635623830616435663139653738626661653365396365333466223b733a33323a223839613465306333303135343163363562373438356633323637326163636535223b733a33323a226231373832346533353366636535326335393536643239396339376161303538223b733a33323a226165633932353333363737666131656637653631303864646638306131633561223b733a33323a223932393262393833656566643432376462616161326535303831653466376132223b733a33323a223338663133613135396536396234643839383361643138346537323965663761223b733a33323a226131323166386461666563363763323032666366346430336334626466303535223b733a33323a223662353562393164363033383466373235316631393232616530396539303830223b7d733a343a2268617368223b733a36353a2236623535623931643630333834663732353166313932326165303965393038302d6131323166386461666563363763323032666366346430336334626466303535223b7d733a343a22666c6167223b693a323b733a31333a226974657261746f72436c617373223b733a31333a2241727261794974657261746f72223b733a31393a2270726f74656374656450726f70657274696573223b613a343a7b693a303b733a373a2273746f72616765223b693a313b733a343a22666c6167223b693a323b733a31333a226974657261746f72436c617373223b693a333b733a31393a2270726f74656374656450726f70657274696573223b7d7d4c616d696e61735f56616c696461746f725f437372665f73616c745f636f6e6669726d666f726d5f637372667c4f3a32363a224c616d696e61735c5374646c69625c41727261794f626a656374223a343a7b733a373a2273746f72616765223b613a323a7b733a393a22746f6b656e4c697374223b613a333a7b733a33323a226637356663396538373763616436343334663132656638376538353466333937223b733a33323a226434613635363034316234313430623664303761643238336666656635323137223b733a33323a226331306332633363316330656534653834613266633531313734303531646164223b733a33323a226533383834356665356430373738366534343733653031333665363161653761223b733a33323a223564613666376436393433373864363164373862636238633864373933626632223b733a33323a226266643936386535376236633563633665393537366166386465626561633535223b7d733a343a2268617368223b733a36353a2262666439363865353762366335636336653935373661663864656265616335352d3564613666376436393433373864363164373862636238633864373933626632223b7d733a343a22666c6167223b693a323b733a31333a226974657261746f72436c617373223b733a31333a2241727261794974657261746f72223b733a31393a2270726f74656374656450726f70657274696573223b613a343a7b693a303b733a373a2273746f72616765223b693a313b733a343a22666c6167223b693a323b733a31333a226974657261746f72436c617373223b693a333b733a31393a2270726f74656374656450726f70657274696573223b7d7d, 1764632036),
('odve9o2u5ps06bnh12ebnobbl5', 0x5f5f4c616d696e61737c613a333a7b733a32303a225f524551554553545f4143434553535f54494d45223b643a313736323033363037392e3834363932363b733a363a225f56414c4944223b613a313a7b733a32383a224c616d696e61735c53657373696f6e5c56616c696461746f725c4964223b733a32363a226f647665396f32753570733036626e68313265626e6f62626c35223b7d733a34323a224c616d696e61735f56616c696461746f725f437372665f73616c745f6c6f67696e666f726d5f63737266223b613a313a7b733a363a22455850495245223b693a313736323037393238343b7d7d4c616d696e61735f56616c696461746f725f437372665f73616c745f6c6f67696e666f726d5f637372667c4f3a32363a224c616d696e61735c5374646c69625c41727261794f626a656374223a343a7b733a373a2273746f72616765223b613a323a7b733a393a22746f6b656e4c697374223b613a313a7b733a33323a223833313564656661653766326137653030343862373437636533336239636132223b733a33323a223733613061356266663136643839383834653636653535313633353230373036223b7d733a343a2268617368223b733a36353a2237336130613562666631366438393838346536366535353136333532303730362d3833313564656661653766326137653030343862373437636533336239636132223b7d733a343a22666c6167223b693a323b733a31333a226974657261746f72436c617373223b733a31333a2241727261794974657261746f72223b733a31393a2270726f74656374656450726f70657274696573223b613a343a7b693a303b733a373a2273746f72616765223b693a313b733a343a22666c6167223b693a323b733a31333a226974657261746f72436c617373223b693a333b733a31393a2270726f74656374656450726f70657274696573223b7d7d, 1762036086),
('og4duh8o7flcbt24u1u7vrfp2o', 0x5f5f4c616d696e61737c613a323a7b733a32303a225f524551554553545f4143434553535f54494d45223b643a313736333633333638322e3537393636313b733a363a225f56414c4944223b613a313a7b733a32383a224c616d696e61735c53657373696f6e5c56616c696461746f725c4964223b733a32363a226f6734647568386f37666c63627432347531753776726670326f223b7d7d72656469726563745f75726c7c733a35313a22687474703a2f2f6c6f63616c686f73742f6f6d6b5f544879705f32352d32365f636c6f6e652f6f6d656b612d732f61646d696e223b, 1763633683);
INSERT INTO `session` (`id`, `data`, `modified`) VALUES
('p9qjvrrf9ciiqo51kqcnrtbrvd', 0x5f5f4c616d696e61737c613a353a7b733a32303a225f524551554553545f4143434553535f54494d45223b643a313736323136333138312e33393539383b733a363a225f56414c4944223b613a313a7b733a32383a224c616d696e61735c53657373696f6e5c56616c696461746f725c4964223b733a32363a2271336d6a757473613864376772346e74623067696c6138706b71223b7d733a34323a224c616d696e61735f56616c696461746f725f437372665f73616c745f6c6f67696e666f726d5f63737266223b613a313a7b733a363a22455850495245223b693a313736323230313631333b7d733a33323a224c616d696e61735f56616c696461746f725f437372665f73616c745f63737266223b613a313a7b733a363a22455850495245223b693a313736323230363335393b7d733a34343a224c616d696e61735f56616c696461746f725f437372665f73616c745f636f6e6669726d666f726d5f63737266223b613a313a7b733a363a22455850495245223b693a313736323230363338323b7d7d4c616d696e61735f56616c696461746f725f437372665f73616c745f6c6f67696e666f726d5f637372667c4f3a32363a224c616d696e61735c5374646c69625c41727261794f626a656374223a343a7b733a373a2273746f72616765223b613a323a7b733a393a22746f6b656e4c697374223b613a313a7b733a33323a223034633133376231323832656230303664333634616366623462666538386261223b733a33323a223666376434313163393961663832623633353439383630353632343231336664223b7d733a343a2268617368223b733a36353a2236663764343131633939616638326236333534393836303536323432313366642d3034633133376231323832656230303664333634616366623462666538386261223b7d733a343a22666c6167223b693a323b733a31333a226974657261746f72436c617373223b733a31333a2241727261794974657261746f72223b733a31393a2270726f74656374656450726f70657274696573223b613a343a7b693a303b733a373a2273746f72616765223b693a313b733a343a22666c6167223b693a323b733a31333a226974657261746f72436c617373223b693a333b733a31393a2270726f74656374656450726f70657274696573223b7d7d4c616d696e61735f417574687c4f3a32363a224c616d696e61735c5374646c69625c41727261794f626a656374223a343a7b733a373a2273746f72616765223b613a313a7b733a373a2273746f72616765223b693a313b7d733a343a22666c6167223b693a323b733a31333a226974657261746f72436c617373223b733a31333a2241727261794974657261746f72223b733a31393a2270726f74656374656450726f70657274696573223b613a343a7b693a303b733a373a2273746f72616765223b693a313b733a343a22666c6167223b693a323b733a31333a226974657261746f72436c617373223b693a333b733a31393a2270726f74656374656450726f70657274696573223b7d7d4f6d656b614d657373656e6765727c4f3a32363a224c616d696e61735c5374646c69625c41727261794f626a656374223a343a7b733a373a2273746f72616765223b613a303a7b7d733a343a22666c6167223b693a323b733a31333a226974657261746f72436c617373223b733a31333a2241727261794974657261746f72223b733a31393a2270726f74656374656450726f70657274696573223b613a343a7b693a303b733a373a2273746f72616765223b693a313b733a343a22666c6167223b693a323b733a31333a226974657261746f72436c617373223b693a333b733a31393a2270726f74656374656450726f70657274696573223b7d7d72656469726563745f75726c7c4e3b4c616d696e61735f56616c696461746f725f437372665f73616c745f637372667c4f3a32363a224c616d696e61735c5374646c69625c41727261794f626a656374223a343a7b733a373a2273746f72616765223b613a323a7b733a393a22746f6b656e4c697374223b613a333a7b733a33323a226563303535393262646639393439376564303965633163303437396530613735223b733a33323a226365323265396233663366323835303565653932316538393738653337643166223b733a33323a223936613436313361323236626633383064383135353935326533363362313335223b733a33323a226232333732396431343965613863363262656438623761643864633333633538223b733a33323a223930323562356534383637643164666464633439303963333032343265303462223b733a33323a223735613265396634333164656230613966613936343831393564393866313335223b7d733a343a2268617368223b733a36353a2237356132653966343331646562306139666139363438313935643938663133352d3930323562356534383637643164666464633439303963333032343265303462223b7d733a343a22666c6167223b693a323b733a31333a226974657261746f72436c617373223b733a31333a2241727261794974657261746f72223b733a31393a2270726f74656374656450726f70657274696573223b613a343a7b693a303b733a373a2273746f72616765223b693a313b733a343a22666c6167223b693a323b733a31333a226974657261746f72436c617373223b693a333b733a31393a2270726f74656374656450726f70657274696573223b7d7d4c616d696e61735f56616c696461746f725f437372665f73616c745f636f6e6669726d666f726d5f637372667c4f3a32363a224c616d696e61735c5374646c69625c41727261794f626a656374223a343a7b733a373a2273746f72616765223b613a323a7b733a393a22746f6b656e4c697374223b613a363a7b733a33323a223731306630333733383264313866653464373933633766313031643638313636223b733a33323a226362353265303736663861393766613734383833313234626339396166663363223b733a33323a223338613633346337653030356637663363613461346631666136306362373430223b733a33323a223563663538336533333439306336616637396164653861363136663136316136223b733a33323a223037633930346332386133626135323639333432303537373364623334623639223b733a33323a226632356266633263303465333366646566326537623066643334386137386262223b733a33323a223830356631613038376137666636613266386638313461626434333237343836223b733a33323a223464633333623564343465333035303933303063373836373535616335363332223b733a33323a223461323837383430313239633532626436383732313565313866646136653933223b733a33323a226631363233393264646134303663376131623433616336343631623765623431223b733a33323a226337623937643866316335356534663435383662313436383265343331333337223b733a33323a223033386131633565346239633164623664623436393233633836373733313761223b7d733a343a2268617368223b733a36353a2230333861316335653462396331646236646234363932336338363737333137612d6337623937643866316335356534663435383662313436383265343331333337223b7d733a343a22666c6167223b693a323b733a31333a226974657261746f72436c617373223b733a31333a2241727261794974657261746f72223b733a31393a2270726f74656374656450726f70657274696573223b613a343a7b693a303b733a373a2273746f72616765223b693a313b733a343a22666c6167223b693a323b733a31333a226974657261746f72436c617373223b693a333b733a31393a2270726f74656374656450726f70657274696573223b7d7d, 1762163182),
('pndj999i92dthcp1d1fdp4bulc', 0x5f5f4c616d696e61737c613a333a7b733a32303a225f524551554553545f4143434553535f54494d45223b643a313736313634313135352e3735313734393b733a363a225f56414c4944223b613a313a7b733a32383a224c616d696e61735c53657373696f6e5c56616c696461746f725c4964223b733a32363a2237327465393464656533326e6535646b35326766753337756e6b223b7d733a34323a224c616d696e61735f56616c696461746f725f437372665f73616c745f6c6f67696e666f726d5f63737266223b613a313a7b733a363a22455850495245223b693a313736313638343335343b7d7d72656469726563745f75726c7c733a34323a22687474703a2f2f6c6f63616c686f73742f6f6d656b61532f6f6d656b612d732f61646d696e2f6974656d223b4c616d696e61735f56616c696461746f725f437372665f73616c745f6c6f67696e666f726d5f637372667c4f3a32363a224c616d696e61735c5374646c69625c41727261794f626a656374223a343a7b733a373a2273746f72616765223b613a323a7b733a393a22746f6b656e4c697374223b613a323a7b733a33323a223331343566386463663139336637336663636434343664636264363263373331223b733a33323a223364646336326439623665653534393962643064643663656237636466303130223b733a33323a226364376138346332396434666339613765343663303565396332376533653130223b733a33323a223332373936323432613131636539646538313163626339313562616431336136223b7d733a343a2268617368223b733a36353a2233323739363234326131316365396465383131636263393135626164313361362d6364376138346332396434666339613765343663303565396332376533653130223b7d733a343a22666c6167223b693a323b733a31333a226974657261746f72436c617373223b733a31333a2241727261794974657261746f72223b733a31393a2270726f74656374656450726f70657274696573223b613a343a7b693a303b733a373a2273746f72616765223b693a313b733a343a22666c6167223b693a323b733a31333a226974657261746f72436c617373223b693a333b733a31393a2270726f74656374656450726f70657274696573223b7d7d4f6d656b614d657373656e6765727c4f3a32363a224c616d696e61735c5374646c69625c41727261794f626a656374223a343a7b733a373a2273746f72616765223b613a313a7b733a383a226d65737361676573223b613a313a7b693a313b613a313a7b693a303b733a32323a225375636365737366756c6c79206c6f6767656420696e223b7d7d7d733a343a22666c6167223b693a323b733a31333a226974657261746f72436c617373223b733a31333a2241727261794974657261746f72223b733a31393a2270726f74656374656450726f70657274696573223b613a343a7b693a303b733a373a2273746f72616765223b693a313b733a343a22666c6167223b693a323b733a31333a226974657261746f72436c617373223b693a333b733a31393a2270726f74656374656450726f70657274696573223b7d7d4c616d696e61735f417574687c4f3a32363a224c616d696e61735c5374646c69625c41727261794f626a656374223a343a7b733a373a2273746f72616765223b613a313a7b733a373a2273746f72616765223b693a313b7d733a343a22666c6167223b693a323b733a31333a226974657261746f72436c617373223b733a31333a2241727261794974657261746f72223b733a31393a2270726f74656374656450726f70657274696573223b613a343a7b693a303b733a373a2273746f72616765223b693a313b733a343a22666c6167223b693a323b733a31333a226974657261746f72436c617373223b693a333b733a31393a2270726f74656374656450726f70657274696573223b7d7d, 1761641156),
('q31aimv6q5ssjca62htcc3i2dm', 0x5f5f4c616d696e61737c613a363a7b733a32303a225f524551554553545f4143434553535f54494d45223b643a313736313636333130342e3734393632363b733a363a225f56414c4944223b613a313a7b733a32383a224c616d696e61735c53657373696f6e5c56616c696461746f725c4964223b733a32363a22696e6a3469303365376a7670656d74323937753134396f357363223b7d733a34323a224c616d696e61735f56616c696461746f725f437372665f73616c745f6c6f67696e666f726d5f63737266223b613a313a7b733a363a22455850495245223b693a313736313639373135373b7d733a33323a224c616d696e61735f56616c696461746f725f437372665f73616c745f63737266223b613a313a7b733a363a22455850495245223b693a313736313730353632303b7d733a34343a224c616d696e61735f56616c696461746f725f437372665f73616c745f636f6e6669726d666f726d5f63737266223b613a313a7b733a363a22455850495245223b693a313736313730363330353b7d733a35333a224c616d696e61735f56616c696461746f725f437372665f73616c745f7265736f7572636574656d706c617465666f726d5f63737266223b613a313a7b733a363a22455850495245223b693a313736313730343530393b7d7d4c616d696e61735f56616c696461746f725f437372665f73616c745f6c6f67696e666f726d5f637372667c4f3a32363a224c616d696e61735c5374646c69625c41727261794f626a656374223a343a7b733a373a2273746f72616765223b613a323a7b733a393a22746f6b656e4c697374223b613a323a7b733a33323a226237656135346664386431373733636264666466346637636433623833356561223b733a33323a223632306461633232623266623730316561326638326636366236383863343166223b733a33323a223131383832613033326237663732373133343335346130346265353837623434223b733a33323a226630633636343939613232346330623833643961653739303132306539306136223b7d733a343a2268617368223b733a36353a2266306336363439396132323463306238336439616537393031323065393061362d3131383832613033326237663732373133343335346130346265353837623434223b7d733a343a22666c6167223b693a323b733a31333a226974657261746f72436c617373223b733a31333a2241727261794974657261746f72223b733a31393a2270726f74656374656450726f70657274696573223b613a343a7b693a303b733a373a2273746f72616765223b693a313b733a343a22666c6167223b693a323b733a31333a226974657261746f72436c617373223b693a333b733a31393a2270726f74656374656450726f70657274696573223b7d7d72656469726563745f75726c7c733a33373a22687474703a2f2f6c6f63616c686f73742f6f6d656b61532f6f6d656b612d732f61646d696e223b4c616d696e61735f417574687c4f3a32363a224c616d696e61735c5374646c69625c41727261794f626a656374223a343a7b733a373a2273746f72616765223b613a313a7b733a373a2273746f72616765223b693a313b7d733a343a22666c6167223b693a323b733a31333a226974657261746f72436c617373223b733a31333a2241727261794974657261746f72223b733a31393a2270726f74656374656450726f70657274696573223b613a343a7b693a303b733a373a2273746f72616765223b693a313b733a343a22666c6167223b693a323b733a31333a226974657261746f72436c617373223b693a333b733a31393a2270726f74656374656450726f70657274696573223b7d7d4f6d656b614d657373656e6765727c4f3a32363a224c616d696e61735c5374646c69625c41727261794f626a656374223a343a7b733a373a2273746f72616765223b613a303a7b7d733a343a22666c6167223b693a323b733a31333a226974657261746f72436c617373223b733a31333a2241727261794974657261746f72223b733a31393a2270726f74656374656450726f70657274696573223b613a343a7b693a303b733a373a2273746f72616765223b693a313b733a343a22666c6167223b693a323b733a31333a226974657261746f72436c617373223b693a333b733a31393a2270726f74656374656450726f70657274696573223b7d7d4c616d696e61735f56616c696461746f725f437372665f73616c745f637372667c4f3a32363a224c616d696e61735c5374646c69625c41727261794f626a656374223a343a7b733a373a2273746f72616765223b613a323a7b733a393a22746f6b656e4c697374223b613a393a7b733a33323a226131653037363236313437633138363237323231643532636663643363653963223b733a33323a223635386634666461393734663935663966396638303532653439646636343166223b733a33323a226336323562393337656538666263343538636637643231383336656661393530223b733a33323a223533393830363533336336323665313931376538663031326334333837313834223b733a33323a223036633633363537653634333465346462656234663464396230613630643331223b733a33323a223863393361353232343964623135613333653530373134363437666334363863223b733a33323a223064323438393066363563306235343237353666383031373639376139383331223b733a33323a226264393538373038316138326430336361333266646230386434636166623762223b733a33323a223338346133343565393661333765333239613133663864356339353265343038223b733a33323a223830383330633263333362356533643533386464653638386262326164653435223b733a33323a223135313233333939356263376562386638656431643535353335323633353230223b733a33323a223838353630386264323065316661613563343534376666663035393935303266223b733a33323a226333373538313332646339656537613166343465623762333064613963333732223b733a33323a223239636634306536656563333430663638333435643632663532353961633032223b733a33323a223633356534323163353731386362366364656564316336396130613038623139223b733a33323a223961663164343164393463393864666366373038356364666230356362636665223b733a33323a226534396264346436323836316666663434613235613330306162666330333235223b733a33323a226330373935663530393530623232373337333963663034383662623732643665223b7d733a343a2268617368223b733a36353a2263303739356635303935306232323733373339636630343836626237326436652d6534396264346436323836316666663434613235613330306162666330333235223b7d733a343a22666c6167223b693a323b733a31333a226974657261746f72436c617373223b733a31333a2241727261794974657261746f72223b733a31393a2270726f74656374656450726f70657274696573223b613a343a7b693a303b733a373a2273746f72616765223b693a313b733a343a22666c6167223b693a323b733a31333a226974657261746f72436c617373223b693a333b733a31393a2270726f74656374656450726f70657274696573223b7d7d4c616d696e61735f56616c696461746f725f437372665f73616c745f636f6e6669726d666f726d5f637372667c4f3a32363a224c616d696e61735c5374646c69625c41727261794f626a656374223a343a7b733a373a2273746f72616765223b613a323a7b733a393a22746f6b656e4c697374223b613a31373a7b733a33323a226562363033313032363633353265616562626365663936303465386130343632223b733a33323a223938366335613561323964323362666164333064383363363037386562303636223b733a33323a226163633762613236303337353334323230303466663537623933363533316263223b733a33323a226561646461373065376462316439393133396138303530343239613239333433223b733a33323a226164623464333136663361623863363633616164363634363265623131383436223b733a33323a223564343530326331313437633638306638633561393831613535616238383935223b733a33323a223664653263623565356530626331316133656236396538613364623934333835223b733a33323a226131633232373763376661346665363761383563383165313764626365316461223b733a33323a223038356162333135336665623736646132303038333861346130353565393538223b733a33323a226165616265393937383332303834303533393265643938646332643061366239223b733a33323a223030306338373732336136316339383330323336663337613230636461303932223b733a33323a226565336238663130366237316561613162376162643466386661633963646166223b733a33323a226430303265666662663637336239316331646462616633383834353562666336223b733a33323a226634363865313661333634376361616537313963363335336633626130383564223b733a33323a223233626262313930636535373261373064323933396333636265326130646237223b733a33323a223638656265636237613537623733323035613562336531383333343637656362223b733a33323a226438306662303636356634346535366334363732663762653031623634623166223b733a33323a223735333766343432623835343838333237366637633235656665323164333334223b733a33323a223562303536633532303736303033303763326130636133623963376330373139223b733a33323a226331613939643236663033643566316433636439666464336134393235303137223b733a33323a223533373662613630623736633737323437656438383764653933343462336532223b733a33323a226636363633636261333963663730656636396435633532643036636237623863223b733a33323a223735313136616466623532626165646437623562343463363331393530663962223b733a33323a223134306638646662343731666339393134383831346439643830646161326632223b733a33323a226563643138393732306637643764336566623630653237643835643038356239223b733a33323a223538333137366431633237386237633038616338626164306335383736656638223b733a33323a223237623736323330626233396163356437326639663632343663626363396532223b733a33323a226139393563653463383832353164323964646265363235666533643531316664223b733a33323a223163373862376332383639323566643163363662363132356630323833623131223b733a33323a223233393430303163353861373262323766383936373837643563666264363762223b733a33323a226535323661313039663631653966363630353430386238346164633738613136223b733a33323a226133373732626365626334333434643932313130353530613139643832646234223b733a33323a226532306538363935653662306137346163643938383666623639376466653636223b733a33323a226635396465666437313965633765666338363237353164393937306438306435223b7d733a343a2268617368223b733a36353a2266353964656664373139656337656663383632373531643939373064383064352d6532306538363935653662306137346163643938383666623639376466653636223b7d733a343a22666c6167223b693a323b733a31333a226974657261746f72436c617373223b733a31333a2241727261794974657261746f72223b733a31393a2270726f74656374656450726f70657274696573223b613a343a7b693a303b733a373a2273746f72616765223b693a313b733a343a22666c6167223b693a323b733a31333a226974657261746f72436c617373223b693a333b733a31393a2270726f74656374656450726f70657274696573223b7d7d4c616d696e61735f56616c696461746f725f437372665f73616c745f7265736f7572636574656d706c617465666f726d5f637372667c4f3a32363a224c616d696e61735c5374646c69625c41727261794f626a656374223a343a7b733a373a2273746f72616765223b613a323a7b733a393a22746f6b656e4c697374223b613a313a7b733a33323a223131376635383134633164636634653265653762643834373061633539316133223b733a33323a223634366265303161336161636363393934616162313565636362643734663964223b7d733a343a2268617368223b733a36353a2236343662653031613361616363633939346161623135656363626437346639642d3131376635383134633164636634653265653762643834373061633539316133223b7d733a343a22666c6167223b693a323b733a31333a226974657261746f72436c617373223b733a31333a2241727261794974657261746f72223b733a31393a2270726f74656374656450726f70657274696573223b613a343a7b693a303b733a373a2273746f72616765223b693a313b733a343a22666c6167223b693a323b733a31333a226974657261746f72436c617373223b693a333b733a31393a2270726f74656374656450726f70657274696573223b7d7d, 1761663105),
('qpqrir4lq7iiiqbnji0pkhpg52', 0x5f5f4c616d696e61737c613a353a7b733a32303a225f524551554553545f4143434553535f54494d45223b643a313736343533333438372e3139363431333b733a363a225f56414c4944223b613a313a7b733a32383a224c616d696e61735c53657373696f6e5c56616c696461746f725c4964223b733a32363a226a70636d746e6b68306e6b6635616c7434386e73683839686f30223b7d733a34323a224c616d696e61735f56616c696461746f725f437372665f73616c745f6c6f67696e666f726d5f63737266223b613a313a7b733a363a22455850495245223b693a313736343537333137333b7d733a33323a224c616d696e61735f56616c696461746f725f437372665f73616c745f63737266223b613a313a7b733a363a22455850495245223b693a313736343537363231353b7d733a34343a224c616d696e61735f56616c696461746f725f437372665f73616c745f636f6e6669726d666f726d5f63737266223b613a313a7b733a363a22455850495245223b693a313736343537353331323b7d7d72656469726563745f75726c7c733a35313a22687474703a2f2f6c6f63616c686f73742f6f6d6b5f544879705f32352d32365f636c6f6e652f6f6d656b612d732f61646d696e223b4c616d696e61735f56616c696461746f725f437372665f73616c745f6c6f67696e666f726d5f637372667c4f3a32363a224c616d696e61735c5374646c69625c41727261794f626a656374223a343a7b733a373a2273746f72616765223b613a323a7b733a393a22746f6b656e4c697374223b613a323a7b733a33323a223134643564363937343366386635666235383138393739323864323036393134223b733a33323a223635376136636433626330613938376365373561383337623237303639663337223b733a33323a226635386566376231643939373166343238616632303032373332323534646635223b733a33323a223832613164386633366133616435303437333235326137636565366434393438223b7d733a343a2268617368223b733a36353a2238326131643866333661336164353034373332353261376365653664343934382d6635386566376231643939373166343238616632303032373332323534646635223b7d733a343a22666c6167223b693a323b733a31333a226974657261746f72436c617373223b733a31333a2241727261794974657261746f72223b733a31393a2270726f74656374656450726f70657274696573223b613a343a7b693a303b733a373a2273746f72616765223b693a313b733a343a22666c6167223b693a323b733a31333a226974657261746f72436c617373223b693a333b733a31393a2270726f74656374656450726f70657274696573223b7d7d4c616d696e61735f417574687c4f3a32363a224c616d696e61735c5374646c69625c41727261794f626a656374223a343a7b733a373a2273746f72616765223b613a313a7b733a373a2273746f72616765223b693a313b7d733a343a22666c6167223b693a323b733a31333a226974657261746f72436c617373223b733a31333a2241727261794974657261746f72223b733a31393a2270726f74656374656450726f70657274696573223b613a343a7b693a303b733a373a2273746f72616765223b693a313b733a343a22666c6167223b693a323b733a31333a226974657261746f72436c617373223b693a333b733a31393a2270726f74656374656450726f70657274696573223b7d7d4f6d656b614d657373656e6765727c4f3a32363a224c616d696e61735c5374646c69625c41727261794f626a656374223a343a7b733a373a2273746f72616765223b613a303a7b7d733a343a22666c6167223b693a323b733a31333a226974657261746f72436c617373223b733a31333a2241727261794974657261746f72223b733a31393a2270726f74656374656450726f70657274696573223b613a343a7b693a303b733a373a2273746f72616765223b693a313b733a343a22666c6167223b693a323b733a31333a226974657261746f72436c617373223b693a333b733a31393a2270726f74656374656450726f70657274696573223b7d7d4c616d696e61735f56616c696461746f725f437372665f73616c745f637372667c4f3a32363a224c616d696e61735c5374646c69625c41727261794f626a656374223a343a7b733a373a2273746f72616765223b613a323a7b733a393a22746f6b656e4c697374223b613a33373a7b733a33323a223537326531393735303834623565643163313234636164366565313834616461223b733a33323a223034666134323833303034383961343561386165646232306436396638636263223b733a33323a226337336364643337373936356332666133383266396231643831623239636439223b733a33323a226161656162666663396233323734616137383261653865663765376138636137223b733a33323a223362363864313132383763623232333139653236613339303139363635326336223b733a33323a223531333631363461643365656436306263646166373635323264336536636438223b733a33323a226261313233616462396361366331356131393931653038633864346637303933223b733a33323a223239373537373533316333353461633331633431366361333136303965313033223b733a33323a226464633936326438633632353635616561373537636339306363313063353361223b733a33323a223234633535633233636235366462633263636562643438623062336438326262223b733a33323a223164663563633938333031396532656132356262333330633132396363623064223b733a33323a226336663536653663663064366437346465366435333832353835313964613839223b733a33323a226137666136623334356330646532663063313665653730646338623035613765223b733a33323a223164383435663364303332303834383437636632643530373563326663643765223b733a33323a226131386239336535636134303033363236303931636166373239366137616232223b733a33323a226433346139306564326461373965356264356339343365373662396636383664223b733a33323a226266656530343433353265396234313037376161613465653136313861333962223b733a33323a226565636535643136346532323732616235376433623666383261363466333838223b733a33323a223064643435396566306239376165376434333530366530613233343138356231223b733a33323a223565363263643762656166303262393539316338316261333030333733613866223b733a33323a223038626332306361323564613462326231383065356433333737396661656135223b733a33323a223237626561316330333038373135663935363763336332656434383239363631223b733a33323a223365326437386162363136303437353565646165666561643930353433333231223b733a33323a226239386565636266303632383038663034346137343730336362623161356635223b733a33323a226463316133393935356165313064643265646263656133376163663931656266223b733a33323a223934633732343564336534623561356134393063343330663337633063663066223b733a33323a223730613663316433303062316463643336326662326430343435343433376564223b733a33323a226531343030633335393839633563663761653536653832363436386539383038223b733a33323a223730643965383039346562316366626165616330366366303764396536653838223b733a33323a223866646131643864386438306161313231613531363262303634346666636634223b733a33323a223632393466373232306536643039633364356332306238333462316635383562223b733a33323a226533393436306662333763313230396231353036616136346562666365646164223b733a33323a226563373265313635316462386235366365613533306264666239306438376562223b733a33323a223733376532393862396230666263633764393466646164613237653361313262223b733a33323a226264663133313030663535303830313935623632643635646437313764383764223b733a33323a223834393062333731626262393366396631646330656630633836663738616366223b733a33323a223763643466326638336635386535373661653037333434393362633134383134223b733a33323a223437356233373235366331343666326261343738343566396162333965626336223b733a33323a226239623463383365323438353834663266306438316163313166343439393233223b733a33323a223061646339366134343462646563626366396530623538323466633165633830223b733a33323a226435613963623935383535363435323765643462366238323763663063636237223b733a33323a223030336663373232356530636262353637303836663737303738653736346334223b733a33323a223362373665363361366664333033363366383438666166363139393634653234223b733a33323a223733353835313636343733643665393836323732343464343865313838373839223b733a33323a223134643764613433306332613139353237353131353032646439353461303430223b733a33323a223939666566383938613665613965623364373139623831376335613937666263223b733a33323a226634323662353662623436373165383239316538306366613039363764336236223b733a33323a223030333466613934616534346265663636653165383366633335653634316438223b733a33323a223661376361626664316532336631303764636366333635396461353035376264223b733a33323a223138363562363137303435326134643438656430376235383137343432633562223b733a33323a223530316239323361373733616437363130613061653132653864303332373434223b733a33323a223065633536623364393733346465613865363961373362643866633566343834223b733a33323a223564323761383636343762656230623238633535363431613032316466386338223b733a33323a226435303337386139656136326666376438643363656332376638353931616334223b733a33323a223431316533386661363035326435336638336336663561613736633639313538223b733a33323a223432613530646161343036613563663035353163366365636539626465396361223b733a33323a226635633836383232343039653637326131353135356561373234323530303631223b733a33323a223930316639623835303566326635336139313434373538333934333431306639223b733a33323a223362313561653630623032663238346232643231353465376233653762363635223b733a33323a223634626539323731313635333937396664383138656366613931313139643531223b733a33323a223463643362363630373264613931643637326338363236333433313632366233223b733a33323a223630623264396361356561623964333434616365353537363237326633323837223b733a33323a223637396432623736366566666232653962366131393234303462326339366533223b733a33323a223564326131333633373530316362663161633937313031643738313735353961223b733a33323a223866363137356237313464623332613334623533316435613339353164656133223b733a33323a223131653136616231623930373436616335383737336265376465383362303333223b733a33323a223132626166616465383138323165306434343166643964393634356234343238223b733a33323a226266313930333139323038623435643039306636383131303832343233646332223b733a33323a223036323130346131613864643535333461353864613232316663343033643735223b733a33323a223036633330303536613331393834613239363262656462396434333231323531223b733a33323a223165383064383730616633633633653433363061396464663739316532313361223b733a33323a223930623261653766373938303165643730333335623865346132373663626337223b733a33323a226363316561616665393564336434303837666133656339353864646432363066223b733a33323a226562663336313464393433663139386335613932633362646330326532623638223b7d733a343a2268617368223b733a36353a2265626633363134643934336631393863356139326333626463303265326236382d6363316561616665393564336434303837666133656339353864646432363066223b7d733a343a22666c6167223b693a323b733a31333a226974657261746f72436c617373223b733a31333a2241727261794974657261746f72223b733a31393a2270726f74656374656450726f70657274696573223b613a343a7b693a303b733a373a2273746f72616765223b693a313b733a343a22666c6167223b693a323b733a31333a226974657261746f72436c617373223b693a333b733a31393a2270726f74656374656450726f70657274696573223b7d7d4c616d696e61735f56616c696461746f725f437372665f73616c745f636f6e6669726d666f726d5f637372667c4f3a32363a224c616d696e61735c5374646c69625c41727261794f626a656374223a343a7b733a373a2273746f72616765223b613a323a7b733a393a22746f6b656e4c697374223b613a313a7b733a33323a223630376434366466333233656163623730303431626633656138623039623365223b733a33323a223731626461616566663863326463656133366135316631366231306630383165223b7d733a343a2268617368223b733a36353a2237316264616165666638633264636561333661353166313662313066303831652d3630376434366466333233656163623730303431626633656138623039623365223b7d733a343a22666c6167223b693a323b733a31333a226974657261746f72436c617373223b733a31333a2241727261794974657261746f72223b733a31393a2270726f74656374656450726f70657274696573223b613a343a7b693a303b733a373a2273746f72616765223b693a313b733a343a22666c6167223b693a323b733a31333a226974657261746f72436c617373223b693a333b733a31393a2270726f74656374656450726f70657274696573223b7d7d, 1764533487),
('quk5pllr4nnnct3utchnblqm6l', 0x5f5f4c616d696e61737c613a333a7b733a32303a225f524551554553545f4143434553535f54494d45223b643a313736343236313034372e3039363538393b733a363a225f56414c4944223b613a313a7b733a32383a224c616d696e61735c53657373696f6e5c56616c696461746f725c4964223b733a32363a2271756b35706c6c72346e6e6e637433757463686e626c716d366c223b7d733a34323a224c616d696e61735f56616c696461746f725f437372665f73616c745f6c6f67696e666f726d5f63737266223b613a313a7b733a363a22455850495245223b693a313736343330343235303b7d7d4c616d696e61735f56616c696461746f725f437372665f73616c745f6c6f67696e666f726d5f637372667c4f3a32363a224c616d696e61735c5374646c69625c41727261794f626a656374223a343a7b733a373a2273746f72616765223b613a323a7b733a393a22746f6b656e4c697374223b613a313a7b733a33323a223733343331363466633339613338663966386538393263306234353866396438223b733a33323a226637313963383330306330653261393535336162333937376639626265366630223b7d733a343a2268617368223b733a36353a2266373139633833303063306532613935353361623339373766396262653666302d3733343331363466633339613338663966386538393263306234353866396438223b7d733a343a22666c6167223b693a323b733a31333a226974657261746f72436c617373223b733a31333a2241727261794974657261746f72223b733a31393a2270726f74656374656450726f70657274696573223b613a343a7b693a303b733a373a2273746f72616765223b693a313b733a343a22666c6167223b693a323b733a31333a226974657261746f72436c617373223b693a333b733a31393a2270726f74656374656450726f70657274696573223b7d7d, 1764261051),
('qvj84c04lbiho8np3u7okpcdab', 0x5f5f4c616d696e61737c613a323a7b733a32303a225f524551554553545f4143434553535f54494d45223b643a313736343630353236392e3831353135373b733a363a225f56414c4944223b613a313a7b733a32383a224c616d696e61735c53657373696f6e5c56616c696461746f725c4964223b733a32363a2271766a38346330346c6269686f386e703375376f6b7063646162223b7d7d72656469726563745f75726c7c733a35363a22687474703a2f2f6c6f63616c686f73742f6f6d6b5f544879705f32352d32365f636c6f6e652f6f6d656b612d732f61646d696e2f6974656d223b, 1764605270),
('siu1va7kahncek6ormgf4fcjc5', 0x5f5f4c616d696e61737c613a363a7b733a32303a225f524551554553545f4143434553535f54494d45223b643a313736323432383738332e3136343138343b733a363a225f56414c4944223b613a313a7b733a32383a224c616d696e61735c53657373696f6e5c56616c696461746f725c4964223b733a32363a2233396f76676d686b76717539743633626761633535316e366474223b7d733a34323a224c616d696e61735f56616c696461746f725f437372665f73616c745f6c6f67696e666f726d5f63737266223b613a313a7b733a363a22455850495245223b693a313736323436393732333b7d733a35333a224c616d696e61735f56616c696461746f725f437372665f73616c745f7265736f7572636574656d706c617465666f726d5f63737266223b613a313a7b733a363a22455850495245223b693a313736323437313236373b7d733a34343a224c616d696e61735f56616c696461746f725f437372665f73616c745f636f6e6669726d666f726d5f63737266223b613a313a7b733a363a22455850495245223b693a313736323437313938333b7d733a33323a224c616d696e61735f56616c696461746f725f437372665f73616c745f63737266223b613a313a7b733a363a22455850495245223b693a313736323437313938333b7d7d72656469726563745f75726c7c733a35313a22687474703a2f2f6c6f63616c686f73742f6f6d6b5f544879705f32352d32365f636c6f6e652f6f6d656b612d732f61646d696e223b4c616d696e61735f56616c696461746f725f437372665f73616c745f6c6f67696e666f726d5f637372667c4f3a32363a224c616d696e61735c5374646c69625c41727261794f626a656374223a343a7b733a373a2273746f72616765223b613a323a7b733a393a22746f6b656e4c697374223b613a323a7b733a33323a226365623030623539666135326564636534366133396538333763656134346266223b733a33323a223061393333613933343631646439323535393763313739613939656630346538223b733a33323a226163376531383262376163353031666530643262303264643063316431383131223b733a33323a223761636663626332336533376630616535643965343663636462643131353236223b7d733a343a2268617368223b733a36353a2237616366636263323365333766306165356439653436636364626431313532362d6163376531383262376163353031666530643262303264643063316431383131223b7d733a343a22666c6167223b693a323b733a31333a226974657261746f72436c617373223b733a31333a2241727261794974657261746f72223b733a31393a2270726f74656374656450726f70657274696573223b613a343a7b693a303b733a373a2273746f72616765223b693a313b733a343a22666c6167223b693a323b733a31333a226974657261746f72436c617373223b693a333b733a31393a2270726f74656374656450726f70657274696573223b7d7d4c616d696e61735f417574687c4f3a32363a224c616d696e61735c5374646c69625c41727261794f626a656374223a343a7b733a373a2273746f72616765223b613a313a7b733a373a2273746f72616765223b693a313b7d733a343a22666c6167223b693a323b733a31333a226974657261746f72436c617373223b733a31333a2241727261794974657261746f72223b733a31393a2270726f74656374656450726f70657274696573223b613a343a7b693a303b733a373a2273746f72616765223b693a313b733a343a22666c6167223b693a323b733a31333a226974657261746f72436c617373223b693a333b733a31393a2270726f74656374656450726f70657274696573223b7d7d4f6d656b614d657373656e6765727c4f3a32363a224c616d696e61735c5374646c69625c41727261794f626a656374223a343a7b733a373a2273746f72616765223b613a303a7b7d733a343a22666c6167223b693a323b733a31333a226974657261746f72436c617373223b733a31333a2241727261794974657261746f72223b733a31393a2270726f74656374656450726f70657274696573223b613a343a7b693a303b733a373a2273746f72616765223b693a313b733a343a22666c6167223b693a323b733a31333a226974657261746f72436c617373223b693a333b733a31393a2270726f74656374656450726f70657274696573223b7d7d4c616d696e61735f56616c696461746f725f437372665f73616c745f7265736f7572636574656d706c617465666f726d5f637372667c4f3a32363a224c616d696e61735c5374646c69625c41727261794f626a656374223a343a7b733a373a2273746f72616765223b613a323a7b733a393a22746f6b656e4c697374223b613a313a7b733a33323a223639646634393766633531383631636531633665306463333837346333313938223b733a33323a223266653334396239356539303265613032613834393836346339623032323665223b7d733a343a2268617368223b733a36353a2232666533343962393565393032656130326138343938363463396230323236652d3639646634393766633531383631636531633665306463333837346333313938223b7d733a343a22666c6167223b693a323b733a31333a226974657261746f72436c617373223b733a31333a2241727261794974657261746f72223b733a31393a2270726f74656374656450726f70657274696573223b613a343a7b693a303b733a373a2273746f72616765223b693a313b733a343a22666c6167223b693a323b733a31333a226974657261746f72436c617373223b693a333b733a31393a2270726f74656374656450726f70657274696573223b7d7d4c616d696e61735f56616c696461746f725f437372665f73616c745f636f6e6669726d666f726d5f637372667c4f3a32363a224c616d696e61735c5374646c69625c41727261794f626a656374223a343a7b733a373a2273746f72616765223b613a323a7b733a393a22746f6b656e4c697374223b613a32303a7b733a33323a223266633532663766326232343039393935636563353434323961326437336362223b733a33323a226636333166616531333962633536376237323362626264343736346136663263223b733a33323a226637353563643436663236306431376264343335663234666630653137373533223b733a33323a226632663935626433623233636237653836306434346531353163326332303233223b733a33323a226539316366316230313133666636663436353266623762663935643734326631223b733a33323a223931353835633231616334633962666239303966336561373430363966666130223b733a33323a226530363733653838653832366139343533396238356365376533656464303564223b733a33323a223133303237343632383863393333336265316231643236393565326437336539223b733a33323a223634663164636138653666363634373831366264343465383037633662633838223b733a33323a226463616438636430653034373365333632316136333365393936663666343639223b733a33323a223130353034343964663565663034623265326230343766306231633332323461223b733a33323a223030346161333835363266383832636162383036646562626139336262356433223b733a33323a226639373034336137663932333236633135633039373234346565636562666535223b733a33323a223338646232353335313237646131303364666134613966616332656433383065223b733a33323a226535623161336536313861363534616133633561376263333734386333376462223b733a33323a223630393361666461323632333363303266653732633635643334333263306261223b733a33323a223063393930303863643936393639303730616664653064323536366634343234223b733a33323a226238373139316532343233656631613938316464396234323961653731366631223b733a33323a226666383463633861626661366465643666653438343939373963306262663365223b733a33323a223630346431373739643063373337613138363238626265393336636236343835223b733a33323a223763626436313130366337303831613236323038373330353838633065393965223b733a33323a223535646362666163326430633135353332653631366639663038373231303861223b733a33323a226632363961303239363664306530303032336431643666653465336164383134223b733a33323a223538363561636161333735653263346236306137643736353937666430343233223b733a33323a223137336466363732623135356433356339373931613531653635643132353366223b733a33323a223836333838336131313731313831343062363531323261346334393531323066223b733a33323a223339343766303239303932303731653430666362366562383236303562656266223b733a33323a223661326664323231633038373533656235626439306332623561386236356361223b733a33323a223630666534326634386565663730656235386166623436343666623465663538223b733a33323a223061373934326564643831363934326635616563626566363365393839633932223b733a33323a223131323735613466623766316230393231653032663035383433303931346436223b733a33323a226134333163626539383932303437653736393336386265636134333962386639223b733a33323a223861353464646234336235386361386538373462376432343964653130643461223b733a33323a223230313434303035633666383162386239323664356231373061303330373330223b733a33323a226461393439393864396263383130326538623535636433316338643439333530223b733a33323a223465663534613462373134326232373530366166643335346231366336306534223b733a33323a223432343639633266363235323937303935373439333435653933303738383530223b733a33323a226530626463636562613765386362666130653331383739616537343237353132223b733a33323a226564626366633430343365303066396536326337326466666661623536336531223b733a33323a223866366137666462313136363066313333353130383665306534656263313539223b7d733a343a2268617368223b733a36353a2238663661376664623131363630663133333531303836653065346562633135392d6564626366633430343365303066396536326337326466666661623536336531223b7d733a343a22666c6167223b693a323b733a31333a226974657261746f72436c617373223b733a31333a2241727261794974657261746f72223b733a31393a2270726f74656374656450726f70657274696573223b613a343a7b693a303b733a373a2273746f72616765223b693a313b733a343a22666c6167223b693a323b733a31333a226974657261746f72436c617373223b693a333b733a31393a2270726f74656374656450726f70657274696573223b7d7d4c616d696e61735f56616c696461746f725f437372665f73616c745f637372667c4f3a32363a224c616d696e61735c5374646c69625c41727261794f626a656374223a343a7b733a373a2273746f72616765223b613a323a7b733a393a22746f6b656e4c697374223b613a353a7b733a33323a223964386461353764653935663638653962303234353736656437316663303336223b733a33323a223166663135663061333363396162396532363737393735363132653736373061223b733a33323a226461666565356134376139313838626162356161346235366132616364343031223b733a33323a226566393732333066333730646635333266646237386564373633633062373435223b733a33323a223137383037666163363836353839363035666334663565303035613665356132223b733a33323a223661383035373732663835356632333533373531323862633063653161613733223b733a33323a223133333232376233623166306663353735646566306461333032353764393935223b733a33323a223432623734393865383164306531393662626263653861313237613333616534223b733a33323a223532653736353365663239373861363031336566393431393537383366613462223b733a33323a226337356139623835646131376462383038333238333435663131626564663233223b7d733a343a2268617368223b733a36353a2263373561396238356461313764623830383332383334356631316265646632332d3532653736353365663239373861363031336566393431393537383366613462223b7d733a343a22666c6167223b693a323b733a31333a226974657261746f72436c617373223b733a31333a2241727261794974657261746f72223b733a31393a2270726f74656374656450726f70657274696573223b613a343a7b693a303b733a373a2273746f72616765223b693a313b733a343a22666c6167223b693a323b733a31333a226974657261746f72436c617373223b693a333b733a31393a2270726f74656374656450726f70657274696573223b7d7d, 1762428783),
('sjda9nllc5inuq4ndlfalbv647', 0x5f5f4c616d696e61737c613a333a7b733a32303a225f524551554553545f4143434553535f54494d45223b643a313736333633333638322e3537393634393b733a363a225f56414c4944223b613a313a7b733a32383a224c616d696e61735c53657373696f6e5c56616c696461746f725c4964223b733a32363a22736a6461396e6c6c6335696e7571346e646c66616c6276363437223b7d733a34323a224c616d696e61735f56616c696461746f725f437372665f73616c745f6c6f67696e666f726d5f63737266223b613a313a7b733a363a22455850495245223b693a313736333637363838363b7d7d4c616d696e61735f56616c696461746f725f437372665f73616c745f6c6f67696e666f726d5f637372667c4f3a32363a224c616d696e61735c5374646c69625c41727261794f626a656374223a343a7b733a373a2273746f72616765223b613a323a7b733a393a22746f6b656e4c697374223b613a313a7b733a33323a223136373733396463343566633861656534393733316136626435386332386230223b733a33323a223233336165626136653437663563616661366166303663346630346566623631223b7d733a343a2268617368223b733a36353a2232333361656261366534376635636166613661663036633466303465666236312d3136373733396463343566633861656534393733316136626435386332386230223b7d733a343a22666c6167223b693a323b733a31333a226974657261746f72436c617373223b733a31333a2241727261794974657261746f72223b733a31393a2270726f74656374656450726f70657274696573223b613a343a7b693a303b733a373a2273746f72616765223b693a313b733a343a22666c6167223b693a323b733a31333a226974657261746f72436c617373223b693a333b733a31393a2270726f74656374656450726f70657274696573223b7d7d, 1763633689);
INSERT INTO `session` (`id`, `data`, `modified`) VALUES
('sn50o6ivmb52kkqutniu4o2i4b', 0x5f5f4c616d696e61737c613a353a7b733a32303a225f524551554553545f4143434553535f54494d45223b643a313736333839393434392e3931303630373b733a363a225f56414c4944223b613a313a7b733a32383a224c616d696e61735c53657373696f6e5c56616c696461746f725c4964223b733a32363a226b6f69306a746176396a37336d66646f6e696537316b6f713162223b7d733a34323a224c616d696e61735f56616c696461746f725f437372665f73616c745f6c6f67696e666f726d5f63737266223b613a313a7b733a363a22455850495245223b693a313736333933393537343b7d733a34343a224c616d696e61735f56616c696461746f725f437372665f73616c745f636f6e6669726d666f726d5f63737266223b613a313a7b733a363a22455850495245223b693a313736333934323531303b7d733a33323a224c616d696e61735f56616c696461746f725f437372665f73616c745f63737266223b613a313a7b733a363a22455850495245223b693a313736333934323530373b7d7d72656469726563745f75726c7c733a35373a22687474703a2f2f6c6f63616c686f73742f6f6d6b5f544879705f32352d32365f636c6f6e652f6f6d656b612d732f61646d696e2f6173736574223b4c616d696e61735f56616c696461746f725f437372665f73616c745f6c6f67696e666f726d5f637372667c4f3a32363a224c616d696e61735c5374646c69625c41727261794f626a656374223a343a7b733a373a2273746f72616765223b613a323a7b733a393a22746f6b656e4c697374223b613a313a7b733a33323a223835393462346538633237363633376364356565356235366638616535623831223b733a33323a223665316162653430663438356237643339333465613933353862383533643363223b7d733a343a2268617368223b733a36353a2236653161626534306634383562376433393334656139333538623835336433632d3835393462346538633237363633376364356565356235366638616535623831223b7d733a343a22666c6167223b693a323b733a31333a226974657261746f72436c617373223b733a31333a2241727261794974657261746f72223b733a31393a2270726f74656374656450726f70657274696573223b613a343a7b693a303b733a373a2273746f72616765223b693a313b733a343a22666c6167223b693a323b733a31333a226974657261746f72436c617373223b693a333b733a31393a2270726f74656374656450726f70657274696573223b7d7d4c616d696e61735f417574687c4f3a32363a224c616d696e61735c5374646c69625c41727261794f626a656374223a343a7b733a373a2273746f72616765223b613a313a7b733a373a2273746f72616765223b693a313b7d733a343a22666c6167223b693a323b733a31333a226974657261746f72436c617373223b733a31333a2241727261794974657261746f72223b733a31393a2270726f74656374656450726f70657274696573223b613a343a7b693a303b733a373a2273746f72616765223b693a313b733a343a22666c6167223b693a323b733a31333a226974657261746f72436c617373223b693a333b733a31393a2270726f74656374656450726f70657274696573223b7d7d4f6d656b614d657373656e6765727c4f3a32363a224c616d696e61735c5374646c69625c41727261794f626a656374223a343a7b733a373a2273746f72616765223b613a303a7b7d733a343a22666c6167223b693a323b733a31333a226974657261746f72436c617373223b733a31333a2241727261794974657261746f72223b733a31393a2270726f74656374656450726f70657274696573223b613a343a7b693a303b733a373a2273746f72616765223b693a313b733a343a22666c6167223b693a323b733a31333a226974657261746f72436c617373223b693a333b733a31393a2270726f74656374656450726f70657274696573223b7d7d4c616d696e61735f56616c696461746f725f437372665f73616c745f636f6e6669726d666f726d5f637372667c4f3a32363a224c616d696e61735c5374646c69625c41727261794f626a656374223a343a7b733a373a2273746f72616765223b613a323a7b733a393a22746f6b656e4c697374223b613a32333a7b733a33323a223930613030366633343662663530616363343232353062383162373933633566223b733a33323a223762303566346139666234653737653762383662623938376432333966306266223b733a33323a226530303862623364666136653835313330393434666137663964666230323361223b733a33323a226439393836336362363761643132646637363332666563656466316230626634223b733a33323a223836383130613035353562363566373936653938356565626663336436333561223b733a33323a223439653434616662626432393935363236663130656534613736326631306637223b733a33323a223237643337396264633263646332376365626535313139383136323564383633223b733a33323a223930636530333165633064393936376635333934373530626638616535303564223b733a33323a223130363331356361663563363434356134323164623330306232323731336163223b733a33323a226561616464363834653331636433316133653030613831353563383633643366223b733a33323a223663386238343263623334653039373237343734336462313734656331643766223b733a33323a223962313532393035316532623635616535396461653239366464353366336536223b733a33323a223231656531343235643637626235333462643334656231343135356266613964223b733a33323a223439626538363737333738393437323864306536306464356239393865656632223b733a33323a223534376562393237646665326539393634306365393162386533383962613231223b733a33323a226537386265333664326435326635633461623739376366326263373562383631223b733a33323a226361316262333563633037366166343131373434643232303466326166393530223b733a33323a223138363031353738633532396437633530613062366565323865373839353932223b733a33323a223338663362373761343336333533633332636663636238363362336633376238223b733a33323a223535323939626433313838373662633531346533366164356239366162396465223b733a33323a223434646364616565663764363062383337663161613961393164626562653834223b733a33323a223537626634613761363536663365353832633063626562646562646536303531223b733a33323a223235323331643536323938363139346261343932393138613862633562656561223b733a33323a226134323237613766313764656331316634306161323939623734616533363265223b733a33323a226637336137656237366264346330393139643335306337366666363966356361223b733a33323a223532353335366165656530333563323862323931666136343435613262623466223b733a33323a226439336637353366353235643235313661643137616261356363663432333436223b733a33323a226231316434613165653165383833623339613765633163343138393731346139223b733a33323a226262623463633235313636666562663261303734343632333063316330323763223b733a33323a223434376136373739613737363736303034336232393730623539636664343132223b733a33323a223530373139303935626632336639343931373137653332643835393439303733223b733a33323a223766626564383261653361383033636661643566633635393633303238323830223b733a33323a223530653532363730303030666564633465316237366638663632306462343239223b733a33323a223434366632643663626163663465326630393735633464663863656432393133223b733a33323a226131393561386366356539363333346432643435366432643031633439353230223b733a33323a223139643564623764376230393037663238633062363565663062343138666335223b733a33323a223062303538356566303161373139643133326264396234366231393536663733223b733a33323a226562643230346564356366366131343231386361633738383535626265643733223b733a33323a223632643166346236316335343636643537366662396161313266336165366462223b733a33323a226531613039323936386234373736383733323765323731613330393333316262223b733a33323a226639366561346233616537623662623436646566623132613635386532363865223b733a33323a226132353163363261353038306133313631356434373866373637363037343833223b733a33323a226137643661313066323832356130346261323037323563353733643362343166223b733a33323a223639623863663363316432646630633039636664396666626536626336396162223b733a33323a223466616264353839393862336438336664643136663163666666363261656161223b733a33323a226134643962653333343136313538383437623932626133643862383335626361223b7d733a343a2268617368223b733a36353a2261346439626533333431363135383834376239326261336438623833356263612d3466616264353839393862336438336664643136663163666666363261656161223b7d733a343a22666c6167223b693a323b733a31333a226974657261746f72436c617373223b733a31333a2241727261794974657261746f72223b733a31393a2270726f74656374656450726f70657274696573223b613a343a7b693a303b733a373a2273746f72616765223b693a313b733a343a22666c6167223b693a323b733a31333a226974657261746f72436c617373223b693a333b733a31393a2270726f74656374656450726f70657274696573223b7d7d4c616d696e61735f56616c696461746f725f437372665f73616c745f637372667c4f3a32363a224c616d696e61735c5374646c69625c41727261794f626a656374223a343a7b733a373a2273746f72616765223b613a323a7b733a393a22746f6b656e4c697374223b613a313a7b733a33323a226465613435363065643236353538323139333863363033303766663735303935223b733a33323a223665346562633334626466326165393462646561346239346662313265386138223b7d733a343a2268617368223b733a36353a2236653465626333346264663261653934626465613462393466623132653861382d6465613435363065643236353538323139333863363033303766663735303935223b7d733a343a22666c6167223b693a323b733a31333a226974657261746f72436c617373223b733a31333a2241727261794974657261746f72223b733a31393a2270726f74656374656450726f70657274696573223b613a343a7b693a303b733a373a2273746f72616765223b693a313b733a343a22666c6167223b693a323b733a31333a226974657261746f72436c617373223b693a333b733a31393a2270726f74656374656450726f70657274696573223b7d7d, 1763899449),
('tpevt4ai3t6clh4v63iasogulg', 0x5f5f4c616d696e61737c613a323a7b733a32303a225f524551554553545f4143434553535f54494d45223b643a313736343538313431342e38333739353b733a363a225f56414c4944223b613a313a7b733a32383a224c616d696e61735c53657373696f6e5c56616c696461746f725c4964223b733a32363a227470657674346169337436636c68347636336961736f67756c67223b7d7d72656469726563745f75726c7c733a35383a22687474703a2f2f6c6f63616c686f73742f6f6d6b5f544879705f32352d32365f636c6f6e652f6f6d656b612d732f61646d696e2f6d6f64756c65223b, 1764581415),
('u1op6hnpkj0c9137fhbbbv85k0', 0x5f5f4c616d696e61737c613a343a7b733a32303a225f524551554553545f4143434553535f54494d45223b643a313736303731363838352e3339373934363b733a363a225f56414c4944223b613a313a7b733a32383a224c616d696e61735c53657373696f6e5c56616c696461746f725c4964223b733a32363a227338746a3262696a336a613731657231666d626c623371706172223b7d733a34323a224c616d696e61735f56616c696461746f725f437372665f73616c745f6c6f67696e666f726d5f63737266223b613a313a7b733a363a22455850495245223b693a313736303736303034373b7d733a33323a224c616d696e61735f56616c696461746f725f437372665f73616c745f63737266223b613a313a7b733a363a22455850495245223b693a313736303736303035393b7d7d4c616d696e61735f56616c696461746f725f437372665f73616c745f6c6f67696e666f726d5f637372667c4f3a32363a224c616d696e61735c5374646c69625c41727261794f626a656374223a343a7b733a373a2273746f72616765223b613a323a7b733a393a22746f6b656e4c697374223b613a313a7b733a33323a223132663932323966396364333964633861643834396132656364306535343832223b733a33323a223163623237396364353665663361306633636333363065353461636564646666223b7d733a343a2268617368223b733a36353a2231636232373963643536656633613066336363333630653534616365646466662d3132663932323966396364333964633861643834396132656364306535343832223b7d733a343a22666c6167223b693a323b733a31333a226974657261746f72436c617373223b733a31333a2241727261794974657261746f72223b733a31393a2270726f74656374656450726f70657274696573223b613a343a7b693a303b733a373a2273746f72616765223b693a313b733a343a22666c6167223b693a323b733a31333a226974657261746f72436c617373223b693a333b733a31393a2270726f74656374656450726f70657274696573223b7d7d4c616d696e61735f417574687c4f3a32363a224c616d696e61735c5374646c69625c41727261794f626a656374223a343a7b733a373a2273746f72616765223b613a313a7b733a373a2273746f72616765223b693a313b7d733a343a22666c6167223b693a323b733a31333a226974657261746f72436c617373223b733a31333a2241727261794974657261746f72223b733a31393a2270726f74656374656450726f70657274696573223b613a343a7b693a303b733a373a2273746f72616765223b693a313b733a343a22666c6167223b693a323b733a31333a226974657261746f72436c617373223b693a333b733a31393a2270726f74656374656450726f70657274696573223b7d7d4f6d656b614d657373656e6765727c4f3a32363a224c616d696e61735c5374646c69625c41727261794f626a656374223a343a7b733a373a2273746f72616765223b613a303a7b7d733a343a22666c6167223b693a323b733a31333a226974657261746f72436c617373223b733a31333a2241727261794974657261746f72223b733a31393a2270726f74656374656450726f70657274696573223b613a343a7b693a303b733a373a2273746f72616765223b693a313b733a343a22666c6167223b693a323b733a31333a226974657261746f72436c617373223b693a333b733a31393a2270726f74656374656450726f70657274696573223b7d7d72656469726563745f75726c7c4e3b4c616d696e61735f56616c696461746f725f437372665f73616c745f637372667c4f3a32363a224c616d696e61735c5374646c69625c41727261794f626a656374223a343a7b733a373a2273746f72616765223b613a323a7b733a393a22746f6b656e4c697374223b613a323a7b733a33323a223262356333343932343865313938326166366430333262396137633233303862223b733a33323a226639343130666661396239323835316562373566373336653631386631623434223b733a33323a223365663935363733653733646433346633363862636134623730366666666165223b733a33323a226635633961343061626262623136363131343465636630383235333832333231223b7d733a343a2268617368223b733a36353a2266356339613430616262626231363631313434656366303832353338323332312d3365663935363733653733646433346633363862636134623730366666666165223b7d733a343a22666c6167223b693a323b733a31333a226974657261746f72436c617373223b733a31333a2241727261794974657261746f72223b733a31393a2270726f74656374656450726f70657274696573223b613a343a7b693a303b733a373a2273746f72616765223b693a313b733a343a22666c6167223b693a323b733a31333a226974657261746f72436c617373223b693a333b733a31393a2270726f74656374656450726f70657274696573223b7d7d, 1760716885),
('um0mpocmd4176i3rblqa7kjh60', 0x5f5f4c616d696e61737c613a333a7b733a32303a225f524551554553545f4143434553535f54494d45223b643a313736343136383530322e3033343330373b733a363a225f56414c4944223b613a313a7b733a32383a224c616d696e61735c53657373696f6e5c56616c696461746f725c4964223b733a32363a22756d306d706f636d6434313736693372626c7161376b6a683630223b7d733a34323a224c616d696e61735f56616c696461746f725f437372665f73616c745f6c6f67696e666f726d5f63737266223b613a313a7b733a363a22455850495245223b693a313736343231313730363b7d7d4c616d696e61735f56616c696461746f725f437372665f73616c745f6c6f67696e666f726d5f637372667c4f3a32363a224c616d696e61735c5374646c69625c41727261794f626a656374223a343a7b733a373a2273746f72616765223b613a323a7b733a393a22746f6b656e4c697374223b613a313a7b733a33323a226465336466396637396138313131353462356162326631663365633238646163223b733a33323a226535626335366136343262353966613065356636326465346433626466323839223b7d733a343a2268617368223b733a36353a2265356263353661363432623539666130653566363264653464336264663238392d6465336466396637396138313131353462356162326631663365633238646163223b7d733a343a22666c6167223b693a323b733a31333a226974657261746f72436c617373223b733a31333a2241727261794974657261746f72223b733a31393a2270726f74656374656450726f70657274696573223b613a343a7b693a303b733a373a2273746f72616765223b693a313b733a343a22666c6167223b693a323b733a31333a226974657261746f72436c617373223b693a333b733a31393a2270726f74656374656450726f70657274696573223b7d7d, 1764168508);

-- --------------------------------------------------------

--
-- Structure de la table `setting`
--

DROP TABLE IF EXISTS `setting`;
CREATE TABLE IF NOT EXISTS `setting` (
  `id` varchar(190) CHARACTER SET utf8mb4 COLLATE utf8mb4_unicode_ci NOT NULL,
  `value` longtext CHARACTER SET utf8mb4 COLLATE utf8mb4_unicode_ci NOT NULL COMMENT '(DC2Type:json_array)',
  PRIMARY KEY (`id`)
) ENGINE=InnoDB DEFAULT CHARSET=utf8mb4 COLLATE=utf8mb4_unicode_ci;

--
-- Déchargement des données de la table `setting`
--

INSERT INTO `setting` (`id`, `value`) VALUES
('administrator_email', '\"boudriche.amrane@gmail.com\"'),
('cli.command', 'cmd /C\r\n'),
('cli.path', '\"C:\\\\wamp64\\\\bin\\\\php\\\\php7.4.33\\\\php.exe\"'),
('extension_whitelist', '[\"aac\",\"aif\",\"aiff\",\"asf\",\"asx\",\"avi\",\"bmp\",\"c\",\"cc\",\"class\",\"css\",\"divx\",\"doc\",\"docx\",\"exe\",\"gif\",\"gz\",\"gzip\",\"h\",\"ico\",\"j2k\",\"jp2\",\"jpe\",\"jpeg\",\"jpg\",\"m4a\",\"m4v\",\"mdb\",\"mid\",\"midi\",\"mov\",\"mp2\",\"mp3\",\"mp4\",\"mpa\",\"mpe\",\"mpeg\",\"mpg\",\"mpp\",\"odb\",\"odc\",\"odf\",\"odg\",\"odp\",\"ods\",\"odt\",\"ogg\",\"opus\",\"pdf\",\"png\",\"pot\",\"pps\",\"ppt\",\"pptx\",\"qt\",\"ra\",\"ram\",\"rtf\",\"rtx\",\"swf\",\"tar\",\"tif\",\"tiff\",\"txt\",\"wav\",\"wax\",\"webm\",\"webp\",\"wma\",\"wmv\",\"wmx\",\"wri\",\"xla\",\"xls\",\"xlsx\",\"xlt\",\"xlw\",\"zip\"]'),
('installation_title', '\"Pandor\\u00e9\"'),
('jobs.dispatcher', '\"Omeka\\\\Job\\\\Dispatcher\\\\PhpCli\"'),
('locale', '\"\"'),
('media_type_whitelist', '[\"application\\/msword\",\"application\\/ogg\",\"application\\/pdf\",\"application\\/rtf\",\"application\\/vnd.ms-access\",\"application\\/vnd.ms-excel\",\"application\\/vnd.ms-powerpoint\",\"application\\/vnd.ms-project\",\"application\\/vnd.ms-write\",\"application\\/vnd.oasis.opendocument.chart\",\"application\\/vnd.oasis.opendocument.database\",\"application\\/vnd.oasis.opendocument.formula\",\"application\\/vnd.oasis.opendocument.graphics\",\"application\\/vnd.oasis.opendocument.presentation\",\"application\\/vnd.oasis.opendocument.spreadsheet\",\"application\\/vnd.oasis.opendocument.text\",\"application\\/vnd.openxmlformats-officedocument.wordprocessingml.document\",\"application\\/vnd.openxmlformats-officedocument.presentationml.presentation\",\"application\\/vnd.openxmlformats-officedocument.spreadsheetml.sheet\",\"application\\/x-gzip\",\"application\\/x-ms-wmp\",\"application\\/x-msdownload\",\"application\\/x-shockwave-flash\",\"application\\/x-tar\",\"application\\/zip\",\"audio\\/midi\",\"audio\\/mp4\",\"audio\\/mpeg\",\"audio\\/ogg\",\"audio\\/x-aac\",\"audio\\/x-aiff\",\"audio\\/x-ms-wma\",\"audio\\/x-ms-wax\",\"audio\\/x-realaudio\",\"audio\\/x-wav\",\"image\\/bmp\",\"image\\/gif\",\"image\\/jp2\",\"image\\/jpeg\",\"image\\/pjpeg\",\"image\\/png\",\"image\\/tiff\",\"image\\/webp\",\"image\\/x-icon\",\"text\\/css\",\"text\\/plain\",\"text\\/richtext\",\"video\\/divx\",\"video\\/mp4\",\"video\\/mpeg\",\"video\\/ogg\",\"video\\/quicktime\",\"video\\/webm\",\"video\\/x-ms-asf,\",\"video\\/x-msvideo\",\"video\\/x-ms-wmv\"]'),
('pagination_per_page', '25'),
('time_zone', '\"UTC\"'),
('use_htmlpurifier', '\"1\"'),
('version', '\"4.1.1\"'),
('version_notifications', '\"1\"');

-- --------------------------------------------------------

--
-- Structure de la table `site`
--

DROP TABLE IF EXISTS `site`;
CREATE TABLE IF NOT EXISTS `site` (
  `id` int NOT NULL AUTO_INCREMENT,
  `thumbnail_id` int DEFAULT NULL,
  `homepage_id` int DEFAULT NULL,
  `owner_id` int DEFAULT NULL,
  `slug` varchar(190) CHARACTER SET utf8mb4 COLLATE utf8mb4_unicode_ci NOT NULL,
  `theme` varchar(190) CHARACTER SET utf8mb4 COLLATE utf8mb4_unicode_ci NOT NULL,
  `title` varchar(190) CHARACTER SET utf8mb4 COLLATE utf8mb4_unicode_ci NOT NULL,
  `summary` longtext CHARACTER SET utf8mb4 COLLATE utf8mb4_unicode_ci,
  `navigation` longtext CHARACTER SET utf8mb4 COLLATE utf8mb4_unicode_ci NOT NULL COMMENT '(DC2Type:json_array)',
  `item_pool` longtext CHARACTER SET utf8mb4 COLLATE utf8mb4_unicode_ci NOT NULL COMMENT '(DC2Type:json_array)',
  `created` datetime NOT NULL,
  `modified` datetime DEFAULT NULL,
  `is_public` tinyint(1) NOT NULL,
  `assign_new_items` tinyint(1) NOT NULL DEFAULT '0',
  PRIMARY KEY (`id`),
  UNIQUE KEY `UNIQ_694309E4989D9B62` (`slug`),
  UNIQUE KEY `UNIQ_694309E4571EDDA` (`homepage_id`),
  KEY `IDX_694309E4FDFF2E92` (`thumbnail_id`),
  KEY `IDX_694309E47E3C61F9` (`owner_id`)
) ENGINE=InnoDB DEFAULT CHARSET=utf8mb4 COLLATE=utf8mb4_unicode_ci;

-- --------------------------------------------------------

--
-- Structure de la table `site_block_attachment`
--

DROP TABLE IF EXISTS `site_block_attachment`;
CREATE TABLE IF NOT EXISTS `site_block_attachment` (
  `id` int NOT NULL AUTO_INCREMENT,
  `block_id` int NOT NULL,
  `item_id` int DEFAULT NULL,
  `media_id` int DEFAULT NULL,
  `caption` longtext CHARACTER SET utf8mb4 COLLATE utf8mb4_unicode_ci NOT NULL,
  `position` int NOT NULL,
  PRIMARY KEY (`id`),
  KEY `IDX_236473FEE9ED820C` (`block_id`),
  KEY `IDX_236473FE126F525E` (`item_id`),
  KEY `IDX_236473FEEA9FDD75` (`media_id`),
  KEY `block_position` (`block_id`,`position`)
) ENGINE=InnoDB DEFAULT CHARSET=utf8mb4 COLLATE=utf8mb4_unicode_ci;

-- --------------------------------------------------------

--
-- Structure de la table `site_item_set`
--

DROP TABLE IF EXISTS `site_item_set`;
CREATE TABLE IF NOT EXISTS `site_item_set` (
  `id` int NOT NULL AUTO_INCREMENT,
  `site_id` int NOT NULL,
  `item_set_id` int NOT NULL,
  `position` int DEFAULT NULL,
  PRIMARY KEY (`id`),
  UNIQUE KEY `UNIQ_D4CE134F6BD1646960278D7` (`site_id`,`item_set_id`),
  KEY `IDX_D4CE134F6BD1646` (`site_id`),
  KEY `IDX_D4CE134960278D7` (`item_set_id`),
  KEY `position` (`position`)
) ENGINE=InnoDB DEFAULT CHARSET=utf8mb4 COLLATE=utf8mb4_unicode_ci;

-- --------------------------------------------------------

--
-- Structure de la table `site_page`
--

DROP TABLE IF EXISTS `site_page`;
CREATE TABLE IF NOT EXISTS `site_page` (
  `id` int NOT NULL AUTO_INCREMENT,
  `site_id` int NOT NULL,
  `slug` varchar(190) CHARACTER SET utf8mb4 COLLATE utf8mb4_unicode_ci NOT NULL,
  `title` varchar(190) CHARACTER SET utf8mb4 COLLATE utf8mb4_unicode_ci NOT NULL,
  `is_public` tinyint(1) NOT NULL,
  `layout` varchar(255) CHARACTER SET utf8mb4 COLLATE utf8mb4_unicode_ci DEFAULT NULL,
  `layout_data` longtext CHARACTER SET utf8mb4 COLLATE utf8mb4_unicode_ci COMMENT '(DC2Type:json)',
  `created` datetime NOT NULL,
  `modified` datetime DEFAULT NULL,
  PRIMARY KEY (`id`),
  UNIQUE KEY `UNIQ_2F900BD9F6BD1646989D9B62` (`site_id`,`slug`),
  KEY `is_public` (`is_public`),
  KEY `IDX_2F900BD9F6BD1646` (`site_id`)
) ENGINE=InnoDB DEFAULT CHARSET=utf8mb4 COLLATE=utf8mb4_unicode_ci;

-- --------------------------------------------------------

--
-- Structure de la table `site_page_block`
--

DROP TABLE IF EXISTS `site_page_block`;
CREATE TABLE IF NOT EXISTS `site_page_block` (
  `id` int NOT NULL AUTO_INCREMENT,
  `page_id` int NOT NULL,
  `layout` varchar(80) CHARACTER SET utf8mb4 COLLATE utf8mb4_unicode_ci NOT NULL,
  `data` longtext CHARACTER SET utf8mb4 COLLATE utf8mb4_unicode_ci NOT NULL COMMENT '(DC2Type:json_array)',
  `layout_data` longtext CHARACTER SET utf8mb4 COLLATE utf8mb4_unicode_ci COMMENT '(DC2Type:json)',
  `position` int NOT NULL,
  PRIMARY KEY (`id`),
  KEY `IDX_C593E731C4663E4` (`page_id`),
  KEY `page_position` (`page_id`,`position`)
) ENGINE=InnoDB DEFAULT CHARSET=utf8mb4 COLLATE=utf8mb4_unicode_ci;

-- --------------------------------------------------------

--
-- Structure de la table `site_permission`
--

DROP TABLE IF EXISTS `site_permission`;
CREATE TABLE IF NOT EXISTS `site_permission` (
  `id` int NOT NULL AUTO_INCREMENT,
  `site_id` int NOT NULL,
  `user_id` int NOT NULL,
  `role` varchar(80) CHARACTER SET utf8mb4 COLLATE utf8mb4_unicode_ci NOT NULL,
  PRIMARY KEY (`id`),
  UNIQUE KEY `UNIQ_C0401D6FF6BD1646A76ED395` (`site_id`,`user_id`),
  KEY `IDX_C0401D6FF6BD1646` (`site_id`),
  KEY `IDX_C0401D6FA76ED395` (`user_id`)
) ENGINE=InnoDB DEFAULT CHARSET=utf8mb4 COLLATE=utf8mb4_unicode_ci;

-- --------------------------------------------------------

--
-- Structure de la table `site_setting`
--

DROP TABLE IF EXISTS `site_setting`;
CREATE TABLE IF NOT EXISTS `site_setting` (
  `id` varchar(190) CHARACTER SET utf8mb4 COLLATE utf8mb4_unicode_ci NOT NULL,
  `site_id` int NOT NULL,
  `value` longtext CHARACTER SET utf8mb4 COLLATE utf8mb4_unicode_ci NOT NULL COMMENT '(DC2Type:json_array)',
  PRIMARY KEY (`id`,`site_id`),
  KEY `IDX_64D05A53F6BD1646` (`site_id`)
) ENGINE=InnoDB DEFAULT CHARSET=utf8mb4 COLLATE=utf8mb4_unicode_ci;

-- --------------------------------------------------------

--
-- Structure de la table `user`
--

DROP TABLE IF EXISTS `user`;
CREATE TABLE IF NOT EXISTS `user` (
  `id` int NOT NULL AUTO_INCREMENT,
  `email` varchar(190) CHARACTER SET utf8mb4 COLLATE utf8mb4_unicode_ci NOT NULL,
  `name` varchar(190) CHARACTER SET utf8mb4 COLLATE utf8mb4_unicode_ci NOT NULL,
  `created` datetime NOT NULL,
  `modified` datetime DEFAULT NULL,
  `password_hash` varchar(60) CHARACTER SET utf8mb4 COLLATE utf8mb4_unicode_ci DEFAULT NULL,
  `role` varchar(190) CHARACTER SET utf8mb4 COLLATE utf8mb4_unicode_ci NOT NULL,
  `is_active` tinyint(1) NOT NULL,
  PRIMARY KEY (`id`),
  UNIQUE KEY `UNIQ_8D93D649E7927C74` (`email`)
) ENGINE=InnoDB AUTO_INCREMENT=3 DEFAULT CHARSET=utf8mb4 COLLATE=utf8mb4_unicode_ci;

--
-- Déchargement des données de la table `user`
--

INSERT INTO `user` (`id`, `email`, `name`, `created`, `modified`, `password_hash`, `role`, `is_active`) VALUES
(1, 'boudriche.amrane@gmail.com', 'omeka', '2025-10-05 14:58:54', '2025-10-05 14:58:55', '$2y$10$JfecX0tJalmns6jxHepnvuEulN/D.T0hYiwNuKnaWQcwBF2Bzs4j.', 'global_admin', 1),
(2, 'samuel.szoniecky@univ-paris8.fr', 'Samuel Szoniecky', '2025-10-21 07:15:40', '2025-10-21 07:16:40', '$2y$10$eaylOHLMeLEnDHu1YFeAsuKmZ1wszlJAd9n3gqSFm4adCGZ6.a0/G', 'global_admin', 1);

-- --------------------------------------------------------

--
-- Structure de la table `user_setting`
--

DROP TABLE IF EXISTS `user_setting`;
CREATE TABLE IF NOT EXISTS `user_setting` (
  `id` varchar(190) CHARACTER SET utf8mb4 COLLATE utf8mb4_unicode_ci NOT NULL,
  `user_id` int NOT NULL,
  `value` longtext CHARACTER SET utf8mb4 COLLATE utf8mb4_unicode_ci NOT NULL COMMENT '(DC2Type:json_array)',
  PRIMARY KEY (`id`,`user_id`),
  KEY `IDX_C779A692A76ED395` (`user_id`)
) ENGINE=InnoDB DEFAULT CHARSET=utf8mb4 COLLATE=utf8mb4_unicode_ci;

--
-- Déchargement des données de la table `user_setting`
--

INSERT INTO `user_setting` (`id`, `user_id`, `value`) VALUES
('browse_defaults_admin_item_sets', 1, '{\"sort_by\":\"created\",\"sort_order\":\"desc\"}'),
('browse_defaults_admin_item_sets', 2, '{\"sort_by\":\"created\",\"sort_order\":\"desc\"}'),
('browse_defaults_admin_items', 1, '{\"sort_by\":\"created\",\"sort_order\":\"desc\"}'),
('browse_defaults_admin_items', 2, '{\"sort_by\":\"created\",\"sort_order\":\"desc\"}'),
('browse_defaults_admin_media', 1, '{\"sort_by\":\"created\",\"sort_order\":\"desc\"}'),
('browse_defaults_admin_media', 2, '{\"sort_by\":\"created\",\"sort_order\":\"desc\"}'),
('browse_defaults_admin_sites', 1, '{\"sort_by\":\"title\",\"sort_order\":\"asc\"}'),
('browse_defaults_admin_sites', 2, '{\"sort_by\":\"title\",\"sort_order\":\"asc\"}'),
('columns_admin_item_sets', 1, '[{\"type\":\"resource_class\",\"default\":null,\"header\":null},{\"type\":\"owner\",\"default\":null,\"header\":null},{\"type\":\"created\",\"default\":null,\"header\":null}]'),
('columns_admin_item_sets', 2, '[{\"type\":\"resource_class\",\"default\":null,\"header\":null},{\"type\":\"owner\",\"default\":null,\"header\":null},{\"type\":\"created\",\"default\":null,\"header\":null}]'),
('columns_admin_items', 1, '[{\"type\":\"resource_class\",\"default\":null,\"header\":null},{\"type\":\"owner\",\"default\":null,\"header\":null},{\"type\":\"created\",\"default\":null,\"header\":null}]'),
('columns_admin_items', 2, '[{\"type\":\"resource_class\",\"default\":null,\"header\":null},{\"type\":\"owner\",\"default\":null,\"header\":null},{\"type\":\"created\",\"default\":null,\"header\":null}]'),
('columns_admin_media', 1, '[{\"type\":\"resource_class\",\"default\":null,\"header\":null},{\"type\":\"owner\",\"default\":null,\"header\":null},{\"type\":\"created\",\"default\":null,\"header\":null}]'),
('columns_admin_media', 2, '[{\"type\":\"resource_class\",\"default\":null,\"header\":null},{\"type\":\"owner\",\"default\":null,\"header\":null},{\"type\":\"created\",\"default\":null,\"header\":null}]'),
('columns_admin_sites', 1, '[{\"type\":\"slug\",\"default\":null,\"header\":null},{\"type\":\"owner\",\"default\":null,\"header\":null},{\"type\":\"created\",\"default\":null,\"header\":null}]'),
('columns_admin_sites', 2, '[{\"type\":\"slug\",\"default\":null,\"header\":null},{\"type\":\"owner\",\"default\":null,\"header\":null},{\"type\":\"created\",\"default\":null,\"header\":null}]'),
('csv_import_automap_check_names_alone', 1, 'true'),
('csv_import_delimiter', 1, '\";\"'),
('csv_import_enclosure', 1, '\"\\\"\"'),
('csv_import_global_language', 1, '\"\"'),
('csv_import_identifier_property', 1, '\"\"'),
('csv_import_multivalue_separator', 1, '\";\"'),
('csv_import_rows_by_batch', 1, '20'),
('default_resource_template', 1, '\"\"'),
('default_resource_template', 2, '\"\"'),
('locale', 1, '\"\"'),
('locale', 2, '\"\"');

-- --------------------------------------------------------

--
-- Structure de la table `value`
--

DROP TABLE IF EXISTS `value`;
CREATE TABLE IF NOT EXISTS `value` (
  `id` int NOT NULL AUTO_INCREMENT,
  `resource_id` int NOT NULL,
  `property_id` int NOT NULL,
  `value_resource_id` int DEFAULT NULL,
  `value_annotation_id` int DEFAULT NULL,
  `type` varchar(255) CHARACTER SET utf8mb4 COLLATE utf8mb4_unicode_ci NOT NULL,
  `lang` varchar(255) CHARACTER SET utf8mb4 COLLATE utf8mb4_unicode_ci DEFAULT NULL,
  `value` longtext CHARACTER SET utf8mb4 COLLATE utf8mb4_unicode_ci,
  `uri` longtext CHARACTER SET utf8mb4 COLLATE utf8mb4_unicode_ci,
  `is_public` tinyint(1) NOT NULL,
  PRIMARY KEY (`id`),
  UNIQUE KEY `UNIQ_1D7758349B66727E` (`value_annotation_id`),
  KEY `IDX_1D77583489329D25` (`resource_id`),
  KEY `IDX_1D775834549213EC` (`property_id`),
  KEY `IDX_1D7758344BC72506` (`value_resource_id`),
  KEY `value` (`value`(190)),
  KEY `uri` (`uri`(190)),
  KEY `is_public` (`is_public`)
) ENGINE=InnoDB AUTO_INCREMENT=90 DEFAULT CHARSET=utf8mb4 COLLATE=utf8mb4_unicode_ci;

--
-- Déchargement des données de la table `value`
--

INSERT INTO `value` (`id`, `resource_id`, `property_id`, `value_resource_id`, `value_annotation_id`, `type`, `lang`, `value`, `uri`, `is_public`) VALUES
(7, 24, 189, NULL, NULL, 'literal', NULL, 'John Lennon', NULL, 1),
(8, 25, 189, NULL, NULL, 'literal', NULL, 'Queen', NULL, 1),
(9, 26, 189, NULL, NULL, 'literal', NULL, 'Daft Punk', NULL, 1),
(10, 27, 189, NULL, NULL, 'literal', NULL, 'Adele', NULL, 1),
(11, 28, 189, NULL, NULL, 'literal', NULL, 'Coldplay', NULL, 1),
(12, 29, 194, NULL, NULL, 'literal', NULL, 'Imagine', NULL, 1),
(13, 29, 195, NULL, NULL, 'literal', NULL, '2025-10-16 10:00:00', NULL, 1),
(14, 29, 196, NULL, NULL, 'literal', NULL, 'Imagine', NULL, 1),
(15, 30, 194, NULL, NULL, 'literal', NULL, 'Queen', NULL, 1),
(16, 30, 195, NULL, NULL, 'literal', NULL, '2025-10-16 10:05:00', NULL, 1),
(17, 30, 196, NULL, NULL, 'literal', NULL, 'Bohemian Rhapsody', NULL, 1),
(18, 31, 194, NULL, NULL, 'literal', NULL, 'Daft Punk', NULL, 1),
(19, 31, 195, NULL, NULL, 'literal', NULL, '2025-10-16 10:10:00', NULL, 1),
(20, 31, 196, NULL, NULL, 'literal', NULL, 'One More Time', NULL, 1),
(21, 32, 194, NULL, NULL, 'literal', NULL, 'Adele', NULL, 1),
(22, 32, 195, NULL, NULL, 'literal', NULL, '2025-10-16 10:15:00', NULL, 1),
(23, 32, 196, NULL, NULL, 'literal', NULL, 'Hello', NULL, 1),
(24, 33, 194, NULL, NULL, 'literal', NULL, 'Coldplay', NULL, 1),
(25, 33, 195, NULL, NULL, 'literal', NULL, '2025-10-16 10:20:00', NULL, 1),
(26, 33, 196, NULL, NULL, 'literal', NULL, 'Yellow', NULL, 1),
(27, 34, 197, NULL, NULL, 'literal', NULL, 'Imagine', NULL, 1),
(28, 34, 198, NULL, NULL, 'literal', NULL, 'acceptée', NULL, 1),
(29, 35, 197, NULL, NULL, 'literal', NULL, 'Bohemian Rhapsody', NULL, 1),
(30, 35, 198, NULL, NULL, 'literal', NULL, 'ignorée', NULL, 1),
(31, 36, 197, NULL, NULL, 'literal', NULL, 'One More Time', NULL, 1),
(32, 36, 198, NULL, NULL, 'literal', NULL, 'acceptée', NULL, 1),
(33, 37, 197, NULL, NULL, 'literal', NULL, 'Hello', NULL, 1),
(34, 37, 198, NULL, NULL, 'literal', NULL, 'acceptée', NULL, 1),
(35, 38, 197, NULL, NULL, 'literal', NULL, 'Yellow', NULL, 1),
(36, 38, 198, NULL, NULL, 'literal', NULL, 'ignorée', NULL, 1),
(37, 39, 185, NULL, NULL, 'literal', NULL, 'Imagine', NULL, 1),
(38, 39, 186, NULL, NULL, 'literal', NULL, '1971', NULL, 1),
(39, 39, 187, NULL, NULL, 'literal', NULL, 'imagine.mp3', NULL, 1),
(40, 39, 188, NULL, NULL, 'literal', NULL, 'John Lennon', NULL, 1),
(41, 40, 185, NULL, NULL, 'literal', NULL, 'Bohemian Rhapsody', NULL, 1),
(42, 40, 186, NULL, NULL, 'literal', NULL, '1975', NULL, 1),
(43, 40, 187, NULL, NULL, 'literal', NULL, 'bohemian.mp3', NULL, 1),
(44, 40, 188, NULL, NULL, 'literal', NULL, 'Queen', NULL, 1),
(45, 41, 185, NULL, NULL, 'literal', NULL, 'One More Time', NULL, 1),
(46, 41, 186, NULL, NULL, 'literal', NULL, '2000', NULL, 1),
(47, 41, 187, NULL, NULL, 'literal', NULL, 'onemoretime.mp3', NULL, 1),
(48, 41, 188, NULL, NULL, 'literal', NULL, 'Daft Punk', NULL, 1),
(49, 42, 185, NULL, NULL, 'literal', NULL, 'Hello', NULL, 1),
(50, 42, 186, NULL, NULL, 'literal', NULL, '2015', NULL, 1),
(51, 42, 187, NULL, NULL, 'literal', NULL, 'hello.mp3', NULL, 1),
(52, 42, 188, NULL, NULL, 'literal', NULL, 'Adele', NULL, 1),
(53, 43, 185, NULL, NULL, 'literal', NULL, 'Yellow', NULL, 1),
(54, 43, 186, NULL, NULL, 'literal', NULL, '2000', NULL, 1),
(55, 43, 187, NULL, NULL, 'literal', NULL, 'yellow.mp3', NULL, 1),
(56, 43, 188, NULL, NULL, 'literal', NULL, 'Coldplay', NULL, 1),
(57, 44, 190, NULL, NULL, 'literal', NULL, 'Alice', NULL, 1),
(58, 44, 191, NULL, NULL, 'literal', NULL, 'alice@example.com', NULL, 1),
(59, 44, 192, NULL, NULL, 'literal', NULL, 'étudiant', NULL, 1),
(60, 45, 190, NULL, NULL, 'literal', NULL, 'Bob', NULL, 1),
(61, 45, 191, NULL, NULL, 'literal', NULL, 'bob@example.com', NULL, 1),
(62, 45, 192, NULL, NULL, 'literal', NULL, 'admin', NULL, 1),
(63, 46, 190, NULL, NULL, 'literal', NULL, 'Charlie', NULL, 1),
(64, 46, 191, NULL, NULL, 'literal', NULL, 'charlie@example.com', NULL, 1),
(65, 46, 192, NULL, NULL, 'literal', NULL, 'étudiant', NULL, 1);

-- --------------------------------------------------------

--
-- Structure de la table `value_annotation`
--

DROP TABLE IF EXISTS `value_annotation`;
CREATE TABLE IF NOT EXISTS `value_annotation` (
  `id` int NOT NULL,
  PRIMARY KEY (`id`)
) ENGINE=InnoDB DEFAULT CHARSET=utf8mb4 COLLATE=utf8mb4_unicode_ci;

-- --------------------------------------------------------

--
-- Structure de la table `vocabulary`
--

DROP TABLE IF EXISTS `vocabulary`;
CREATE TABLE IF NOT EXISTS `vocabulary` (
  `id` int NOT NULL AUTO_INCREMENT,
  `owner_id` int DEFAULT NULL,
  `namespace_uri` varchar(190) CHARACTER SET utf8mb4 COLLATE utf8mb4_unicode_ci NOT NULL,
  `prefix` varchar(190) CHARACTER SET utf8mb4 COLLATE utf8mb4_unicode_ci NOT NULL,
  `label` varchar(255) CHARACTER SET utf8mb4 COLLATE utf8mb4_unicode_ci NOT NULL,
  `comment` longtext CHARACTER SET utf8mb4 COLLATE utf8mb4_unicode_ci,
  PRIMARY KEY (`id`),
  UNIQUE KEY `UNIQ_9099C97B9B267FDF` (`namespace_uri`),
  UNIQUE KEY `UNIQ_9099C97B93B1868E` (`prefix`),
  KEY `IDX_9099C97B7E3C61F9` (`owner_id`)
) ENGINE=InnoDB AUTO_INCREMENT=6 DEFAULT CHARSET=utf8mb4 COLLATE=utf8mb4_unicode_ci;

--
-- Déchargement des données de la table `vocabulary`
--

INSERT INTO `vocabulary` (`id`, `owner_id`, `namespace_uri`, `prefix`, `label`, `comment`) VALUES
(1, NULL, 'http://purl.org/dc/terms/', 'dcterms', 'Dublin Core', 'Basic resource metadata (DCMI Metadata Terms)'),
(2, NULL, 'http://purl.org/dc/dcmitype/', 'dctype', 'Dublin Core Type', 'Basic resource types (DCMI Type Vocabulary)'),
(3, NULL, 'http://purl.org/ontology/bibo/', 'bibo', 'Bibliographic Ontology', 'Bibliographic metadata (BIBO)'),
(4, NULL, 'http://xmlns.com/foaf/0.1/', 'foaf', 'Friend of a Friend', 'Relationships between people and organizations (FOAF)'),
(5, 1, 'https://raw.githubusercontent.com/AmraneSB/Pandor-/main/assets/vocab#', 'pandore', 'Vocabulaire Pandoré', 'Vocabulaire RDF/Turtle du projet Pandoré — banque de musique en ligne avec recherche vocale et textuelle.');

--
-- Index pour les tables déchargées
--

--
-- Index pour la table `fulltext_search`
--
ALTER TABLE `fulltext_search` ADD FULLTEXT KEY `IDX_AA31FE4A2B36786B3B8BA7C7` (`title`,`text`);

--
-- Contraintes pour les tables déchargées
--

--
-- Contraintes pour la table `api_key`
--
ALTER TABLE `api_key`
  ADD CONSTRAINT `FK_C912ED9D7E3C61F9` FOREIGN KEY (`owner_id`) REFERENCES `user` (`id`);

--
-- Contraintes pour la table `asset`
--
ALTER TABLE `asset`
  ADD CONSTRAINT `FK_2AF5A5C7E3C61F9` FOREIGN KEY (`owner_id`) REFERENCES `user` (`id`) ON DELETE SET NULL;

--
-- Contraintes pour la table `csvimport_entity`
--
ALTER TABLE `csvimport_entity`
  ADD CONSTRAINT `FK_84D382F4BE04EA9` FOREIGN KEY (`job_id`) REFERENCES `job` (`id`);

--
-- Contraintes pour la table `csvimport_import`
--
ALTER TABLE `csvimport_import`
  ADD CONSTRAINT `FK_17B508814C276F75` FOREIGN KEY (`undo_job_id`) REFERENCES `job` (`id`),
  ADD CONSTRAINT `FK_17B50881BE04EA9` FOREIGN KEY (`job_id`) REFERENCES `job` (`id`);

--
-- Contraintes pour la table `fulltext_search`
--
ALTER TABLE `fulltext_search`
  ADD CONSTRAINT `FK_AA31FE4A7E3C61F9` FOREIGN KEY (`owner_id`) REFERENCES `user` (`id`) ON DELETE SET NULL;

--
-- Contraintes pour la table `item`
--
ALTER TABLE `item`
  ADD CONSTRAINT `FK_1F1B251EBF396750` FOREIGN KEY (`id`) REFERENCES `resource` (`id`) ON DELETE CASCADE,
  ADD CONSTRAINT `FK_1F1B251ECBE0B084` FOREIGN KEY (`primary_media_id`) REFERENCES `media` (`id`) ON DELETE SET NULL;

--
-- Contraintes pour la table `item_item_set`
--
ALTER TABLE `item_item_set`
  ADD CONSTRAINT `FK_6D0C9625126F525E` FOREIGN KEY (`item_id`) REFERENCES `item` (`id`) ON DELETE CASCADE,
  ADD CONSTRAINT `FK_6D0C9625960278D7` FOREIGN KEY (`item_set_id`) REFERENCES `item_set` (`id`) ON DELETE CASCADE;

--
-- Contraintes pour la table `item_set`
--
ALTER TABLE `item_set`
  ADD CONSTRAINT `FK_1015EEEBF396750` FOREIGN KEY (`id`) REFERENCES `resource` (`id`) ON DELETE CASCADE;

--
-- Contraintes pour la table `item_site`
--
ALTER TABLE `item_site`
  ADD CONSTRAINT `FK_A1734D1F126F525E` FOREIGN KEY (`item_id`) REFERENCES `item` (`id`) ON DELETE CASCADE,
  ADD CONSTRAINT `FK_A1734D1FF6BD1646` FOREIGN KEY (`site_id`) REFERENCES `site` (`id`) ON DELETE CASCADE;

--
-- Contraintes pour la table `job`
--
ALTER TABLE `job`
  ADD CONSTRAINT `FK_FBD8E0F87E3C61F9` FOREIGN KEY (`owner_id`) REFERENCES `user` (`id`) ON DELETE SET NULL;

--
-- Contraintes pour la table `media`
--
ALTER TABLE `media`
  ADD CONSTRAINT `FK_6A2CA10C126F525E` FOREIGN KEY (`item_id`) REFERENCES `item` (`id`),
  ADD CONSTRAINT `FK_6A2CA10CBF396750` FOREIGN KEY (`id`) REFERENCES `resource` (`id`) ON DELETE CASCADE;

--
-- Contraintes pour la table `password_creation`
--
ALTER TABLE `password_creation`
  ADD CONSTRAINT `FK_C77917B4A76ED395` FOREIGN KEY (`user_id`) REFERENCES `user` (`id`) ON DELETE CASCADE;

--
-- Contraintes pour la table `property`
--
ALTER TABLE `property`
  ADD CONSTRAINT `FK_8BF21CDE7E3C61F9` FOREIGN KEY (`owner_id`) REFERENCES `user` (`id`) ON DELETE SET NULL,
  ADD CONSTRAINT `FK_8BF21CDEAD0E05F6` FOREIGN KEY (`vocabulary_id`) REFERENCES `vocabulary` (`id`);

--
-- Contraintes pour la table `resource`
--
ALTER TABLE `resource`
  ADD CONSTRAINT `FK_BC91F41616131EA` FOREIGN KEY (`resource_template_id`) REFERENCES `resource_template` (`id`) ON DELETE SET NULL,
  ADD CONSTRAINT `FK_BC91F416448CC1BD` FOREIGN KEY (`resource_class_id`) REFERENCES `resource_class` (`id`) ON DELETE SET NULL,
  ADD CONSTRAINT `FK_BC91F4167E3C61F9` FOREIGN KEY (`owner_id`) REFERENCES `user` (`id`) ON DELETE SET NULL,
  ADD CONSTRAINT `FK_BC91F416FDFF2E92` FOREIGN KEY (`thumbnail_id`) REFERENCES `asset` (`id`) ON DELETE SET NULL;

--
-- Contraintes pour la table `resource_class`
--
ALTER TABLE `resource_class`
  ADD CONSTRAINT `FK_C6F063AD7E3C61F9` FOREIGN KEY (`owner_id`) REFERENCES `user` (`id`) ON DELETE SET NULL,
  ADD CONSTRAINT `FK_C6F063ADAD0E05F6` FOREIGN KEY (`vocabulary_id`) REFERENCES `vocabulary` (`id`);

--
-- Contraintes pour la table `resource_template`
--
ALTER TABLE `resource_template`
  ADD CONSTRAINT `FK_39ECD52E448CC1BD` FOREIGN KEY (`resource_class_id`) REFERENCES `resource_class` (`id`) ON DELETE SET NULL,
  ADD CONSTRAINT `FK_39ECD52E724734A3` FOREIGN KEY (`title_property_id`) REFERENCES `property` (`id`) ON DELETE SET NULL,
  ADD CONSTRAINT `FK_39ECD52E7E3C61F9` FOREIGN KEY (`owner_id`) REFERENCES `user` (`id`) ON DELETE SET NULL,
  ADD CONSTRAINT `FK_39ECD52EB84E0D1D` FOREIGN KEY (`description_property_id`) REFERENCES `property` (`id`) ON DELETE SET NULL;

--
-- Contraintes pour la table `resource_template_property`
--
ALTER TABLE `resource_template_property`
  ADD CONSTRAINT `FK_4689E2F116131EA` FOREIGN KEY (`resource_template_id`) REFERENCES `resource_template` (`id`),
  ADD CONSTRAINT `FK_4689E2F1549213EC` FOREIGN KEY (`property_id`) REFERENCES `property` (`id`) ON DELETE CASCADE;

--
-- Contraintes pour la table `site`
--
ALTER TABLE `site`
  ADD CONSTRAINT `FK_694309E4571EDDA` FOREIGN KEY (`homepage_id`) REFERENCES `site_page` (`id`) ON DELETE SET NULL,
  ADD CONSTRAINT `FK_694309E47E3C61F9` FOREIGN KEY (`owner_id`) REFERENCES `user` (`id`) ON DELETE SET NULL,
  ADD CONSTRAINT `FK_694309E4FDFF2E92` FOREIGN KEY (`thumbnail_id`) REFERENCES `asset` (`id`) ON DELETE SET NULL;

--
-- Contraintes pour la table `site_block_attachment`
--
ALTER TABLE `site_block_attachment`
  ADD CONSTRAINT `FK_236473FE126F525E` FOREIGN KEY (`item_id`) REFERENCES `item` (`id`) ON DELETE SET NULL,
  ADD CONSTRAINT `FK_236473FEE9ED820C` FOREIGN KEY (`block_id`) REFERENCES `site_page_block` (`id`),
  ADD CONSTRAINT `FK_236473FEEA9FDD75` FOREIGN KEY (`media_id`) REFERENCES `media` (`id`) ON DELETE SET NULL;

--
-- Contraintes pour la table `site_item_set`
--
ALTER TABLE `site_item_set`
  ADD CONSTRAINT `FK_D4CE134960278D7` FOREIGN KEY (`item_set_id`) REFERENCES `item_set` (`id`) ON DELETE CASCADE,
  ADD CONSTRAINT `FK_D4CE134F6BD1646` FOREIGN KEY (`site_id`) REFERENCES `site` (`id`) ON DELETE CASCADE;

--
-- Contraintes pour la table `site_page`
--
ALTER TABLE `site_page`
  ADD CONSTRAINT `FK_2F900BD9F6BD1646` FOREIGN KEY (`site_id`) REFERENCES `site` (`id`);

--
-- Contraintes pour la table `site_page_block`
--
ALTER TABLE `site_page_block`
  ADD CONSTRAINT `FK_C593E731C4663E4` FOREIGN KEY (`page_id`) REFERENCES `site_page` (`id`);

--
-- Contraintes pour la table `site_permission`
--
ALTER TABLE `site_permission`
  ADD CONSTRAINT `FK_C0401D6FA76ED395` FOREIGN KEY (`user_id`) REFERENCES `user` (`id`) ON DELETE CASCADE,
  ADD CONSTRAINT `FK_C0401D6FF6BD1646` FOREIGN KEY (`site_id`) REFERENCES `site` (`id`) ON DELETE CASCADE;

--
-- Contraintes pour la table `site_setting`
--
ALTER TABLE `site_setting`
  ADD CONSTRAINT `FK_64D05A53F6BD1646` FOREIGN KEY (`site_id`) REFERENCES `site` (`id`) ON DELETE CASCADE;

--
-- Contraintes pour la table `user_setting`
--
ALTER TABLE `user_setting`
  ADD CONSTRAINT `FK_C779A692A76ED395` FOREIGN KEY (`user_id`) REFERENCES `user` (`id`) ON DELETE CASCADE;

--
-- Contraintes pour la table `value`
--
ALTER TABLE `value`
  ADD CONSTRAINT `FK_1D7758344BC72506` FOREIGN KEY (`value_resource_id`) REFERENCES `resource` (`id`) ON DELETE CASCADE,
  ADD CONSTRAINT `FK_1D775834549213EC` FOREIGN KEY (`property_id`) REFERENCES `property` (`id`) ON DELETE CASCADE,
  ADD CONSTRAINT `FK_1D77583489329D25` FOREIGN KEY (`resource_id`) REFERENCES `resource` (`id`),
  ADD CONSTRAINT `FK_1D7758349B66727E` FOREIGN KEY (`value_annotation_id`) REFERENCES `value_annotation` (`id`) ON DELETE SET NULL;

--
-- Contraintes pour la table `value_annotation`
--
ALTER TABLE `value_annotation`
  ADD CONSTRAINT `FK_C03BA4EBF396750` FOREIGN KEY (`id`) REFERENCES `resource` (`id`) ON DELETE CASCADE;

--
-- Contraintes pour la table `vocabulary`
--
ALTER TABLE `vocabulary`
  ADD CONSTRAINT `FK_9099C97B7E3C61F9` FOREIGN KEY (`owner_id`) REFERENCES `user` (`id`) ON DELETE SET NULL;
COMMIT;

/*!40101 SET CHARACTER_SET_CLIENT=@OLD_CHARACTER_SET_CLIENT */;
/*!40101 SET CHARACTER_SET_RESULTS=@OLD_CHARACTER_SET_RESULTS */;
/*!40101 SET COLLATION_CONNECTION=@OLD_COLLATION_CONNECTION */;
